<?xml version="1.0" encoding="UTF-8"?>
<project-private xmlns="http://www.netbeans.org/ns/project-private/1">
    <editor-bookmarks xmlns="http://www.netbeans.org/ns/editor-bookmarks/1"/>
    <open-files xmlns="http://www.netbeans.org/ns/projectui-open-files/1">
        <file>file:/home/vbmacher/dev/case/ProMemo/src/promemo/StaticUtils.java</file>
        <file>file:/home/vbmacher/dev/case/ProMemo/src/promemo/data/TasksDB.java</file>
        <file>file:/home/vbmacher/dev/case/ProMemo/src/promemo/gui/MainWindow.java</file>
    </open-files>
</project-private>
