<?xml version="1.0" encoding="UTF-8"?>
<project-private xmlns="http://www.netbeans.org/ns/project-private/1">
    <editor-bookmarks xmlns="http://www.netbeans.org/ns/editor-bookmarks/1"/>
    <open-files xmlns="http://www.netbeans.org/ns/projectui-open-files/1">
        <file>file:/D:/dev/%23gpl/specific/DirectExecute/src/directexecute/Main.java</file>
        <file>file:/D:/dev/%23gpl/specific/DirectExecute/src/microcode/Microcode.java</file>
        <file>file:/D:/dev/%23gpl/specific/DirectExecute/src/directexecute/Environment.java</file>
    </open-files>
</project-private>
