<?xml version="1.0" encoding="UTF-8" standalone="no"?>
<!DOCTYPE properties SYSTEM "http://java.sun.com/dtd/properties.dtd">
<properties>
<comment/>
<entry key="presets.cpupart.profiler.settings.istrumentation.root.methods-9">proc8080.Cpu,getRegC,()S</entry>
<entry key="presets.cpupart.profiler.settings.istrumentation.root.methods-8">proc8080.Cpu,getRegB,()S</entry>
<entry key="presets.cpupart.profiler.settings.istrumentation.root.methods-7">proc8080.Cpu,getFR,()S</entry>
<entry key="presets.cpupart.profiler.settings.istrumentation.root.methods-6">proc8080.Cpu,getCPUFreq,()I</entry>
<entry key="presets.cpupart.profiler.settings.istrumentation.root.methods-5">proc8080.Cpu,getCPUClock,()I</entry>
<entry key="presets.cpupart.profiler.settings.istrumentation.root.methods-4">proc8080.Cpu,setCPUClock,(I)V</entry>
<entry key="presets.cpupart.profiler.settings.istrumentation.root.methods-3">proc8080.Cpu,&lt;init&gt;,()V</entry>
<entry key="presets.cpupart.profiler.settings.istrumentation.root.methods-2">proc8080.Cpu,evalStep,()I</entry>
<entry key="presets.cpupart.profiler.settings.istrumentation.root.methods-1">proc8080.Cpu,stepEmul,()Z</entry>
<entry key="presets.cpupart.profiler.settings.istrumentation.root.methods-29">proc8080.Cpu,setBreakpoint,(I)V</entry>
<entry key="presets.cpupart.profiler.settings.istrumentation.root.methods-28">proc8080.Cpu,Reset,(I)V</entry>
<entry key="presets.cpupart.profiler.settings.istrumentation.root.methods-0">proc8080.Cpu,runEmul,()V</entry>
<entry key="presets.cpupart.profiler.settings.istrumentation.root.methods-27">proc8080.Cpu,setFlag,(IZ)V</entry>
<entry key="presets.cpupart.profiler.settings.istrumentation.root.methods-26">proc8080.Cpu,getFlag,(I)Z</entry>
<entry key="presets.cpupart.profiler.settings.istrumentation.root.methods-25">proc8080.Cpu,setPC,(I)V</entry>
<entry key="presets.cpupart.profiler.settings.istrumentation.root.methods-24">proc8080.Cpu,getPC,()I</entry>
<entry key="presets.cpupart.profiler.settings.istrumentation.root.methods-23">proc8080.Cpu,setRegSP,(I)V</entry>
<entry key="presets.cpupart.profiler.settings.istrumentation.root.methods-22">proc8080.Cpu,setRegA,(S)V</entry>
<entry key="presets.cpupart.profiler.settings.istrumentation.root.methods-21">proc8080.Cpu,setRegL,(S)V</entry>
<entry key="presets.cpupart.profiler.settings.istrumentation.root.methods-20">proc8080.Cpu,setRegH,(S)V</entry>
<entry key="presets.cpupart.profiler.settings.instrumentation.root.methods.size">50</entry>
<entry key="presets.cpupart.profiler.settings.istrumentation.root.methods-19">proc8080.Cpu,setRegE,(S)V</entry>
<entry key="presets.cpupart.profiler.settings.istrumentation.root.methods-18">proc8080.Cpu,setRegD,(S)V</entry>
<entry key="presets.cpupart.profiler.settings.istrumentation.root.methods-49">proc8080.Cpu,fireCpuChangeStateEvent,(Lproc8080/Cpu$cpuChangeStateEvent;I)V</entry>
<entry key="presets.cpupart.profiler.settings.istrumentation.root.methods-17">proc8080.Cpu,setRegC,(S)V</entry>
<entry key="presets.cpupart.profiler.settings.istrumentation.root.methods-48">proc8080.Cpu,removeCpuChangeStateListener,(Lproc8080/Cpu$cpuChangeStateListener;)V</entry>
<entry key="presets.cpupart.profiler.settings.istrumentation.root.methods-16">proc8080.Cpu,setRegB,(S)V</entry>
<entry key="presets.cpupart.profiler.settings.istrumentation.root.methods-47">proc8080.Cpu,addCpuChangeStateListener,(Lproc8080/Cpu$cpuChangeStateListener;)V</entry>
<entry key="presets.cpupart.profiler.settings.istrumentation.root.methods-15">proc8080.Cpu,getRegSP,()I</entry>
<entry key="presets.cpupart.profiler.settings.istrumentation.root.methods-46">proc8080.Cpu,getCondFlag,(B)Z</entry>
<entry key="presets.cpupart.profiler.settings.istrumentation.root.methods-14">proc8080.Cpu,getRegA,()S</entry>
<entry key="presets.cpupart.profiler.settings.istrumentation.root.methods-45">proc8080.Cpu,setRPVal,(BSSZ)V</entry>
<entry key="presets.cpupart.profiler.settings.istrumentation.root.methods-13">proc8080.Cpu,getRegL,()S</entry>
<entry key="presets.cpupart.profiler.settings.istrumentation.root.methods-44">proc8080.Cpu,setRPVal,(BIZ)V</entry>
<entry key="presets.cpupart.profiler.settings.istrumentation.root.methods-12">proc8080.Cpu,getRegH,()S</entry>
<entry key="presets.cpupart.profiler.settings.istrumentation.root.methods-43">proc8080.Cpu,getRPVal,(BZ)I</entry>
<entry key="presets.cpupart.profiler.settings.istrumentation.root.methods-11">proc8080.Cpu,getRegE,()S</entry>
<entry key="presets.cpupart.profiler.settings.istrumentation.root.methods-42">proc8080.Cpu,setRegVal,(BS)V</entry>
<entry key="presets.cpupart.profiler.settings.istrumentation.root.methods-10">proc8080.Cpu,getRegD,()S</entry>
<entry key="presets.cpupart.profiler.settings.istrumentation.root.methods-41">proc8080.Cpu,getRegVal,(B)S</entry>
<entry key="presets.cpupart.profiler.settings.istrumentation.root.methods-40">proc8080.Cpu,sub3vals,(SS)V</entry>
<entry key="presets.cpupart.profiler.settings.istrumentation.root.methods-39">proc8080.Cpu,subFlags,(SS)S</entry>
<entry key="presets.cpupart.profiler.settings.istrumentation.root.methods-38">proc8080.Cpu,add3vals,(SS)V</entry>
<entry key="presets.cpupart.profiler.settings.istrumentation.root.methods-37">proc8080.Cpu,getReasonStopped,()Lproc8080/Cpu$rsnEnum;</entry>
<entry key="presets.cpupart.profiler.settings.istrumentation.root.methods-36">proc8080.Cpu,stopEmul,()V</entry>
<entry key="presets.cpupart.profiler.settings.istrumentation.root.methods-35">proc8080.Cpu,getStatesExecuted,()I</entry>
<entry key="presets.cpupart.profiler.settings.istrumentation.root.methods-34">proc8080.Cpu,getTheoreticalDuration,()F</entry>
<entry key="presets.cpupart.profiler.settings.istrumentation.root.methods-33">proc8080.Cpu,getTrueDuration,()F</entry>
<entry key="presets.cpupart.profiler.settings.istrumentation.root.methods-32">proc8080.Cpu,run,()V</entry>
<entry key="presets.cpupart.profiler.settings.istrumentation.root.methods-31">proc8080.Cpu,clearBreakpoint,(I)V</entry>
<entry key="presets.cpufragment.profiler.settings.fragment.selection">proc8080.Cpu,run,()V</entry>
<entry key="presets.cpupart.profiler.settings.istrumentation.root.methods-30">proc8080.Cpu,isBreakpoint,(I)Z</entry>
</properties>
