Rohovce,"[47.97740519, 17.41681062]","Štrkovec 441, 930 30 Rohovce, Slovakia",Dunajská Streda,"[48.01560745, 17.63158994]","Čigérska, 929 01 Dunajská Streda, Slovakia",30 mins,1772,24.7 km,24709
Šamorín,"[48.01975143, 17.31185836]","Jabloňová 758/2, 931 01 Šamorín, Slovakia",Dunajská Streda,"[48.01560745, 17.63158994]","Čigérska, 929 01 Dunajská Streda, Slovakia",30 mins,1829,27.1 km,27103
Štvrtok na Ostrove,"[48.101623, 17.34278156]","Horný diel 661, 930 40 Štvrtok na Ostrove, Slovakia",Dunajská Streda,"[48.01560745, 17.63158994]","Čigérska, 929 01 Dunajská Streda, Slovakia",31 mins,1837,26.5 km,26546
Topoľníky,"[47.96505735, 17.80790449]","Unnamed Road, 930 11 Topoľníky, Slovakia",Dunajská Streda,"[48.01560745, 17.63158994]","Čigérska, 929 01 Dunajská Streda, Slovakia",25 mins,1520,16.6 km,16558
Ňárad,"[47.83403747, 17.6251867]","Unnamed Road, 930 06 Ňárad, Slovakia",Dunajská Streda,"[48.01560745, 17.63158994]","Čigérska, 929 01 Dunajská Streda, Slovakia",32 mins,1941,24.9 km,24868
Trnávka,"[48.01683209, 17.40368046]","Trnávka 174, 930 32 Trnávka, Slovakia",Dunajská Streda,"[48.01560745, 17.63158994]","Čigérska, 929 01 Dunajská Streda, Slovakia",25 mins,1492,20.4 km,20417
Trstená na Ostrove,"[47.92020124, 17.50490709]","Trstená na Ostrove 31, 930 04 Trstená na Ostrove, Slovakia",Dunajská Streda,"[48.01560745, 17.63158994]","Čigérska, 929 01 Dunajská Streda, Slovakia",26 mins,1549,17.7 km,17733
Veľká Paka,"[48.04032996, 17.40086952]","Veľká Paka 248, 930 51 Veľká Paka, Slovakia",Dunajská Streda,"[48.01560745, 17.63158994]","Čigérska, 929 01 Dunajská Streda, Slovakia",26 mins,1542,21.3 km,21335
Veľké Blahovo,"[48.03905428, 17.59427672]","Unnamed Road, 930 01 Veľké Blahovo, Slovakia",Dunajská Streda,"[48.01560745, 17.63158994]","Čigérska, 929 01 Dunajská Streda, Slovakia",24 mins,1429,8.5 km,8527
Vojka nad Dunajom,"[47.95846942, 17.39857027]","Unnamed Road, 930 31 Vojka nad Dunajom, Slovakia",Dunajská Streda,"[48.01560745, 17.63158994]","Čigérska, 929 01 Dunajská Streda, Slovakia",42 mins,2511,35.8 km,35816
Vrakúň,"[47.92775467, 17.61117409]","Vrakúň 215, 930 25 Vrakúň, Slovakia",Dunajská Streda,"[48.01560745, 17.63158994]","Čigérska, 929 01 Dunajská Streda, Slovakia",19 mins,1118,11.7 km,11747
Vydrany,"[48.04383204, 17.62289676]","Unnamed Road, 930 16 Vydrany, Slovakia",Dunajská Streda,"[48.01560745, 17.63158994]","Čigérska, 929 01 Dunajská Streda, Slovakia",28 mins,1653,8.3 km,8288
Zlaté Klasy,"[48.13073589, 17.43760751]","Unnamed Road, 930 39 Zlaté Klasy, Slovakia",Dunajská Streda,"[48.01560745, 17.63158994]","Čigérska, 929 01 Dunajská Streda, Slovakia",33 mins,1961,26.5 km,26522
Bodíky,"[47.91170495, 17.46087672]","930 31 Bodíky, Slovakia",Dunajská Streda,"[48.01560745, 17.63158994]","Čigérska, 929 01 Dunajská Streda, Slovakia",36 mins,2183,30.1 km,30145
Bellova Ves,"[48.09214198, 17.5133444]","Bellova Ves 34, 930 52 Bellova Ves, Slovakia",Dunajská Streda,"[48.01560745, 17.63158994]","Čigérska, 929 01 Dunajská Streda, Slovakia",27 mins,1626,22.2 km,22225
Dunajský Klátov,"[48.02940198, 17.68954975]","507, 930 21 Dunajský Klátov, Slovakia",Dunajská Streda,"[48.01560745, 17.63158994]","Čigérska, 929 01 Dunajská Streda, Slovakia",10 mins,619,7.1 km,7111
Horné Mýto,"[48.01614949, 17.74085623]","Kamzíčia 18, 930 13 Horné Mýto, Slovakia",Dunajská Streda,"[48.01560745, 17.63158994]","Čigérska, 929 01 Dunajská Streda, Slovakia",17 mins,1049,14.0 km,13964
Trhová Hradská,"[47.9952064, 17.76590579]","1395, 930 13 Trhová Hradská, Slovakia",Dunajská Streda,"[48.01560745, 17.63158994]","Čigérska, 929 01 Dunajská Streda, Slovakia",16 mins,980,12.1 km,12079
Macov,"[48.02347649, 17.43309236]","Macov 32, 930 32 Macov, Slovakia",Dunajská Streda,"[48.01560745, 17.63158994]","Čigérska, 929 01 Dunajská Streda, Slovakia",24 mins,1431,18.9 km,18856
Mad,"[47.94814257, 17.66243995]","Mad 176, 930 14 Mad, Slovakia",Dunajská Streda,"[48.01560745, 17.63158994]","Čigérska, 929 01 Dunajská Streda, Slovakia",17 mins,1049,9.8 km,9797
