Nižný Skálnik,"[48.45982751, 19.98021932]","Unnamed Road, 980 52 Nižný Skálnik, Slovakia",Rimavská Sobota,"[48.37911671, 20.00957841]","Tomašovská 10-12, 979 01 Rimavská Sobota-Sobôtka, Slovakia",19 mins,1148,11.6 km,11579
Rimavské Zalužany,"[48.49789951, 19.93803597]","72, 980 53 Rimavské Zalužany, Slovakia",Rimavská Sobota,"[48.37911671, 20.00957841]","Tomašovská 10-12, 979 01 Rimavská Sobota-Sobôtka, Slovakia",16 mins,935,15.5 km,15457
Rakytník,"[48.39983232, 20.18213907]","Unnamed Road, 982 52 Kaloša, Slovakia",Rimavská Sobota,"[48.37911671, 20.00957841]","Tomašovská 10-12, 979 01 Rimavská Sobota-Sobôtka, Slovakia",21 mins,1232,17.7 km,17749
Gemerské Michalovce,"[48.43118705, 20.20288844]","Unnamed Road, 982 52 Gemerské Michalovce, Slovakia",Rimavská Sobota,"[48.37911671, 20.00957841]","Tomašovská 10-12, 979 01 Rimavská Sobota-Sobôtka, Slovakia",28 mins,1672,19.1 km,19122
Vyšné Valice,"[48.46506543, 20.17921732]","Unnamed Road, 982 52 Vyšné Valice, Slovakia",Rimavská Sobota,"[48.37911671, 20.00957841]","Tomašovská 10-12, 979 01 Rimavská Sobota-Sobôtka, Slovakia",37 mins,2238,31.6 km,31644
Dulovo,"[48.37368928, 20.1912644]","Dulovo 216, 980 21 Dulovo, Slovakia",Rimavská Sobota,"[48.37911671, 20.00957841]","Tomašovská 10-12, 979 01 Rimavská Sobota-Sobôtka, Slovakia",21 mins,1268,17.0 km,16965
Zacharovce,"[48.40775426, 20.05626305]","Zacharovce 39, 979 01 Zacharovce, Slovakia",Rimavská Sobota,"[48.37911671, 20.00957841]","Tomašovská 10-12, 979 01 Rimavská Sobota-Sobôtka, Slovakia",11 mins,686,7.0 km,7035
