Topoľčany,"[48.57665752, 18.16998407]","Malinová 37-39, 955 01 Topoľčany, Slovakia",Topoľčany,"[48.57665752, 18.16998407]","Malinová 37-39, 955 01 Topoľčany, Slovakia",1 min,0,1 m,0
Lipovník,"[48.57404386, 18.00898096]","956 01 Lipovník, Slovakia",Topoľčany,"[48.57665752, 18.16998407]","Malinová 37-39, 955 01 Topoľčany, Slovakia",19 mins,1112,14.7 km,14738
Ludanice,"[48.50588511, 18.10998833]","1706, 956 11 Ludanice, Slovakia",Topoľčany,"[48.57665752, 18.16998407]","Malinová 37-39, 955 01 Topoľčany, Slovakia",16 mins,944,10.8 km,10824
Lužany,"[48.51778914, 18.01066709]","Lužany 22, 956 07 Lužany, Slovakia",Topoľčany,"[48.57665752, 18.16998407]","Malinová 37-39, 955 01 Topoľčany, Slovakia",18 mins,1076,14.3 km,14318
Malé Ripňany,"[48.47661215, 17.97596804]","956 07 Malé Ripňany, Slovakia",Topoľčany,"[48.57665752, 18.16998407]","Malinová 37-39, 955 01 Topoľčany, Slovakia",25 mins,1486,21.6 km,21560
Nemečky,"[48.6783605, 18.11199043]","Nemečky 35, 956 22 Nemečky, Slovakia",Topoľčany,"[48.57665752, 18.16998407]","Malinová 37-39, 955 01 Topoľčany, Slovakia",22 mins,1296,15.2 km,15223
Nitrianska Blatnica,"[48.5621795, 17.9689169]","Nitrianska Blatnica 36, 956 05 Nitrianska Blatnica, Slovakia",Topoľčany,"[48.57665752, 18.16998407]","Malinová 37-39, 955 01 Topoľčany, Slovakia",22 mins,1331,18.2 km,18241
Nitrianska Streda,"[48.51055899, 18.20150831]","Unnamed Road, 956 17 Solčany, Slovakia",Topoľčany,"[48.57665752, 18.16998407]","Malinová 37-39, 955 01 Topoľčany, Slovakia",19 mins,1135,9.6 km,9648
Norovce,"[48.63334134, 18.17605374]","Norovce 115, 956 38 Norovce, Slovakia",Topoľčany,"[48.57665752, 18.16998407]","Malinová 37-39, 955 01 Topoľčany, Slovakia",17 mins,1044,12.5 km,12543
Oponice,"[48.45739742, 18.15012387]","956 14 Oponice, Slovakia",Topoľčany,"[48.57665752, 18.16998407]","Malinová 37-39, 955 01 Topoľčany, Slovakia",23 mins,1355,17.2 km,17209
Podhradie,"[48.67347972, 18.02963371]","Unnamed Road, 955 01 Podhradie, Slovakia",Topoľčany,"[48.57665752, 18.16998407]","Malinová 37-39, 955 01 Topoľčany, Slovakia",39 mins,2356,21.2 km,21167
Prašice,"[48.66021357, 18.09383524]","956 22 Prašice, Slovakia",Topoľčany,"[48.57665752, 18.16998407]","Malinová 37-39, 955 01 Topoľčany, Slovakia",18 mins,1088,13.2 km,13220
Preseľany,"[48.45270854, 18.08653445]","956 12 Preseľany, Slovakia",Topoľčany,"[48.57665752, 18.16998407]","Malinová 37-39, 955 01 Topoľčany, Slovakia",24 mins,1423,16.6 km,16587
Radošina,"[48.55466625, 17.92806389]","Piešťanská 14/21, 956 05 Radošina, Slovakia",Topoľčany,"[48.57665752, 18.16998407]","Malinová 37-39, 955 01 Topoľčany, Slovakia",26 mins,1568,21.8 km,21806
Rajčany,"[48.61520699, 18.23141386]","956 32 Rajčany, Slovakia",Topoľčany,"[48.57665752, 18.16998407]","Malinová 37-39, 955 01 Topoľčany, Slovakia",14 mins,860,9.5 km,9548
Solčany,"[48.52040437, 18.2255337]","Unnamed Road, 956 17 Solčany, Slovakia",Topoľčany,"[48.57665752, 18.16998407]","Malinová 37-39, 955 01 Topoľčany, Slovakia",19 mins,1141,9.6 km,9624
Súlovce,"[48.46417491, 18.17974547]","Súlovce 51, 956 14 Súlovce, Slovakia",Topoľčany,"[48.57665752, 18.16998407]","Malinová 37-39, 955 01 Topoľčany, Slovakia",25 mins,1507,18.3 km,18293
Šalgovce,"[48.53224147, 17.89337157]","956 06 Šalgovce, Slovakia",Topoľčany,"[48.57665752, 18.16998407]","Malinová 37-39, 955 01 Topoľčany, Slovakia",31 mins,1884,25.6 km,25612
Tesáre,"[48.60916709, 18.07215926]","Unnamed Road, 956 21 Tesáre, Slovakia",Topoľčany,"[48.57665752, 18.16998407]","Malinová 37-39, 955 01 Topoľčany, Slovakia",20 mins,1201,10.8 km,10802
Tvrdomestice,"[48.65086528, 18.13897541]","Unnamed Road, 956 22 Tvrdomestice, Slovakia",Topoľčany,"[48.57665752, 18.16998407]","Malinová 37-39, 955 01 Topoľčany, Slovakia",22 mins,1338,13.0 km,13032
