Rimavská Sobota,"[48.37911671, 20.00957841]","Tomašovská 10-12, 979 01 Rimavská Sobota-Sobôtka, Slovakia",Rimavská Sobota,"[48.37911671, 20.00957841]","Tomašovská 10-12, 979 01 Rimavská Sobota-Sobôtka, Slovakia",1 min,0,1 m,0
Babinec,"[48.51810083, 20.00283738]","980 26 Babinec, Slovakia",Rimavská Sobota,"[48.37911671, 20.00957841]","Tomašovská 10-12, 979 01 Rimavská Sobota-Sobôtka, Slovakia",25 mins,1507,19.9 km,19888
Barca,"[48.36796202, 20.23764725]","Unnamed Road, 982 51 Barca, Slovakia",Rimavská Sobota,"[48.37911671, 20.00957841]","Tomašovská 10-12, 979 01 Rimavská Sobota-Sobôtka, Slovakia",25 mins,1508,21.3 km,21312
Bátka,"[48.37117797, 20.15478925]","Unnamed Road, 980 21 Bátka, Slovakia",Rimavská Sobota,"[48.37911671, 20.00957841]","Tomašovská 10-12, 979 01 Rimavská Sobota-Sobôtka, Slovakia",20 mins,1172,15.0 km,14990
Belín,"[48.34078663, 20.10942819]","2771, 980 01 Belín, Slovakia",Rimavská Sobota,"[48.37911671, 20.00957841]","Tomašovská 10-12, 979 01 Rimavská Sobota-Sobôtka, Slovakia",16 mins,988,12.9 km,12887
Blhovce,"[48.27139352, 19.93767196]","980 32 Blhovce, Slovakia",Rimavská Sobota,"[48.37911671, 20.00957841]","Tomašovská 10-12, 979 01 Rimavská Sobota-Sobôtka, Slovakia",30 mins,1775,24.7 km,24684
Bottovo,"[48.31916058, 20.14525138]","980 41 Bottovo, Slovakia",Rimavská Sobota,"[48.37911671, 20.00957841]","Tomašovská 10-12, 979 01 Rimavská Sobota-Sobôtka, Slovakia",19 mins,1133,15.2 km,15234
Budikovany,"[48.48991415, 20.09204979]","2753, 980 23 Budikovany, Slovakia",Rimavská Sobota,"[48.37911671, 20.00957841]","Tomašovská 10-12, 979 01 Rimavská Sobota-Sobôtka, Slovakia",23 mins,1385,17.9 km,17940
Cakov,"[48.33404654, 20.21804034]","2799, 980 42 Cakov, Slovakia",Rimavská Sobota,"[48.37911671, 20.00957841]","Tomašovská 10-12, 979 01 Rimavská Sobota-Sobôtka, Slovakia",24 mins,1428,20.9 km,20914
Čerenčany,"[48.41080072, 19.99524658]","Sady 119, 979 01 Čerenčany, Slovakia",Rimavská Sobota,"[48.37911671, 20.00957841]","Tomašovská 10-12, 979 01 Rimavská Sobota-Sobôtka, Slovakia",9 mins,539,6.0 km,5959
Čierny Potok,"[48.30049124, 19.93780198]","980 31 Čierny Potok, Slovakia",Rimavská Sobota,"[48.37911671, 20.00957841]","Tomašovská 10-12, 979 01 Rimavská Sobota-Sobôtka, Slovakia",31 mins,1873,24.5 km,24512
Číž,"[48.31095009, 20.27219558]","Číž, Slovakia",Rimavská Sobota,"[48.37911671, 20.00957841]","Tomašovská 10-12, 979 01 Rimavská Sobota-Sobôtka, Slovakia",26 mins,1584,25.3 km,25270
Dolné Zahorany,"[48.35184057, 19.90685124]","985 42 Dolné Zahorany, Slovakia",Rimavská Sobota,"[48.37911671, 20.00957841]","Tomašovská 10-12, 979 01 Rimavská Sobota-Sobôtka, Slovakia",13 mins,808,11.9 km,11877
Dražice,"[48.43233191, 20.06101518]","2746, 980 23 Dražice, Slovakia",Rimavská Sobota,"[48.37911671, 20.00957841]","Tomašovská 10-12, 979 01 Rimavská Sobota-Sobôtka, Slovakia",13 mins,785,9.5 km,9524
Drienčany,"[48.48453992, 20.06665005]","980 23 Drienčany, Slovakia",Rimavská Sobota,"[48.37911671, 20.00957841]","Tomašovská 10-12, 979 01 Rimavská Sobota-Sobôtka, Slovakia",24 mins,1434,18.0 km,18036
Drňa,"[48.25188456, 20.12196052]","Unnamed Road, 980 03 Drňa, Slovakia",Rimavská Sobota,"[48.37911671, 20.00957841]","Tomašovská 10-12, 979 01 Rimavská Sobota-Sobôtka, Slovakia",26 mins,1545,19.4 km,19403
Dubno,"[48.19556311, 20.0061772]","980 35 Dubno, Slovakia",Rimavská Sobota,"[48.37911671, 20.00957841]","Tomašovská 10-12, 979 01 Rimavská Sobota-Sobôtka, Slovakia",40 mins,2376,34.0 km,33997
Dubovec,"[48.29392795, 20.14641025]","Unnamed Road, 980 41 Dubovec, Slovakia",Rimavská Sobota,"[48.37911671, 20.00957841]","Tomašovská 10-12, 979 01 Rimavská Sobota-Sobôtka, Slovakia",23 mins,1378,19.1 km,19115
Figa,"[48.40178157, 20.25039444]","2761, 982 51 Figa, Slovakia",Rimavská Sobota,"[48.37911671, 20.00957841]","Tomašovská 10-12, 979 01 Rimavská Sobota-Sobôtka, Slovakia",23 mins,1407,21.3 km,21287
Gemerček,"[48.32495283, 19.99762925]","2742, 980 31 Gemerček, Slovakia",Rimavská Sobota,"[48.37911671, 20.00957841]","Tomašovská 10-12, 979 01 Rimavská Sobota-Sobôtka, Slovakia",20 mins,1190,10.1 km,10069
