Turová,"[48.60283598, 19.05711717]","Turová 101, 962 34 Turová, Slovakia",Zvolen,"[48.54030062, 19.16449072]","Unnamed Road, 960 01 Zvolen, Slovakia",21 mins,1236,15.6 km,15615
Zvolenská Slatina,"[48.54387776, 19.24917189]","Unnamed Road, 962 01 Zvolenská Slatina, Slovakia",Zvolen,"[48.54030062, 19.16449072]","Unnamed Road, 960 01 Zvolen, Slovakia",21 mins,1283,14.8 km,14777
Železná Breznica,"[48.63591064, 19.00831746]","Unnamed Road, 962 34 Železná Breznica, Slovakia",Zvolen,"[48.54030062, 19.16449072]","Unnamed Road, 960 01 Zvolen, Slovakia",32 mins,1896,25.5 km,25477
Lukavica,"[48.64566776, 19.21139106]","Lukavická 1374/33, 962 31 Lukavica, Slovakia",Zvolen,"[48.54030062, 19.16449072]","Unnamed Road, 960 01 Zvolen, Slovakia",27 mins,1639,24.3 km,24277
Lieskovec,"[48.58392691, 19.19350973]","Hájik 2761/14, 962 21 Lieskovec, Slovakia",Zvolen,"[48.54030062, 19.16449072]","Unnamed Road, 960 01 Zvolen, Slovakia",15 mins,875,9.0 km,8951
Veľká Lúka,"[48.63087089, 19.17364457]","2450, 962 31 Sliač, Slovakia",Zvolen,"[48.54030062, 19.16449072]","Unnamed Road, 960 01 Zvolen, Slovakia",24 mins,1444,18.7 km,18722
