Poprad,"[49.06307432, 20.29532499]","Donská, 058 01 Poprad-Veľká, Slovakia",Poprad,"[49.06307432, 20.29532499]","Donská, 058 01 Poprad-Veľká, Slovakia",1 min,0,1 m,0
Batizovce,"[49.07887774, 20.18594553]","Jurkovičova 416/10, 059 35 Batizovce, Slovakia",Poprad,"[49.06307432, 20.29532499]","Donská, 058 01 Poprad-Veľká, Slovakia",15 mins,924,11.5 km,11549
Gánovce,"[49.02515481, 20.3135235]","Filická 4, 058 01 Gánovce-Filice, Slovakia",Poprad,"[49.06307432, 20.29532499]","Donská, 058 01 Poprad-Veľká, Slovakia",13 mins,779,7.7 km,7731
Gerlachov,"[49.09872545, 20.20771512]","Mlynská 40, 059 42 Gerlachov, Slovakia",Poprad,"[49.06307432, 20.29532499]","Donská, 058 01 Poprad-Veľká, Slovakia",17 mins,1046,14.3 km,14308
Hôrka,"[49.0241082, 20.38913136]","Hôrka 337, 059 12 Hôrka, Slovakia",Poprad,"[49.06307432, 20.29532499]","Donská, 058 01 Poprad-Veľká, Slovakia",14 mins,842,10.3 km,10313
Hozelec,"[49.02790378, 20.34046165]","Hozelec, 059 11 Hozelec, Slovakia",Poprad,"[49.06307432, 20.29532499]","Donská, 058 01 Poprad-Veľká, Slovakia",11 mins,671,7.1 km,7100
Hranovnica,"[48.97474622, 20.29059043]","66, 059 16 Hranovnica, Slovakia",Poprad,"[49.06307432, 20.29532499]","Donská, 058 01 Poprad-Veľká, Slovakia",16 mins,962,13.1 km,13090
Jánovce,"[49.02057177, 20.43042264]","Jánovce 175, 059 13 Jánovce, Slovakia",Poprad,"[49.06307432, 20.29532499]","Donská, 058 01 Poprad-Veľká, Slovakia",17 mins,1032,13.6 km,13636
Kravany,"[48.97207224, 20.19106583]","Unnamed Road, 059 18 Vikartovce, Slovakia",Poprad,"[49.06307432, 20.29532499]","Donská, 058 01 Poprad-Veľká, Slovakia",28 mins,1650,16.1 km,16125
Liptovská Teplička,"[48.95025904, 20.06805279]","Unnamed Road, 059 40 Liptovská Teplička, Slovakia",Poprad,"[49.06307432, 20.29532499]","Donská, 058 01 Poprad-Veľká, Slovakia",38 mins,2288,27.3 km,27319
Lučivná,"[49.05001607, 20.14218218]","Lučivná 15, 059 31 Lučivná, Slovakia",Poprad,"[49.06307432, 20.29532499]","Donská, 058 01 Poprad-Veľká, Slovakia",16 mins,959,15.1 km,15052
Mengusovce,"[49.07700236, 20.12579081]","Unnamed Road, 059 36 Mengusovce, Slovakia",Poprad,"[49.06307432, 20.29532499]","Donská, 058 01 Poprad-Veľká, Slovakia",17 mins,997,15.0 km,14980
Mlynica,"[49.10651279, 20.30172687]","059 91 Mlynica, Slovakia",Poprad,"[49.06307432, 20.29532499]","Donská, 058 01 Poprad-Veľká, Slovakia",13 mins,805,8.1 km,8122
Nová Lesná,"[49.12628127, 20.26436188]","Sadová 127, 059 86 Nová Lesná, Slovakia",Poprad,"[49.06307432, 20.29532499]","Donská, 058 01 Poprad-Veľká, Slovakia",14 mins,832,8.9 km,8891
Spišská Teplica,"[49.03536905, 20.21470823]","Unnamed Road, 059 34 Spišská Teplica, Slovakia",Poprad,"[49.06307432, 20.29532499]","Donská, 058 01 Poprad-Veľká, Slovakia",34 mins,2020,17.9 km,17902
Spišské Bystré,"[48.97697233, 20.2345989]","059 18 Spišské Bystré, Slovakia",Poprad,"[49.06307432, 20.29532499]","Donská, 058 01 Poprad-Veľká, Slovakia",19 mins,1122,12.8 km,12778
Spišský Štiavnik,"[48.98770928, 20.35180075]","Unnamed Road, 059 14 Spišský Štiavnik, Slovakia",Poprad,"[49.06307432, 20.29532499]","Donská, 058 01 Poprad-Veľká, Slovakia",19 mins,1147,14.9 km,14852
Svit,"[49.05928052, 20.19612657]","Hlavná 31-33, 059 21 Svit, Slovakia",Poprad,"[49.06307432, 20.29532499]","Donská, 058 01 Poprad-Veľká, Slovakia",10 mins,623,8.7 km,8695
Štrba,"[49.08170024, 20.05568025]","Štrba, Slovakia",Poprad,"[49.06307432, 20.29532499]","Donská, 058 01 Poprad-Veľká, Slovakia",19 mins,1148,19.6 km,19632
Švábovce,"[49.02921832, 20.36114859]","Švábovce 29, 059 12 Švábovce, Slovakia",Poprad,"[49.06307432, 20.29532499]","Donská, 058 01 Poprad-Veľká, Slovakia",13 mins,757,8.4 km,8402
