Stará Ľubovňa,"[49.3156562, 20.69399573]","Zámocká 765/107, 064 01 Stará Ľubovňa, Slovakia",Stará Ľubovňa,"[49.3156562, 20.69399573]","Zámocká 765/107, 064 01 Stará Ľubovňa, Slovakia",1 min,0,1 m,0
Čirč,"[49.27453183, 20.94448289]","Unnamed Road, 065 42 Čirč, Slovakia",Stará Ľubovňa,"[49.3156562, 20.69399573]","Zámocká 765/107, 064 01 Stará Ľubovňa, Slovakia",29 mins,1744,28.5 km,28458
Ďurková,"[49.24039293, 20.85741281]","Ďurková 60, 065 41 Ďurková, Slovakia",Stará Ľubovňa,"[49.3156562, 20.69399573]","Zámocká 765/107, 064 01 Stará Ľubovňa, Slovakia",25 mins,1485,24.9 km,24876
Forbasy,"[49.28559823, 20.6120548]","065 02 Nižné Ružbachy, Slovakia",Stará Ľubovňa,"[49.3156562, 20.69399573]","Zámocká 765/107, 064 01 Stará Ľubovňa, Slovakia",12 mins,693,10.0 km,10000
Hajtovka,"[49.30230495, 20.76498442]","Unnamed Road, Chmeľnica, Slovakia",Stará Ľubovňa,"[49.3156562, 20.69399573]","Zámocká 765/107, 064 01 Stará Ľubovňa, Slovakia",19 mins,1126,11.4 km,11384
Haligovce,"[49.36657797, 20.4504791]","Mostisko 230, 065 34 Haligovce, Slovakia",Stará Ľubovňa,"[49.3156562, 20.69399573]","Zámocká 765/107, 064 01 Stará Ľubovňa, Slovakia",26 mins,1536,24.8 km,24765
Hniezdne,"[49.29917355, 20.63534376]","Hniezdne 387, 065 01 Hniezdne, Slovakia",Stará Ľubovňa,"[49.3156562, 20.69399573]","Zámocká 765/107, 064 01 Stará Ľubovňa, Slovakia",8 mins,468,5.7 km,5688
Hraničné,"[49.381353, 20.69711782]","065 22 Hraničné, Slovakia",Stará Ľubovňa,"[49.3156562, 20.69399573]","Zámocká 765/107, 064 01 Stará Ľubovňa, Slovakia",16 mins,943,12.9 km,12879
Hromoš,"[49.24238234, 20.79941349]","Hromoš 202, 065 45 Hromoš, Slovakia",Stará Ľubovňa,"[49.3156562, 20.69399573]","Zámocká 765/107, 064 01 Stará Ľubovňa, Slovakia",19 mins,1166,17.2 km,17187
Chmeľnica,"[49.28891285, 20.73501545]","Chmeľnica 255, 064 01 Chmeľnica, Slovakia",Stará Ľubovňa,"[49.3156562, 20.69399573]","Zámocká 765/107, 064 01 Stará Ľubovňa, Slovakia",9 mins,522,6.8 km,6763
Jakubany,"[49.24271242, 20.70144926]","Jakubany, Slovakia",Stará Ľubovňa,"[49.3156562, 20.69399573]","Zámocká 765/107, 064 01 Stará Ľubovňa, Slovakia",17 mins,1048,10.2 km,10182
Jarabina,"[49.36232979, 20.66078209]","Unnamed Road, 065 31 Jarabina, Slovakia",Stará Ľubovňa,"[49.3156562, 20.69399573]","Zámocká 765/107, 064 01 Stará Ľubovňa, Slovakia",11 mins,648,8.3 km,8282
Kamienka,"[49.34899784, 20.59484219]","Kamienka, Slovakia",Stará Ľubovňa,"[49.3156562, 20.69399573]","Zámocká 765/107, 064 01 Stará Ľubovňa, Slovakia",14 mins,838,12.2 km,12203
Kolačkov,"[49.26132323, 20.63428773]","Kolačkov 141, 065 11 Kolačkov, Slovakia",Stará Ľubovňa,"[49.3156562, 20.69399573]","Zámocká 765/107, 064 01 Stará Ľubovňa, Slovakia",16 mins,961,10.7 km,10701
Kremná,"[49.35842289, 20.69857478]","3129, 065 22 Kremná, Slovakia",Stará Ľubovňa,"[49.3156562, 20.69399573]","Zámocká 765/107, 064 01 Stará Ľubovňa, Slovakia",12 mins,704,9.8 km,9773
Kyjov,"[49.22842446, 20.95476952]","Unnamed Road, 065 48 Kyjov, Slovakia",Stará Ľubovňa,"[49.3156562, 20.69399573]","Zámocká 765/107, 064 01 Stará Ľubovňa, Slovakia",32 mins,1945,31.3 km,31269
Lacková,"[49.31628937, 20.58760105]","Unnamed Road, 065 01 Lacková, Slovakia",Stará Ľubovňa,"[49.3156562, 20.69399573]","Zámocká 765/107, 064 01 Stará Ľubovňa, Slovakia",13 mins,799,10.3 km,10284
Legnava,"[49.32990194, 20.86084239]","Unnamed Road, 065 46 Legnava, Slovakia",Stará Ľubovňa,"[49.3156562, 20.69399573]","Zámocká 765/107, 064 01 Stará Ľubovňa, Slovakia",31 mins,1853,25.5 km,25529
Lesnica,"[49.39979735, 20.46999933]","Szlak pieszy niebieski, 065 33 Lesnica, Slovakia",Stará Ľubovňa,"[49.3156562, 20.69399573]","Zámocká 765/107, 064 01 Stará Ľubovňa, Slovakia",29 mins,1761,25.3 km,25323
Litmanová,"[49.38403558, 20.62425425]","Unnamed Road, 065 31 Litmanová, Slovakia",Stará Ľubovňa,"[49.3156562, 20.69399573]","Zámocká 765/107, 064 01 Stará Ľubovňa, Slovakia",21 mins,1234,14.4 km,14371
