Janíky,"[48.14351343, 17.40305932]","Janíky 201, 930 39 Janíky, Slovakia",Dunajská Streda,"[48.01560745, 17.63158994]","Čigérska, 929 01 Dunajská Streda, Slovakia",34 mins,2034,28.6 km,28565
Jurová,"[47.93497868, 17.52783643]","Jurová 207, 930 04 Jurová, Slovakia",Dunajská Streda,"[48.01560745, 17.63158994]","Čigérska, 929 01 Dunajská Streda, Slovakia",22 mins,1336,14.7 km,14680
Kľúčovec,"[47.78717002, 17.71012028]","Unnamed Road, 930 07 Kľúčovec, Slovakia",Dunajská Streda,"[48.01560745, 17.63158994]","Čigérska, 929 01 Dunajská Streda, Slovakia",39 mins,2325,34.4 km,34383
Kostolné Kračany,"[47.96988449, 17.57523357]","Amadeho - Šipošovské Kračany 153, 930 03 Kostolné Kračany, Slovakia",Dunajská Streda,"[48.01560745, 17.63158994]","Čigérska, 929 01 Dunajská Streda, Slovakia",17 mins,1047,9.0 km,8974
Kráľovičove Kračany,"[47.97927762, 17.54767666]","1423, 930 03 Kráľovičove Kračany, Slovakia",Dunajská Streda,"[48.01560745, 17.63158994]","Čigérska, 929 01 Dunajská Streda, Slovakia",16 mins,975,8.8 km,8817
Kútniky,"[47.97672469, 17.66729395]","E575, 929 01 Kútniky, Slovakia",Dunajská Streda,"[48.01560745, 17.63158994]","Čigérska, 929 01 Dunajská Streda, Slovakia",14 mins,846,7.5 km,7501
Kvetoslavov,"[48.05128872, 17.3389451]","Kvetoslavov 433, 930 41 Kvetoslavov, Slovakia",Dunajská Streda,"[48.01560745, 17.63158994]","Čigérska, 929 01 Dunajská Streda, Slovakia",33 mins,1982,28.8 km,28764
Lehnice,"[48.0558216, 17.46055345]","Lehnice 157, 930 37 Lehnice, Slovakia",Dunajská Streda,"[48.01560745, 17.63158994]","Čigérska, 929 01 Dunajská Streda, Slovakia",21 mins,1253,16.3 km,16341
Lúč na Ostrove,"[47.96525189, 17.51200111]","Unnamed Road, 930 03 Lúč na Ostrove, Slovakia",Dunajská Streda,"[48.01560745, 17.63158994]","Čigérska, 929 01 Dunajská Streda, Slovakia",19 mins,1159,12.7 km,12705
Medveďov,"[47.79809785, 17.67318647]","1422, 930 07 Medveďov, Slovakia",Dunajská Streda,"[48.01560745, 17.63158994]","Čigérska, 929 01 Dunajská Streda, Slovakia",37 mins,2204,30.7 km,30663
Mierovo,"[48.06487734, 17.39150289]","Unnamed Road, 930 41 Mierovo, Slovakia",Dunajská Streda,"[48.01560745, 17.63158994]","Čigérska, 929 01 Dunajská Streda, Slovakia",26 mins,1544,22.8 km,22804
Michal na Ostrove,"[48.04339876, 17.5422096]","Unnamed Road, 930 35 Michal na Ostrove, Slovakia",Dunajská Streda,"[48.01560745, 17.63158994]","Čigérska, 929 01 Dunajská Streda, Slovakia",22 mins,1309,11.2 km,11160
Nový Život,"[48.11402974, 17.48265865]","Unnamed Road, 930 38 Nový Život, Slovakia",Dunajská Streda,"[48.01560745, 17.63158994]","Čigérska, 929 01 Dunajská Streda, Slovakia",32 mins,1898,25.4 km,25362
Ohrady,"[48.00287656, 17.70646399]","Unnamed Road, 930 12 Ohrady, Slovakia",Dunajská Streda,"[48.01560745, 17.63158994]","Čigérska, 929 01 Dunajská Streda, Slovakia",15 mins,873,8.3 km,8261
Okoč,"[47.91258848, 17.81960708]","Unnamed Road, 930 28 Okoč, Slovakia",Dunajská Streda,"[48.01560745, 17.63158994]","Čigérska, 929 01 Dunajská Streda, Slovakia",27 mins,1639,22.9 km,22913
Oľdza,"[48.08250655, 17.42298623]","Oľdza 6, 930 39 Oľdza, Slovakia",Dunajská Streda,"[48.01560745, 17.63158994]","Čigérska, 929 01 Dunajská Streda, Slovakia",24 mins,1462,20.7 km,20668
Orechová Potôň,"[48.05025983, 17.57382918]","1435, 930 02 Orechová Potôň, Slovakia",Dunajská Streda,"[48.01560745, 17.63158994]","Čigérska, 929 01 Dunajská Streda, Slovakia",16 mins,951,11.7 km,11694
Padáň,"[47.91641613, 17.6714043]","Unnamed Road, 929 01 Padáň, Slovakia",Dunajská Streda,"[48.01560745, 17.63158994]","Čigérska, 929 01 Dunajská Streda, Slovakia",23 mins,1398,14.3 km,14270
Sap,"[47.82521498, 17.60800925]","Unnamed Road, 930 06 Sap, Slovakia",Dunajská Streda,"[48.01560745, 17.63158994]","Čigérska, 929 01 Dunajská Streda, Slovakia",33 mins,1964,25.2 km,25234
Pataš,"[47.86954262, 17.66505882]","1394, 929 01 Pataš, Slovakia",Dunajská Streda,"[48.01560745, 17.63158994]","Čigérska, 929 01 Dunajská Streda, Slovakia",26 mins,1544,20.2 km,20249
