Martovce,"[47.86397181, 18.10941311]","Martovce 340, 947 01 Martovce, Slovakia",Komárno,"[47.78538585, 18.10203607]","Nová Osada 2416/34, 945 01 Komárno-Nová Osada, Slovakia",31 mins,1847,22.2 km,22236
Moča,"[47.77296866, 18.40868927]","Unnamed Road, 946 37 Moča, Slovakia",Komárno,"[47.78538585, 18.10203607]","Nová Osada 2416/34, 945 01 Komárno-Nová Osada, Slovakia",37 mins,2214,30.2 km,30162
Modrany,"[47.81730951, 18.35505818]","Modrany, Slovakia",Komárno,"[47.78538585, 18.10203607]","Nová Osada 2416/34, 945 01 Komárno-Nová Osada, Slovakia",36 mins,2176,29.1 km,29100
Mudroňovo,"[47.82964042, 18.32261561]","1468, 946 32 Mudroňovo, Slovakia",Komárno,"[47.78538585, 18.10203607]","Nová Osada 2416/34, 945 01 Komárno-Nová Osada, Slovakia",33 mins,1977,26.2 km,26225
Nesvady,"[47.9273292, 18.10509587]","Nesvady, Slovakia",Komárno,"[47.78538585, 18.10203607]","Nová Osada 2416/34, 945 01 Komárno-Nová Osada, Slovakia",33 mins,1957,29.4 km,29384
Okoličná na Ostrove,"[47.81572157, 17.92370434]","1459, 946 13 Okoličná na Ostrove, Slovakia",Komárno,"[47.78538585, 18.10203607]","Nová Osada 2416/34, 945 01 Komárno-Nová Osada, Slovakia",24 mins,1465,22.7 km,22725
Patince,"[47.74372732, 18.2919611]","946 39 Patince, Slovakia",Komárno,"[47.78538585, 18.10203607]","Nová Osada 2416/34, 945 01 Komárno-Nová Osada, Slovakia",26 mins,1554,19.3 km,19332
Pribeta,"[47.90053449, 18.3142535]","Školská 1335/24, 946 55 Pribeta, Slovakia",Komárno,"[47.78538585, 18.10203607]","Nová Osada 2416/34, 945 01 Komárno-Nová Osada, Slovakia",36 mins,2137,29.6 km,29568
Radvaň nad Dunajom,"[47.76010433, 18.35585129]","Radvaň nad Dunajom 441, 946 38 Radvaň nad Dunajom, Slovakia",Komárno,"[47.78538585, 18.10203607]","Nová Osada 2416/34, 945 01 Komárno-Nová Osada, Slovakia",39 mins,2363,27.4 km,27449
Sokolce,"[47.87718759, 17.86283951]","Unnamed Road, 946 17 Sokolce, Slovakia",Komárno,"[47.78538585, 18.10203607]","Nová Osada 2416/34, 945 01 Komárno-Nová Osada, Slovakia",39 mins,2315,33.6 km,33609
Šrobárová,"[47.8054012, 18.32243154]","Školská 105/7, 946 32 Šrobárová, Slovakia",Komárno,"[47.78538585, 18.10203607]","Nová Osada 2416/34, 945 01 Komárno-Nová Osada, Slovakia",32 mins,1944,25.5 km,25524
Tôň,"[47.80307342, 17.82761085]","Mlynská 67, 946 15 Tôň, Slovakia",Komárno,"[47.78538585, 18.10203607]","Nová Osada 2416/34, 945 01 Komárno-Nová Osada, Slovakia",26 mins,1574,24.6 km,24609
Trávnik,"[47.76740563, 17.79392416]","1422, 946 19 Trávnik, Slovakia",Komárno,"[47.78538585, 18.10203607]","Nová Osada 2416/34, 945 01 Komárno-Nová Osada, Slovakia",31 mins,1858,30.2 km,30215
Veľké Kosihy,"[47.76733877, 17.8831584]","1458, 946 21 Veľké Kosihy, Slovakia",Komárno,"[47.78538585, 18.10203607]","Nová Osada 2416/34, 945 01 Komárno-Nová Osada, Slovakia",24 mins,1434,22.3 km,22268
Bátorove Kosihy,"[47.83973075, 18.40431811]","Unnamed Road, 946 34 Bátorove Kosihy, Slovakia",Komárno,"[47.78538585, 18.10203607]","Nová Osada 2416/34, 945 01 Komárno-Nová Osada, Slovakia",42 mins,2517,34.4 km,34434
Vrbová nad Váhom,"[47.85405425, 18.05946269]","Unnamed Road, 945 01 Vrbová nad Váhom, Slovakia",Komárno,"[47.78538585, 18.10203607]","Nová Osada 2416/34, 945 01 Komárno-Nová Osada, Slovakia",30 mins,1796,21.9 km,21852
Zemianska Olča,"[47.82910096, 17.88417582]","1455, 946 14 Zemianska Olča, Slovakia",Komárno,"[47.78538585, 18.10203607]","Nová Osada 2416/34, 945 01 Komárno-Nová Osada, Slovakia",26 mins,1571,24.4 km,24412
Zlatná na Ostrove,"[47.77401437, 17.96283496]","Malomlynská 1, 946 12 Zlatná na Ostrove, Slovakia",Komárno,"[47.78538585, 18.10203607]","Nová Osada 2416/34, 945 01 Komárno-Nová Osada, Slovakia",19 mins,1147,14.3 km,14316
Bodzianske Lúky,"[47.8885344, 17.90308561]","Bodzianske Lúky 73, 946 14 Bodzianske Lúky, Slovakia",Komárno,"[47.78538585, 18.10203607]","Nová Osada 2416/34, 945 01 Komárno-Nová Osada, Slovakia",33 mins,1974,29.2 km,29238
Virt,"[47.75965997, 18.32109339]","1465, 946 38 Virt, Slovakia",Komárno,"[47.78538585, 18.10203607]","Nová Osada 2416/34, 945 01 Komárno-Nová Osada, Slovakia",28 mins,1688,23.7 km,23655
