Babín,"[49.32297322, 19.38436862]","Unnamed Road, 029 52 Babín, Slovakia",Námestovo,"[49.40892138, 19.48248143]","Námestie Antona Bernoláka 6-12, 029 01 Námestovo, Slovakia",16 mins,985,13.3 km,13320
Beňadovo,"[49.43229842, 19.34951237]","Beňadovo 215, 029 63 Beňadovo, Slovakia",Námestovo,"[49.40892138, 19.48248143]","Námestie Antona Bernoláka 6-12, 029 01 Námestovo, Slovakia",22 mins,1334,17.0 km,17013
Bobrov,"[49.44479911, 19.55586032]","Unnamed Road, 029 42 Bobrov, Slovakia",Námestovo,"[49.40892138, 19.48248143]","Námestie Antona Bernoláka 6-12, 029 01 Námestovo, Slovakia",14 mins,849,9.2 km,9218
Breza,"[49.39989676, 19.36653934]","Unnamed Road, 029 53 Breza, Slovakia",Námestovo,"[49.40892138, 19.48248143]","Námestie Antona Bernoláka 6-12, 029 01 Námestovo, Slovakia",19 mins,1159,13.7 km,13747
Hruštín,"[49.32294112, 19.30572458]","Unnamed Road, 029 52 Hruštín, Slovakia",Námestovo,"[49.40892138, 19.48248143]","Námestie Antona Bernoláka 6-12, 029 01 Námestovo, Slovakia",35 mins,2128,18.6 km,18629
Klin,"[49.44615254, 19.47361623]","Klin 427, 029 41 Klin, Slovakia",Námestovo,"[49.40892138, 19.48248143]","Námestie Antona Bernoláka 6-12, 029 01 Námestovo, Slovakia",10 mins,624,6.4 km,6401
Krušetnica,"[49.38921868, 19.32929639]","Unnamed Road, 029 54 Krušetnica, Slovakia",Námestovo,"[49.40892138, 19.48248143]","Námestie Antona Bernoláka 6-12, 029 01 Námestovo, Slovakia",19 mins,1113,15.7 km,15692
Lokca,"[49.36870536, 19.41419271]","Východná, 029 51 Lokca, Slovakia",Námestovo,"[49.40892138, 19.48248143]","Námestie Antona Bernoláka 6-12, 029 01 Námestovo, Slovakia",9 mins,534,7.3 km,7295
Lomná,"[49.34743849, 19.28481566]","Unnamed Road, 029 54 Lomná, Slovakia",Námestovo,"[49.40892138, 19.48248143]","Námestie Antona Bernoláka 6-12, 029 01 Námestovo, Slovakia",25 mins,1515,19.8 km,19826
Mútne,"[49.48465153, 19.29146724]","Unnamed Road, 029 63 Mútne, Slovakia",Námestovo,"[49.40892138, 19.48248143]","Námestie Antona Bernoláka 6-12, 029 01 Námestovo, Slovakia",31 mins,1862,22.5 km,22547
Námestovo,"[49.40892138, 19.48248143]","Námestie Antona Bernoláka 6-12, 029 01 Námestovo, Slovakia",Námestovo,"[49.40892138, 19.48248143]","Námestie Antona Bernoláka 6-12, 029 01 Námestovo, Slovakia",1 min,0,1 m,0
Novoť,"[49.43742209, 19.2477211]","Novoť 849, 029 55 Novoť, Slovakia",Námestovo,"[49.40892138, 19.48248143]","Námestie Antona Bernoláka 6-12, 029 01 Námestovo, Slovakia",27 mins,1648,25.4 km,25371
Oravská Jasenica,"[49.41823945, 19.41760522]","2274, 029 64 Oravská Jasenica, Slovakia",Námestovo,"[49.40892138, 19.48248143]","Námestie Antona Bernoláka 6-12, 029 01 Námestovo, Slovakia",11 mins,649,8.4 km,8402
Oravská Lesná,"[49.35892635, 19.1944671]","029 57 Oravská Lesná, Slovakia",Námestovo,"[49.40892138, 19.48248143]","Námestie Antona Bernoláka 6-12, 029 01 Námestovo, Slovakia",31 mins,1856,29.0 km,28985
Oravská Polhora,"[49.55501362, 19.44789026]","Unnamed Road, 029 47 Oravská Polhora, Slovakia",Námestovo,"[49.40892138, 19.48248143]","Námestie Antona Bernoláka 6-12, 029 01 Námestovo, Slovakia",33 mins,1987,22.2 km,22239
Oravské Veselé,"[49.48051468, 19.37096119]","Oravské Veselé 500, 029 62 Oravské Veselé, Slovakia",Námestovo,"[49.40892138, 19.48248143]","Námestie Antona Bernoláka 6-12, 029 01 Námestovo, Slovakia",21 mins,1252,16.9 km,16873
Rabča,"[49.48300234, 19.4705094]","Rabča, Slovakia",Námestovo,"[49.40892138, 19.48248143]","Námestie Antona Bernoláka 6-12, 029 01 Námestovo, Slovakia",15 mins,903,11.0 km,11011
Rabčice,"[49.51361319, 19.51742362]","Unnamed Road, 029 45 Rabčice, Slovakia",Námestovo,"[49.40892138, 19.48248143]","Námestie Antona Bernoláka 6-12, 029 01 Námestovo, Slovakia",19 mins,1164,15.6 km,15569
Sihelné,"[49.50874303, 19.410532]","Sihelné 250, 029 46 Sihelné, Slovakia",Námestovo,"[49.40892138, 19.48248143]","Námestie Antona Bernoláka 6-12, 029 01 Námestovo, Slovakia",21 mins,1285,16.7 km,16691
Ťapešovo,"[49.36964215, 19.454754]","Ťapešovo 114, 029 51 Ťapešovo, Slovakia",Námestovo,"[49.40892138, 19.48248143]","Námestie Antona Bernoláka 6-12, 029 01 Námestovo, Slovakia",10 mins,626,7.0 km,7016
