Padarovce,"[48.45429378, 20.05525745]","980 23 Padarovce, Slovakia",Rimavská Sobota,"[48.37911671, 20.00957841]","Tomašovská 10-12, 979 01 Rimavská Sobota-Sobôtka, Slovakia",18 mins,1096,13.2 km,13214
Pavlovce,"[48.32515413, 20.09547262]","2771, 980 01 Pavlovce, Slovakia",Rimavská Sobota,"[48.37911671, 20.00957841]","Tomašovská 10-12, 979 01 Rimavská Sobota-Sobôtka, Slovakia",14 mins,816,10.5 km,10475
Petrovce,"[48.19151159, 20.03774303]","2790, 980 35 Petrovce, Slovakia",Rimavská Sobota,"[48.37911671, 20.00957841]","Tomašovská 10-12, 979 01 Rimavská Sobota-Sobôtka, Slovakia",34 mins,2014,29.7 km,29724
Poproč,"[48.58514481, 20.02632158]","Poproč 11, 982 67 Poproč, Slovakia",Rimavská Sobota,"[48.37911671, 20.00957841]","Tomašovská 10-12, 979 01 Rimavská Sobota-Sobôtka, Slovakia",41 mins,2469,36.4 km,36420
Potok,"[48.55823932, 20.04944933]","Potok 2, 982 67 Potok, Slovakia",Rimavská Sobota,"[48.37911671, 20.00957841]","Tomašovská 10-12, 979 01 Rimavská Sobota-Sobôtka, Slovakia",35 mins,2080,27.7 km,27724
Radnovce,"[48.33957315, 20.18983615]","Unnamed Road, 980 42 Radnovce, Slovakia",Rimavská Sobota,"[48.37911671, 20.00957841]","Tomašovská 10-12, 979 01 Rimavská Sobota-Sobôtka, Slovakia",25 mins,1490,20.8 km,20830
Ratkovská Lehota,"[48.56254797, 20.09248387]","Ratkovská Lehota 40, 982 65 Ratkovská Lehota, Slovakia",Rimavská Sobota,"[48.37911671, 20.00957841]","Tomašovská 10-12, 979 01 Rimavská Sobota-Sobôtka, Slovakia",41 mins,2476,30.6 km,30617
Ratkovská Suchá,"[48.58890472, 20.05992472]","982 67 Ratkovská Suchá, Slovakia",Rimavská Sobota,"[48.37911671, 20.00957841]","Tomašovská 10-12, 979 01 Rimavská Sobota-Sobôtka, Slovakia",44 mins,2655,40.2 km,40160
Rimavská Baňa,"[48.52987996, 19.93089423]","72, 980 53 Rimavská Baňa, Slovakia",Rimavská Sobota,"[48.37911671, 20.00957841]","Tomašovská 10-12, 979 01 Rimavská Sobota-Sobôtka, Slovakia",19 mins,1116,18.7 km,18689
Rimavská Seč,"[48.29638525, 20.2350626]","Unnamed Road, 980 42 Rimavská Seč, Slovakia",Rimavská Sobota,"[48.37911671, 20.00957841]","Tomašovská 10-12, 979 01 Rimavská Sobota-Sobôtka, Slovakia",25 mins,1514,22.6 km,22645
Rimavské Brezovo,"[48.54293591, 19.96408077]","Rimavské Brezovo 126, 980 54 Rimavské Brezovo, Slovakia",Rimavská Sobota,"[48.37911671, 20.00957841]","Tomašovská 10-12, 979 01 Rimavská Sobota-Sobôtka, Slovakia",22 mins,1315,21.1 km,21052
Rimavské Janovce,"[48.34548534, 20.06188178]","Rimavské Janovce 119, 980 01 Rimavské Janovce, Slovakia",Rimavská Sobota,"[48.37911671, 20.00957841]","Tomašovská 10-12, 979 01 Rimavská Sobota-Sobôtka, Slovakia",10 mins,620,6.8 km,6826
Rovné,"[48.59807548, 20.03124666]","2756, 982 67 Rovné, Slovakia",Rimavská Sobota,"[48.37911671, 20.00957841]","Tomašovská 10-12, 979 01 Rimavská Sobota-Sobôtka, Slovakia",43 mins,2587,39.3 km,39257
Rumince,"[48.36815605, 20.27587005]","Unnamed Road, 980 50 Rumince, Slovakia",Rimavská Sobota,"[48.37911671, 20.00957841]","Tomašovská 10-12, 979 01 Rimavská Sobota-Sobôtka, Slovakia",29 mins,1736,27.1 km,27140
Slizké,"[48.5179847, 20.08141619]","Slizké 44, 980 23 Slizké, Slovakia",Rimavská Sobota,"[48.37911671, 20.00957841]","Tomašovská 10-12, 979 01 Rimavská Sobota-Sobôtka, Slovakia",28 mins,1708,22.0 km,21967
Stará Bašta,"[48.18899295, 19.93525677]","Unnamed Road, 980 34 Stará Bašta, Slovakia",Rimavská Sobota,"[48.37911671, 20.00957841]","Tomašovská 10-12, 979 01 Rimavská Sobota-Sobôtka, Slovakia",49 mins,2925,40.5 km,40509
Stránska,"[48.39393612, 20.27042975]","E571, 982 51 Stránska, Slovakia",Rimavská Sobota,"[48.37911671, 20.00957841]","Tomašovská 10-12, 979 01 Rimavská Sobota-Sobôtka, Slovakia",21 mins,1287,22.2 km,22212
Studená,"[48.16016716, 19.9625486]","Studená 84, 980 34 Studená, Slovakia",Rimavská Sobota,"[48.37911671, 20.00957841]","Tomašovská 10-12, 979 01 Rimavská Sobota-Sobôtka, Slovakia",48 mins,2887,41.4 km,41351
Sútor,"[48.35813473, 20.11963097]","Unnamed Road, 980 01 Sútor, Slovakia",Rimavská Sobota,"[48.37911671, 20.00957841]","Tomašovská 10-12, 979 01 Rimavská Sobota-Sobôtka, Slovakia",22 mins,1298,18.0 km,17979
Šimonovce,"[48.27876546, 20.12118829]","980 03 Šimonovce, Slovakia",Rimavská Sobota,"[48.37911671, 20.00957841]","Tomašovská 10-12, 979 01 Rimavská Sobota-Sobôtka, Slovakia",25 mins,1507,22.1 km,22075
