Malé Dvorníky,"[48.02168198, 17.65531334]","Unnamed Road, 929 01 Malé Dvorníky, Slovakia",Dunajská Streda,"[48.01560745, 17.63158994]","Čigérska, 929 01 Dunajská Streda, Slovakia",8 mins,501,2.3 km,2327
Veľké Dvorníky,"[48.00722077, 17.66832854]","Hlavná, 929 01 Veľké Dvorníky, Slovakia",Dunajská Streda,"[48.01560745, 17.63158994]","Čigérska, 929 01 Dunajská Streda, Slovakia",8 mins,482,4.2 km,4169
Povoda,"[47.96816257, 17.63403215]","Unnamed Road, 929 01 Povoda, Slovakia",Dunajská Streda,"[48.01560745, 17.63158994]","Čigérska, 929 01 Dunajská Streda, Slovakia",15 mins,908,7.0 km,6950
Vieska,"[48.00415129, 17.52284307]","Veľká ulica 1/1, 930 02 Vieska, Slovakia",Dunajská Streda,"[48.01560745, 17.63158994]","Čigérska, 929 01 Dunajská Streda, Slovakia",17 mins,1031,10.3 km,10273
Čenkovce,"[48.09273161, 17.45491676]","1409, 930 39 Zlaté Klasy, Slovakia",Dunajská Streda,"[48.01560745, 17.63158994]","Čigérska, 929 01 Dunajská Streda, Slovakia",27 mins,1631,23.4 km,23417
Kyselica,"[47.98380764, 17.37750797]","930 30 Kyselica, Slovakia",Dunajská Streda,"[48.01560745, 17.63158994]","Čigérska, 929 01 Dunajská Streda, Slovakia",41 mins,2446,36.9 km,36938
Potônske Lúky,"[48.08687497, 17.58423806]","Potônske Lúky 5, 930 52 Potônske Lúky, Slovakia",Dunajská Streda,"[48.01560745, 17.63158994]","Čigérska, 929 01 Dunajská Streda, Slovakia",24 mins,1414,20.5 km,20483
