Dunajská Streda,"[48.01560745, 17.63158994]","Čigérska, 929 01 Dunajská Streda, Slovakia",Dunajská Streda,"[48.01560745, 17.63158994]","Čigérska, 929 01 Dunajská Streda, Slovakia",1 min,0,1 m,0
Báč,"[48.0076028, 17.3758074]","Báč 119, 930 30 Báč, Slovakia",Dunajská Streda,"[48.01560745, 17.63158994]","Čigérska, 929 01 Dunajská Streda, Slovakia",24 mins,1438,20.9 km,20869
Baka,"[47.89187101, 17.52067537]","930 04 Baka, Slovakia",Dunajská Streda,"[48.01560745, 17.63158994]","Čigérska, 929 01 Dunajská Streda, Slovakia",33 mins,1980,21.8 km,21840
Baloň,"[47.84296442, 17.65452415]","Unnamed Road, 930 08 Baloň, Slovakia",Dunajská Streda,"[48.01560745, 17.63158994]","Čigérska, 929 01 Dunajská Streda, Slovakia",34 mins,2034,24.7 km,24720
Blahová,"[48.09385939, 17.55310489]","Unnamed Road, 930 52 Blahová, Slovakia",Dunajská Streda,"[48.01560745, 17.63158994]","Čigérska, 929 01 Dunajská Streda, Slovakia",26 mins,1532,20.4 km,20363
Blatná na Ostrove,"[48.00174247, 17.43578122]","1382, 930 32 Blatná na Ostrove, Slovakia",Dunajská Streda,"[48.01560745, 17.63158994]","Čigérska, 929 01 Dunajská Streda, Slovakia",20 mins,1183,16.6 km,16611
Boheľov,"[47.90513838, 17.69654552]","Unnamed Road, 929 01 Boheľov, Slovakia",Dunajská Streda,"[48.01560745, 17.63158994]","Čigérska, 929 01 Dunajská Streda, Slovakia",24 mins,1449,16.0 km,16024
Čakany,"[48.11538614, 17.37321161]","1412, 930 40 Čakany, Slovakia",Dunajská Streda,"[48.01560745, 17.63158994]","Čigérska, 929 01 Dunajská Streda, Slovakia",32 mins,1906,28.4 km,28406
Veľký Meder,"[47.85772134, 17.74921703]","E575, 932 01 Veľký Meder, Slovakia",Dunajská Streda,"[48.01560745, 17.63158994]","Čigérska, 929 01 Dunajská Streda, Slovakia",27 mins,1638,24.1 km,24133
Čiližská Radvaň,"[47.8314828, 17.70617113]","Čiližská Radvaň 183, 930 08 Čiližská Radvaň, Slovakia",Dunajská Streda,"[48.01560745, 17.63158994]","Čigérska, 929 01 Dunajská Streda, Slovakia",32 mins,1930,28.7 km,28660
Dobrohošť,"[47.9866882, 17.36123748]","Dobrohošť 257, 930 31 Dobrohošť, Slovakia",Dunajská Streda,"[48.01560745, 17.63158994]","Čigérska, 929 01 Dunajská Streda, Slovakia",40 mins,2398,38.2 km,38154
Dolný Bar,"[47.96551897, 17.70271535]","Unnamed Road, 930 14 Dolný Bar, Slovakia",Dunajská Streda,"[48.01560745, 17.63158994]","Čigérska, 929 01 Dunajská Streda, Slovakia",16 mins,979,10.0 km,9956
Gabčíkovo,"[47.87563648, 17.58264236]","Medveďovská 3929, 930 05 Gabčíkovo, Slovakia",Dunajská Streda,"[48.01560745, 17.63158994]","Čigérska, 929 01 Dunajská Streda, Slovakia",27 mins,1608,19.1 km,19069
Holice,"[47.98945851, 17.47766966]","Holice 90, 930 34 Holice, Slovakia",Dunajská Streda,"[48.01560745, 17.63158994]","Čigérska, 929 01 Dunajská Streda, Slovakia",20 mins,1196,14.0 km,13973
Horná Potôň,"[48.05880762, 17.53017761]","Unnamed Road, 930 36 Horná Potôň, Slovakia",Dunajská Streda,"[48.01560745, 17.63158994]","Čigérska, 929 01 Dunajská Streda, Slovakia",20 mins,1212,15.8 km,15762
Horný Bar,"[47.9459196, 17.46155029]","Horný Bar 16, 930 33 Horný Bar, Slovakia",Dunajská Streda,"[48.01560745, 17.63158994]","Čigérska, 929 01 Dunajská Streda, Slovakia",25 mins,1520,21.9 km,21914
Dolný Štál,"[47.93483374, 17.73715388]","Dolný Štál 758, 930 10 Dolný Štál, Slovakia",Dunajská Streda,"[48.01560745, 17.63158994]","Čigérska, 929 01 Dunajská Streda, Slovakia",22 mins,1340,15.5 km,15538
Hubice,"[48.09582847, 17.39848519]","1410, 930 39 Hubice, Slovakia",Dunajská Streda,"[48.01560745, 17.63158994]","Čigérska, 929 01 Dunajská Streda, Slovakia",27 mins,1614,24.2 km,24243
Hviezdoslavov,"[48.07116558, 17.35565903]","930 41 Hviezdoslavov, Slovakia",Dunajská Streda,"[48.01560745, 17.63158994]","Čigérska, 929 01 Dunajská Streda, Slovakia",32 mins,1900,27.2 km,27151
Jahodná,"[48.04667449, 17.71918464]","Poľná cesta 1136, 930 21 Jahodná, Slovakia",Dunajská Streda,"[48.01560745, 17.63158994]","Čigérska, 929 01 Dunajská Streda, Slovakia",18 mins,1062,11.9 km,11862
