Urmince,"[48.53453822, 18.10075918]","Urmince 404, 956 02 Urmince, Slovakia",Topoľčany,"[48.57665752, 18.16998407]","Malinová 37-39, 955 01 Topoľčany, Slovakia",10 mins,628,7.0 km,6972
Veľké Dvorany,"[48.55178495, 18.07494507]","1720, 956 01 Veľké Dvorany, Slovakia",Topoľčany,"[48.57665752, 18.16998407]","Malinová 37-39, 955 01 Topoľčany, Slovakia",13 mins,799,9.7 km,9698
Veľké Ripňany,"[48.50473363, 17.96235638]","Unnamed Road, 956 07 Veľké Ripňany, Slovakia",Topoľčany,"[48.57665752, 18.16998407]","Malinová 37-39, 955 01 Topoľčany, Slovakia",24 mins,1465,19.0 km,19041
Velušovce,"[48.6226661, 18.10356636]","955 01 Velušovce, Slovakia",Topoľčany,"[48.57665752, 18.16998407]","Malinová 37-39, 955 01 Topoľčany, Slovakia",15 mins,890,9.7 km,9747
Vozokany,"[48.56839654, 17.99068078]","956 05 Vozokany, Slovakia",Topoľčany,"[48.57665752, 18.16998407]","Malinová 37-39, 955 01 Topoľčany, Slovakia",21 mins,1247,16.5 km,16470
Závada,"[48.63502321, 18.07096483]","1727, 955 01 Závada, Slovakia",Topoľčany,"[48.57665752, 18.16998407]","Malinová 37-39, 955 01 Topoľčany, Slovakia",20 mins,1178,13.3 km,13335
Belince,"[48.46218627, 18.0929425]","Belince 87, 956 12 Belince, Slovakia",Topoľčany,"[48.57665752, 18.16998407]","Malinová 37-39, 955 01 Topoľčany, Slovakia",22 mins,1298,15.2 km,15154
Biskupová,"[48.46147374, 17.98331954]","Biskupová 55, 956 07 Biskupová, Slovakia",Topoľčany,"[48.57665752, 18.16998407]","Malinová 37-39, 955 01 Topoľčany, Slovakia",25 mins,1508,21.9 km,21907
Blesovce,"[48.55574304, 18.04077025]","Blesovce 25, 956 01 Blesovce, Slovakia",Topoľčany,"[48.57665752, 18.16998407]","Malinová 37-39, 955 01 Topoľčany, Slovakia",18 mins,1090,14.2 km,14218
Bojná,"[48.59559522, 18.03391498]","Unnamed Road, 956 01 Bojná, Slovakia",Topoľčany,"[48.57665752, 18.16998407]","Malinová 37-39, 955 01 Topoľčany, Slovakia",21 mins,1248,13.8 km,13804
Čermany,"[48.47384035, 18.03141688]","Čermany 154, 956 08 Čermany, Slovakia",Topoľčany,"[48.57665752, 18.16998407]","Malinová 37-39, 955 01 Topoľčany, Slovakia",27 mins,1622,19.6 km,19560
Hajná Nová Ves,"[48.53682999, 18.03256462]","1736, 956 03 Hajná Nová Ves, Slovakia",Topoľčany,"[48.57665752, 18.16998407]","Malinová 37-39, 955 01 Topoľčany, Slovakia",17 mins,1016,12.7 km,12731
Horné Obdokovce,"[48.50114748, 18.04495489]","Unnamed Road, 956 08 Horné Obdokovce, Slovakia",Topoľčany,"[48.57665752, 18.16998407]","Malinová 37-39, 955 01 Topoľčany, Slovakia",23 mins,1379,16.6 km,16569
Horné Štitáre,"[48.52439601, 18.05814542]","Horné Štitáre 205, 956 03 Horné Štitáre, Slovakia",Topoľčany,"[48.57665752, 18.16998407]","Malinová 37-39, 955 01 Topoľčany, Slovakia",13 mins,806,10.3 km,10339
Hrušovany,"[48.43902823, 18.08812008]","Hrušovany 119, 956 13 Hrušovany, Slovakia",Topoľčany,"[48.57665752, 18.16998407]","Malinová 37-39, 955 01 Topoľčany, Slovakia",25 mins,1514,18.3 km,18296
Kamanová,"[48.47169319, 18.09313507]","956 12 Kamanová, Slovakia",Topoľčany,"[48.57665752, 18.16998407]","Malinová 37-39, 955 01 Topoľčany, Slovakia",21 mins,1261,14.7 km,14670
Koniarovce,"[48.42977516, 18.08639931]","956 13 Koniarovce, Slovakia",Topoľčany,"[48.57665752, 18.16998407]","Malinová 37-39, 955 01 Topoľčany, Slovakia",27 mins,1592,19.3 km,19322
Kovarce,"[48.48577566, 18.1897877]","Unnamed Road, 956 15 Kovarce, Slovakia",Topoľčany,"[48.57665752, 18.16998407]","Malinová 37-39, 955 01 Topoľčany, Slovakia",25 mins,1504,14.6 km,14630
Krnča,"[48.52687464, 18.27338331]","Unnamed Road, 956 19 Krnča, Slovakia",Topoľčany,"[48.57665752, 18.16998407]","Malinová 37-39, 955 01 Topoľčany, Slovakia",22 mins,1321,13.2 km,13239
Krtovce,"[48.53724327, 18.00994296]","Krtovce 107, 956 03 Krtovce, Slovakia",Topoľčany,"[48.57665752, 18.16998407]","Malinová 37-39, 955 01 Topoľčany, Slovakia",20 mins,1186,14.9 km,14869
