Kaloša,"[48.41467277, 20.22389534]","982 52 Kaloša, Slovakia",Rimavská Sobota,"[48.37911671, 20.00957841]","Tomašovská 10-12, 979 01 Rimavská Sobota-Sobôtka, Slovakia",26 mins,1579,23.8 km,23823
Kesovce,"[48.40612314, 20.40973441]","Unnamed Road, 980 45 Kesovce, Slovakia",Rimavská Sobota,"[48.37911671, 20.00957841]","Tomašovská 10-12, 979 01 Rimavská Sobota-Sobôtka, Slovakia",42 mins,2548,35.9 km,35926
Klenovec,"[48.64684355, 19.83354977]","Pavlov Grúň 1037, 980 55 Klenovec, Slovakia",Rimavská Sobota,"[48.37911671, 20.00957841]","Tomašovská 10-12, 979 01 Rimavská Sobota-Sobôtka, Slovakia",54 mins,3229,38.5 km,38456
Kociha,"[48.4828599, 19.92045749]","Unnamed Road, 980 52 Kociha, Slovakia",Rimavská Sobota,"[48.37911671, 20.00957841]","Tomašovská 10-12, 979 01 Rimavská Sobota-Sobôtka, Slovakia",22 mins,1348,15.0 km,15015
Konrádovce,"[48.30161216, 19.90169196]","Konrádovce 10, 980 32 Konrádovce, Slovakia",Rimavská Sobota,"[48.37911671, 20.00957841]","Tomašovská 10-12, 979 01 Rimavská Sobota-Sobôtka, Slovakia",30 mins,1810,20.2 km,20187
Kráľ,"[48.34481142, 20.35923268]","Unnamed Road, 980 45 Kráľ, Slovakia",Rimavská Sobota,"[48.37911671, 20.00957841]","Tomašovská 10-12, 979 01 Rimavská Sobota-Sobôtka, Slovakia",37 mins,2194,36.3 km,36320
Kraskovo,"[48.49807713, 19.98302675]","Unnamed Road, 980 26 Kraskovo, Slovakia",Rimavská Sobota,"[48.37911671, 20.00957841]","Tomašovská 10-12, 979 01 Rimavská Sobota-Sobôtka, Slovakia",25 mins,1480,19.2 km,19183
Krokava,"[48.63814237, 20.00668575]","Unnamed Road, 982 67 Krokava, Slovakia",Rimavská Sobota,"[48.37911671, 20.00957841]","Tomašovská 10-12, 979 01 Rimavská Sobota-Sobôtka, Slovakia",1 hour 0 mins,3607,47.7 km,47712
Kružno,"[48.41396133, 19.92839149]","2773, 979 01 Kružno, Slovakia",Rimavská Sobota,"[48.37911671, 20.00957841]","Tomašovská 10-12, 979 01 Rimavská Sobota-Sobôtka, Slovakia",11 mins,662,9.0 km,9016
Kyjatice,"[48.54090539, 20.0068519]","Unnamed Road, 980 54 Kyjatice, Slovakia",Rimavská Sobota,"[48.37911671, 20.00957841]","Tomašovská 10-12, 979 01 Rimavská Sobota-Sobôtka, Slovakia",32 mins,1949,24.3 km,24260
Lehota nad Rimavicou,"[48.52574513, 19.87367121]","2776, 980 53 Lehota nad Rimavicou, Slovakia",Rimavská Sobota,"[48.37911671, 20.00957841]","Tomašovská 10-12, 979 01 Rimavská Sobota-Sobôtka, Slovakia",22 mins,1341,22.2 km,22175
Lenartovce,"[48.29781514, 20.30666241]","Lenartovce 87, 980 44 Lenartovce, Slovakia",Rimavská Sobota,"[48.37911671, 20.00957841]","Tomašovská 10-12, 979 01 Rimavská Sobota-Sobôtka, Slovakia",31 mins,1855,29.2 km,29183
Lenka,"[48.38995854, 20.34560598]","Lenka 70, 980 50 Lenka, Slovakia",Rimavská Sobota,"[48.37911671, 20.00957841]","Tomašovská 10-12, 979 01 Rimavská Sobota-Sobôtka, Slovakia",29 mins,1747,30.0 km,29993
Lipovec,"[48.54432838, 20.07290123]","980 23 Lipovec, Slovakia",Rimavská Sobota,"[48.37911671, 20.00957841]","Tomašovská 10-12, 979 01 Rimavská Sobota-Sobôtka, Slovakia",36 mins,2140,27.5 km,27490
Lukovištia,"[48.48269087, 20.02262132]","Unnamed Road, 980 26 Lukovištia, Slovakia",Rimavská Sobota,"[48.37911671, 20.00957841]","Tomašovská 10-12, 979 01 Rimavská Sobota-Sobôtka, Slovakia",23 mins,1378,17.5 km,17526
Martinová,"[48.30361499, 20.17522014]","Unnamed Road, 980 41 Martinová, Slovakia",Rimavská Sobota,"[48.37911671, 20.00957841]","Tomašovská 10-12, 979 01 Rimavská Sobota-Sobôtka, Slovakia",19 mins,1157,17.7 km,17742
Neporadza,"[48.36827853, 20.3919374]","Neporadza 75, 980 45 Neporadza, Slovakia",Rimavská Sobota,"[48.37911671, 20.00957841]","Tomašovská 10-12, 979 01 Rimavská Sobota-Sobôtka, Slovakia",34 mins,2055,36.8 km,36819
Nová Bašta,"[48.17449443, 19.93171287]","Unnamed Road, 980 34 Nová Bašta, Slovakia",Rimavská Sobota,"[48.37911671, 20.00957841]","Tomašovská 10-12, 979 01 Rimavská Sobota-Sobôtka, Slovakia",49 mins,2928,40.7 km,40692
Orávka,"[48.31209733, 20.19351145]","980 42 Orávka, Slovakia",Rimavská Sobota,"[48.37911671, 20.00957841]","Tomašovská 10-12, 979 01 Rimavská Sobota-Sobôtka, Slovakia",22 mins,1299,20.4 km,20388
Ožďany,"[48.37996321, 19.90244393]","16, 980 11 Ožďany, Slovakia",Rimavská Sobota,"[48.37911671, 20.00957841]","Tomašovská 10-12, 979 01 Rimavská Sobota-Sobôtka, Slovakia",12 mins,712,10.5 km,10501
