Zvolen,"[48.54030062, 19.16449072]","Unnamed Road, 960 01 Zvolen, Slovakia",Zvolen,"[48.54030062, 19.16449072]","Unnamed Road, 960 01 Zvolen, Slovakia",1 min,0,1 m,0
Babiná,"[48.43593092, 19.06884621]","Unnamed Road, 962 61 Babiná, Slovakia",Zvolen,"[48.54030062, 19.16449072]","Unnamed Road, 960 01 Zvolen, Slovakia",29 mins,1724,23.3 km,23263
Bacúrov,"[48.51939958, 19.04950154]","Bacúrov 1, 962 61 Bacúrov, Slovakia",Zvolen,"[48.54030062, 19.16449072]","Unnamed Road, 960 01 Zvolen, Slovakia",21 mins,1279,15.6 km,15623
Breziny,"[48.51055241, 19.08649032]","Horné Breziny 14, 962 61 Breziny, Slovakia",Zvolen,"[48.54030062, 19.16449072]","Unnamed Road, 960 01 Zvolen, Slovakia",18 mins,1099,13.2 km,13153
Budča,"[48.57608889, 19.05639693]","Stromová 466/19, 962 33 Budča, Slovakia",Zvolen,"[48.54030062, 19.16449072]","Unnamed Road, 960 01 Zvolen, Slovakia",17 mins,996,12.4 km,12382
Bzovská Lehôtka,"[48.40340501, 19.13210525]","Unnamed Road, 962 62 Bzovská Lehôtka, Slovakia",Zvolen,"[48.54030062, 19.16449072]","Unnamed Road, 960 01 Zvolen, Slovakia",33 mins,1997,26.7 km,26706
Dobrá Niva,"[48.47437349, 19.08805912]","Dubovská 584, 962 61 Dobrá Niva, Slovakia",Zvolen,"[48.54030062, 19.16449072]","Unnamed Road, 960 01 Zvolen, Slovakia",22 mins,1291,17.0 km,17015
Dubové,"[48.49851586, 19.02892592]","962 61 Dubové, Slovakia",Zvolen,"[48.54030062, 19.16449072]","Unnamed Road, 960 01 Zvolen, Slovakia",26 mins,1561,17.9 km,17924
Hronská Breznica,"[48.55517043, 18.99630511]","51, 966 11 Hronská Breznica, Slovakia",Zvolen,"[48.54030062, 19.16449072]","Unnamed Road, 960 01 Zvolen, Slovakia",17 mins,1034,16.2 km,16179
Kováčová,"[48.60549001, 19.08756977]","Unnamed Road, 962 37 Kováčová, Slovakia",Zvolen,"[48.54030062, 19.16449072]","Unnamed Road, 960 01 Zvolen, Slovakia",21 mins,1273,13.7 km,13747
Lešť (vojenský obvod),"[48.37208064, 19.28819879]","Unnamed Road, 962 63, Slovakia",Zvolen,"[48.54030062, 19.16449072]","Unnamed Road, 960 01 Zvolen, Slovakia",45 mins,2709,39.2 km,39189
Michalková,"[48.51477777, 19.14095622]","Padovci 19, 962 61 Michalková, Slovakia",Zvolen,"[48.54030062, 19.16449072]","Unnamed Road, 960 01 Zvolen, Slovakia",37 mins,2225,17.9 km,17857
Očová,"[48.61987483, 19.35053746]","Unnamed Road, 962 23 Očová, Slovakia",Zvolen,"[48.54030062, 19.16449072]","Unnamed Road, 960 01 Zvolen, Slovakia",34 mins,2031,27.0 km,27043
Ostrá Lúka,"[48.54365148, 19.0518818]","2440, 962 61 Ostrá Lúka, Slovakia",Zvolen,"[48.54030062, 19.16449072]","Unnamed Road, 960 01 Zvolen, Slovakia",20 mins,1197,16.5 km,16491
Pliešovce,"[48.43966547, 19.20519388]","2463, 962 63 Pliešovce, Slovakia",Zvolen,"[48.54030062, 19.16449072]","Unnamed Road, 960 01 Zvolen, Slovakia",36 mins,2167,32.5 km,32547
Podzámčok,"[48.50974762, 19.11499963]","Unnamed Road, 962 61 Podzámčok, Slovakia",Zvolen,"[48.54030062, 19.16449072]","Unnamed Road, 960 01 Zvolen, Slovakia",20 mins,1227,15.4 km,15376
Sása,"[48.45040734, 19.15009545]","Unnamed Road, 962 62 Sása, Slovakia",Zvolen,"[48.54030062, 19.16449072]","Unnamed Road, 960 01 Zvolen, Slovakia",28 mins,1659,23.2 km,23250
Sielnica,"[48.65049906, 19.08533688]","Unnamed Road, 962 31 Sielnica, Slovakia",Zvolen,"[48.54030062, 19.16449072]","Unnamed Road, 960 01 Zvolen, Slovakia",25 mins,1474,19.6 km,19607
Sliač,"[48.61797581, 19.10600932]","Unnamed Road, 962 31 Sielnica, Slovakia",Zvolen,"[48.54030062, 19.16449072]","Unnamed Road, 960 01 Zvolen, Slovakia",23 mins,1387,14.5 km,14472
Tŕnie,"[48.60079419, 19.02420943]","Unnamed Road, 962 34 Tŕnie, Slovakia",Zvolen,"[48.54030062, 19.16449072]","Unnamed Road, 960 01 Zvolen, Slovakia",24 mins,1455,18.8 km,18753
