Báhoň,"[48.30579574, 17.4308447]","900 84 Báhoň, Slovakia",Pezinok,"[48.31525231, 17.23950605]","Kutuzovova 4477/5A, 902 01 Pezinok, Slovakia",27 mins,1619,21.7 km,21722
Budmerice,"[48.3620825, 17.4010439]","J. Rašu, 900 86 Budmerice, Slovakia",Pezinok,"[48.31525231, 17.23950605]","Kutuzovova 4477/5A, 902 01 Pezinok, Slovakia",22 mins,1300,18.0 km,17975
Častá,"[48.409101, 17.32043306]","Unnamed Road, 900 89 Častá, Slovakia",Pezinok,"[48.31525231, 17.23950605]","Kutuzovova 4477/5A, 902 01 Pezinok, Slovakia",35 mins,2119,23.4 km,23363
Doľany,"[48.42927329, 17.35545833]","900 88 Doľany, Slovakia",Pezinok,"[48.31525231, 17.23950605]","Kutuzovova 4477/5A, 902 01 Pezinok, Slovakia",34 mins,2022,23.1 km,23105
Dubová,"[48.37903758, 17.31729301]","Unnamed Road, 900 90 Dubová, Slovakia",Pezinok,"[48.31525231, 17.23950605]","Kutuzovova 4477/5A, 902 01 Pezinok, Slovakia",21 mins,1280,14.5 km,14531
Jablonec,"[48.33963177, 17.45288833]","Unnamed Road, 900 86 Jablonec, Slovakia",Pezinok,"[48.31525231, 17.23950605]","Kutuzovova 4477/5A, 902 01 Pezinok, Slovakia",28 mins,1681,21.7 km,21749
Svätý Jur,"[48.24944611, 17.20168735]","Bratislavské záhumenice 6, 900 21 Svätý Jur, Slovakia",Pezinok,"[48.31525231, 17.23950605]","Kutuzovova 4477/5A, 902 01 Pezinok, Slovakia",21 mins,1251,14.2 km,14166
Limbach,"[48.29882505, 17.19337151]","Unnamed Road, 900 91 Limbach, Slovakia",Pezinok,"[48.31525231, 17.23950605]","Kutuzovova 4477/5A, 902 01 Pezinok, Slovakia",34 mins,2011,11.8 km,11819
Modra,"[48.35028468, 17.29987062]","Modra, Slovakia",Pezinok,"[48.31525231, 17.23950605]","Kutuzovova 4477/5A, 902 01 Pezinok, Slovakia",20 mins,1177,11.1 km,11126
Pezinok,"[48.31525231, 17.23950605]","Kutuzovova 4477/5A, 902 01 Pezinok, Slovakia",Pezinok,"[48.31525231, 17.23950605]","Kutuzovova 4477/5A, 902 01 Pezinok, Slovakia",1 min,0,1 m,0
Píla,"[48.39455004, 17.324732]","1088, 900 89 Píla, Slovakia",Pezinok,"[48.31525231, 17.23950605]","Kutuzovova 4477/5A, 902 01 Pezinok, Slovakia",22 mins,1304,17.5 km,17485
Slovenský Grob,"[48.24858221, 17.29138434]","Unnamed Road, Viničné, Slovakia",Pezinok,"[48.31525231, 17.23950605]","Kutuzovova 4477/5A, 902 01 Pezinok, Slovakia",27 mins,1597,12.1 km,12136
Šenkvice,"[48.29025785, 17.35043585]","900 81 Šenkvice, Slovakia",Pezinok,"[48.31525231, 17.23950605]","Kutuzovova 4477/5A, 902 01 Pezinok, Slovakia",15 mins,929,11.1 km,11089
Štefanová,"[48.38743036, 17.40744057]","Unnamed Road, 900 86 Štefanová, Slovakia",Pezinok,"[48.31525231, 17.23950605]","Kutuzovova 4477/5A, 902 01 Pezinok, Slovakia",25 mins,1519,21.7 km,21705
Viničné,"[48.2660772, 17.30893486]","Hlavná 242-244, 900 23 Viničné, Slovakia",Pezinok,"[48.31525231, 17.23950605]","Kutuzovova 4477/5A, 902 01 Pezinok, Slovakia",12 mins,713,8.9 km,8875
Vinosady,"[48.31720613, 17.28728305]","902 01 Vinosady, Slovakia",Pezinok,"[48.31525231, 17.23950605]","Kutuzovova 4477/5A, 902 01 Pezinok, Slovakia",12 mins,703,6.2 km,6150
Vištuk,"[48.32811083, 17.39046215]","Unnamed Road, 900 85 Vištuk, Slovakia",Pezinok,"[48.31525231, 17.23950605]","Kutuzovova 4477/5A, 902 01 Pezinok, Slovakia",19 mins,1111,15.2 km,15244
