Širkovce,"[48.28309181, 20.08894098]","Unnamed Road, 980 02 Širkovce, Slovakia",Rimavská Sobota,"[48.37911671, 20.00957841]","Tomašovská 10-12, 979 01 Rimavská Sobota-Sobôtka, Slovakia",22 mins,1321,15.9 km,15904
Španie Pole,"[48.5258526, 20.13226986]","980 23 Španie Pole, Slovakia",Rimavská Sobota,"[48.37911671, 20.00957841]","Tomašovská 10-12, 979 01 Rimavská Sobota-Sobôtka, Slovakia",35 mins,2100,25.5 km,25457
Štrkovec,"[48.35934321, 20.33415711]","980 45 Štrkovec, Slovakia",Rimavská Sobota,"[48.37911671, 20.00957841]","Tomašovská 10-12, 979 01 Rimavská Sobota-Sobôtka, Slovakia",29 mins,1758,31.3 km,31312
Tachty,"[48.14268964, 19.9281474]","Unnamed Road, 980 34 Tachty, Slovakia",Rimavská Sobota,"[48.37911671, 20.00957841]","Tomašovská 10-12, 979 01 Rimavská Sobota-Sobôtka, Slovakia",52 mins,3135,43.5 km,43524
Teplý Vrch,"[48.47309426, 20.10350401]","Teplý Vrch 25, 980 23 Teplý Vrch, Slovakia",Rimavská Sobota,"[48.37911671, 20.00957841]","Tomašovská 10-12, 979 01 Rimavská Sobota-Sobôtka, Slovakia",22 mins,1294,16.0 km,15998
Tisovec,"[48.69705152, 19.91874276]","Hviezdoslavova 962, 980 61 Tisovec, Slovakia",Rimavská Sobota,"[48.37911671, 20.00957841]","Tomašovská 10-12, 979 01 Rimavská Sobota-Sobôtka, Slovakia",42 mins,2510,39.4 km,39434
Tomášovce,"[48.38836781, 20.13881542]","Unnamed Road, 980 21 Tomášovce, Slovakia",Rimavská Sobota,"[48.37911671, 20.00957841]","Tomašovská 10-12, 979 01 Rimavská Sobota-Sobôtka, Slovakia",17 mins,1010,11.5 km,11497
Uzovská Panica,"[48.41750622, 20.14843197]","980 22 Uzovská Panica, Slovakia",Rimavská Sobota,"[48.37911671, 20.00957841]","Tomašovská 10-12, 979 01 Rimavská Sobota-Sobôtka, Slovakia",19 mins,1110,14.2 km,14233
Včelince,"[48.38204167, 20.31113357]","Unnamed Road, 980 50 Včelince, Slovakia",Rimavská Sobota,"[48.37911671, 20.00957841]","Tomašovská 10-12, 979 01 Rimavská Sobota-Sobôtka, Slovakia",28 mins,1696,28.5 km,28521
Večelkov,"[48.15967135, 19.9198109]","Unnamed Road, 980 34 Večelkov, Slovakia",Rimavská Sobota,"[48.37911671, 20.00957841]","Tomašovská 10-12, 979 01 Rimavská Sobota-Sobôtka, Slovakia",50 mins,3011,42.3 km,42290
Veľké Teriakovce,"[48.43180086, 19.95900944]","Veľké Teriakovce, Slovakia",Rimavská Sobota,"[48.37911671, 20.00957841]","Tomašovská 10-12, 979 01 Rimavská Sobota-Sobôtka, Slovakia",11 mins,663,8.2 km,8189
Veľký Blh,"[48.44757221, 20.12164402]","Slobody 192, 980 22 Veľký Blh, Slovakia",Rimavská Sobota,"[48.37911671, 20.00957841]","Tomašovská 10-12, 979 01 Rimavská Sobota-Sobôtka, Slovakia",20 mins,1178,14.5 km,14546
Vieska nad Blhom,"[48.35050444, 20.19344345]","Unnamed Road, 980 21 Vieska nad Blhom, Slovakia",Rimavská Sobota,"[48.37911671, 20.00957841]","Tomašovská 10-12, 979 01 Rimavská Sobota-Sobôtka, Slovakia",22 mins,1300,18.6 km,18613
Vlkyňa,"[48.27893891, 20.2919437]","Unnamed Road, 980 44 Vlkyňa, Slovakia",Rimavská Sobota,"[48.37911671, 20.00957841]","Tomašovská 10-12, 979 01 Rimavská Sobota-Sobôtka, Slovakia",37 mins,2223,32.1 km,32148
Valice,"[48.45453176, 20.20666095]","982 52 Valice, Slovakia",Rimavská Sobota,"[48.37911671, 20.00957841]","Tomašovská 10-12, 979 01 Rimavská Sobota-Sobôtka, Slovakia",33 mins,1986,29.3 km,29291
Vyšný Skálnik,"[48.47506171, 19.96524516]","Unnamed Road, 980 52 Vyšný Skálnik, Slovakia",Rimavská Sobota,"[48.37911671, 20.00957841]","Tomašovská 10-12, 979 01 Rimavská Sobota-Sobôtka, Slovakia",18 mins,1106,13.3 km,13296
Zádor,"[48.32156197, 20.25079223]","980 42 Zádor, Slovakia",Rimavská Sobota,"[48.37911671, 20.00957841]","Tomašovská 10-12, 979 01 Rimavská Sobota-Sobôtka, Slovakia",27 mins,1617,24.6 km,24631
Žíp,"[48.36023101, 20.19328376]","2801, 980 21 Žíp, Slovakia",Rimavská Sobota,"[48.37911671, 20.00957841]","Tomašovská 10-12, 979 01 Rimavská Sobota-Sobôtka, Slovakia",20 mins,1228,17.5 km,17530
Abovce,"[48.31394551, 20.34311331]","Unnamed Road, 980 44 Abovce, Slovakia",Rimavská Sobota,"[48.37911671, 20.00957841]","Tomašovská 10-12, 979 01 Rimavská Sobota-Sobôtka, Slovakia",34 mins,2034,31.9 km,31858
Riečka,"[48.34467282, 20.33531428]","Unnamed Road, 980 45 Riečka, Slovakia",Rimavská Sobota,"[48.37911671, 20.00957841]","Tomašovská 10-12, 979 01 Rimavská Sobota-Sobôtka, Slovakia",31 mins,1847,33.2 km,33213
