Krušovce,"[48.5927968, 18.20267268]","Školská 633/354, 956 31 Krušovce, Slovakia",Topoľčany,"[48.57665752, 18.16998407]","Malinová 37-39, 955 01 Topoľčany, Slovakia",10 mins,610,6.0 km,6045
Jacovce,"[48.59463797, 18.13042147]","Slobody 26, 956 21 Jacovce, Slovakia",Topoľčany,"[48.57665752, 18.16998407]","Malinová 37-39, 955 01 Topoľčany, Slovakia",10 mins,603,5.4 km,5387
Chrabrany,"[48.52310921, 18.13907306]","Ludanická 376/37, 955 01 Chrabrany, Slovakia",Topoľčany,"[48.57665752, 18.16998407]","Malinová 37-39, 955 01 Topoľčany, Slovakia",13 mins,755,7.5 km,7493
Orešany,"[48.50667437, 17.90916666]","956 06 Orešany, Slovakia",Topoľčany,"[48.57665752, 18.16998407]","Malinová 37-39, 955 01 Topoľčany, Slovakia",30 mins,1777,25.8 km,25841
Ardanovce,"[48.54772741, 17.89766987]","956 06 Ardanovce, Slovakia",Topoľčany,"[48.57665752, 18.16998407]","Malinová 37-39, 955 01 Topoľčany, Slovakia",29 mins,1715,23.5 km,23539
Svrbice,"[48.52074781, 17.87018286]","Unnamed Road, Horné Trhovište, Slovakia",Topoľčany,"[48.57665752, 18.16998407]","Malinová 37-39, 955 01 Topoľčany, Slovakia",38 mins,2306,30.2 km,30152
Dvorany nad Nitrou,"[48.48925708, 18.10943271]","64, 956 11 Dvorany nad Nitrou, Slovakia",Topoľčany,"[48.57665752, 18.16998407]","Malinová 37-39, 955 01 Topoľčany, Slovakia",16 mins,977,11.6 km,11639
Čeľadince,"[48.51132713, 18.17064062]","593, 956 16 Čeľadince, Slovakia",Topoľčany,"[48.57665752, 18.16998407]","Malinová 37-39, 955 01 Topoľčany, Slovakia",15 mins,903,10.6 km,10560
Solčianky,"[48.62298495, 18.19512564]","1753, 956 38 Solčianky, Slovakia",Topoľčany,"[48.57665752, 18.16998407]","Malinová 37-39, 955 01 Topoľčany, Slovakia",15 mins,873,10.7 km,10702
Horné Chlebany,"[48.60725388, 18.21973062]","Horné Chlebany 135, 956 31 Horné Chlebany, Slovakia",Topoľčany,"[48.57665752, 18.16998407]","Malinová 37-39, 955 01 Topoľčany, Slovakia",13 mins,772,8.5 km,8477
Tovarníky,"[48.5732952, 18.14522369]","Murárska 374/2, 955 01 Tovarníky, Slovakia",Topoľčany,"[48.57665752, 18.16998407]","Malinová 37-39, 955 01 Topoľčany, Slovakia",6 mins,361,2.4 km,2413
Nemčice,"[48.5500294, 18.12778803]","K Ihrisku 27/94, 955 01 Nemčice, Slovakia",Topoľčany,"[48.57665752, 18.16998407]","Malinová 37-39, 955 01 Topoľčany, Slovakia",9 mins,534,4.6 km,4585
Práznovce,"[48.52912036, 18.24593395]","Februárová 465/45, 956 19 Krnča, Slovakia",Topoľčany,"[48.57665752, 18.16998407]","Malinová 37-39, 955 01 Topoľčany, Slovakia",16 mins,976,11.3 km,11314
Kuzmice,"[48.57920336, 18.10354114]","Karlov 214/9, 956 21 Kuzmice, Slovakia",Topoľčany,"[48.57665752, 18.16998407]","Malinová 37-39, 955 01 Topoľčany, Slovakia",12 mins,735,7.7 km,7713
