Gemerské Dechtáre,"[48.23798543, 20.02030825]","Unnamed Road, 980 04 Gemerské Dechtáre, Slovakia",Rimavská Sobota,"[48.37911671, 20.00957841]","Tomašovská 10-12, 979 01 Rimavská Sobota-Sobôtka, Slovakia",33 mins,1973,26.1 km,26056
Gemerský Jablonec,"[48.19567792, 19.98603248]","2790, 980 35 Gemerský Jablonec, Slovakia",Rimavská Sobota,"[48.37911671, 20.00957841]","Tomašovská 10-12, 979 01 Rimavská Sobota-Sobôtka, Slovakia",39 mins,2321,34.5 km,34542
Gortva,"[48.28296104, 19.99562088]","Unnamed Road, 980 02 Gortva, Slovakia",Rimavská Sobota,"[48.37911671, 20.00957841]","Tomašovská 10-12, 979 01 Rimavská Sobota-Sobôtka, Slovakia",29 mins,1758,21.2 km,21197
Hajnáčka,"[48.22566626, 19.95824485]","Hajnáčka 430, 980 33 Hajnáčka, Slovakia",Rimavská Sobota,"[48.37911671, 20.00957841]","Tomašovská 10-12, 979 01 Rimavská Sobota-Sobôtka, Slovakia",35 mins,2128,31.1 km,31139
Hnúšťa,"[48.59126163, 19.96174352]","Hlavná 3625, 981 01 Hnúšťa, Slovakia",Rimavská Sobota,"[48.37911671, 20.00957841]","Tomašovská 10-12, 979 01 Rimavská Sobota-Sobôtka, Slovakia",27 mins,1609,26.5 km,26483
Hodejov,"[48.30456999, 19.97683683]","980 31 Hodejov, Slovakia",Rimavská Sobota,"[48.37911671, 20.00957841]","Tomašovská 10-12, 979 01 Rimavská Sobota-Sobôtka, Slovakia",26 mins,1571,20.4 km,20411
Hodejovec,"[48.27037324, 20.00445338]","Unnamed Road, 980 02 Hodejovec, Slovakia",Rimavská Sobota,"[48.37911671, 20.00957841]","Tomašovská 10-12, 979 01 Rimavská Sobota-Sobôtka, Slovakia",29 mins,1721,20.8 km,20762
Horné Zahorany,"[48.47199346, 19.99789126]","980 26 Horné Zahorany, Slovakia",Rimavská Sobota,"[48.37911671, 20.00957841]","Tomašovská 10-12, 979 01 Rimavská Sobota-Sobôtka, Slovakia",19 mins,1114,14.2 km,14235
Hostice,"[48.2332684, 20.08361937]","980 04 Hostice, Slovakia",Rimavská Sobota,"[48.37911671, 20.00957841]","Tomašovská 10-12, 979 01 Rimavská Sobota-Sobôtka, Slovakia",31 mins,1840,25.0 km,25024
Hostišovce,"[48.49850186, 20.12174712]","980 23 Hostišovce, Slovakia",Rimavská Sobota,"[48.37911671, 20.00957841]","Tomašovská 10-12, 979 01 Rimavská Sobota-Sobôtka, Slovakia",29 mins,1739,20.5 km,20469
Hrachovo,"[48.45962154, 19.92380124]","980 52 Hrachovo, Slovakia",Rimavská Sobota,"[48.37911671, 20.00957841]","Tomašovská 10-12, 979 01 Rimavská Sobota-Sobôtka, Slovakia",24 mins,1441,22.6 km,22556
Hrušovo,"[48.51963292, 20.04116402]","Unnamed Road, 980 25 Hrušovo, Slovakia",Rimavská Sobota,"[48.37911671, 20.00957841]","Tomašovská 10-12, 979 01 Rimavská Sobota-Sobôtka, Slovakia",30 mins,1808,22.9 km,22868
Hubovo,"[48.4002636, 20.38562562]","Unnamed Road, 980 50 Hubovo, Slovakia",Rimavská Sobota,"[48.37911671, 20.00957841]","Tomašovská 10-12, 979 01 Rimavská Sobota-Sobôtka, Slovakia",37 mins,2190,33.7 km,33683
Husiná,"[48.33496795, 19.89682992]","Unnamed Road, 985 42 Husiná, Slovakia",Rimavská Sobota,"[48.37911671, 20.00957841]","Tomašovská 10-12, 979 01 Rimavská Sobota-Sobôtka, Slovakia",17 mins,1031,13.7 km,13711
Chanava,"[48.33435572, 20.29612719]","Chanava 234, 980 44 Chanava, Slovakia",Rimavská Sobota,"[48.37911671, 20.00957841]","Tomašovská 10-12, 979 01 Rimavská Sobota-Sobôtka, Slovakia",32 mins,1912,31.7 km,31669
Chrámec,"[48.27090574, 20.17453143]","Unnamed Road, 980 42 Chrámec, Slovakia",Rimavská Sobota,"[48.37911671, 20.00957841]","Tomašovská 10-12, 979 01 Rimavská Sobota-Sobôtka, Slovakia",27 mins,1614,23.0 km,23010
Ivanice,"[48.32995168, 20.23791607]","Ivanice 55, 980 42 Ivanice, Slovakia",Rimavská Sobota,"[48.37911671, 20.00957841]","Tomašovská 10-12, 979 01 Rimavská Sobota-Sobôtka, Slovakia",28 mins,1654,25.1 km,25111
Janice,"[48.26719968, 20.20633603]","Unnamed Road, 980 42 Janice, Slovakia",Rimavská Sobota,"[48.37911671, 20.00957841]","Tomašovská 10-12, 979 01 Rimavská Sobota-Sobôtka, Slovakia",28 mins,1707,23.5 km,23495
Jesenské,"[48.29501768, 20.05789739]","Cifra 524, 980 02 Jesenské-Cifra, Slovakia",Rimavská Sobota,"[48.37911671, 20.00957841]","Tomašovská 10-12, 979 01 Rimavská Sobota-Sobôtka, Slovakia",21 mins,1260,15.5 km,15490
Jestice,"[48.21113189, 20.06561597]","980 04 Jestice, Slovakia",Rimavská Sobota,"[48.37911671, 20.00957841]","Tomašovská 10-12, 979 01 Rimavská Sobota-Sobôtka, Slovakia",33 mins,1960,26.9 km,26885
