Veľký Slavkov,"[49.09984688, 20.26727884]","Unnamed Road, 059 91 Veľký Slavkov, Slovakia",Poprad,"[49.06307432, 20.29532499]","Donská, 058 01 Poprad-Veľká, Slovakia",13 mins,752,6.2 km,6198
Vernár,"[48.91139153, 20.26218319]","66, 059 17 Vernár, Slovakia",Poprad,"[49.06307432, 20.29532499]","Donská, 058 01 Poprad-Veľká, Slovakia",24 mins,1433,21.2 km,21162
Vikartovce,"[48.96734136, 20.14411089]","Unnamed Road, 059 19 Vikartovce, Slovakia",Poprad,"[49.06307432, 20.29532499]","Donská, 058 01 Poprad-Veľká, Slovakia",24 mins,1445,19.0 km,18958
Vydrník,"[49.00090891, 20.40885361]","Vydrník 122, 059 14 Vydrník, Slovakia",Poprad,"[49.06307432, 20.29532499]","Donská, 058 01 Poprad-Veľká, Slovakia",21 mins,1252,15.7 km,15685
Šuňava,"[49.02060653, 20.09647701]","Sportova 206/8, 059 36 Šuňava, Slovakia",Poprad,"[49.06307432, 20.29532499]","Donská, 058 01 Poprad-Veľká, Slovakia",23 mins,1368,21.2 km,21249
Ždiar,"[49.27155427, 20.2406176]","66, 059 55 Ždiar, Slovakia",Poprad,"[49.06307432, 20.29532499]","Donská, 058 01 Poprad-Veľká, Slovakia",37 mins,2232,36.7 km,36719
Štôla,"[49.09559471, 20.13552775]","Štôla 49, 059 37 Štôla, Slovakia",Poprad,"[49.06307432, 20.29532499]","Donská, 058 01 Poprad-Veľká, Slovakia",16 mins,962,16.1 km,16083
Vysoké Tatry,"[49.12819755, 20.12222968]","Vyšné Hágy 6, 062 01 Vysoké Tatry, Slovakia",Poprad,"[49.06307432, 20.29532499]","Donská, 058 01 Poprad-Veľká, Slovakia",25 mins,1502,20.8 km,20823
Tatranská Javorina,"[49.23833627, 20.14755998]","Unnamed Road, 059 56 Tatranská Javorina, Slovakia",Poprad,"[49.06307432, 20.29532499]","Donská, 058 01 Poprad-Veľká, Slovakia",55 mins,3284,48.9 km,48944
