Lomnička,"[49.25277895, 20.58288877]","Unnamed Road, 065 03 Lomnička, Slovakia",Stará Ľubovňa,"[49.3156562, 20.69399573]","Zámocká 765/107, 064 01 Stará Ľubovňa, Slovakia",26 mins,1546,22.2 km,22188
Ľubotín,"[49.26127784, 20.88613008]","Hliník 54/24, 065 41 Ľubotín, Slovakia",Stará Ľubovňa,"[49.3156562, 20.69399573]","Zámocká 765/107, 064 01 Stará Ľubovňa, Slovakia",21 mins,1275,21.6 km,21645
Malý Lipník,"[49.33469529, 20.78799524]","Malý Lipník 72, 065 46 Malý Lipník, Slovakia",Stará Ľubovňa,"[49.3156562, 20.69399573]","Zámocká 765/107, 064 01 Stará Ľubovňa, Slovakia",20 mins,1199,19.0 km,19006
Matysová,"[49.32502348, 20.7507368]","Matysová 69, 065 46 Matysová, Slovakia",Stará Ľubovňa,"[49.3156562, 20.69399573]","Zámocká 765/107, 064 01 Stará Ľubovňa, Slovakia",26 mins,1545,22.6 km,22617
Mníšek nad Popradom,"[49.40192736, 20.71473109]","68, 065 22 Mníšek nad Popradom, Slovakia",Stará Ľubovňa,"[49.3156562, 20.69399573]","Zámocká 765/107, 064 01 Stará Ľubovňa, Slovakia",16 mins,932,14.6 km,14608
Nižné Ružbachy,"[49.28257254, 20.58167958]","Nižné Ružbachy 126, 065 02 Nižné Ružbachy, Slovakia",Stará Ľubovňa,"[49.3156562, 20.69399573]","Zámocká 765/107, 064 01 Stará Ľubovňa, Slovakia",14 mins,855,12.8 km,12844
Nová Ľubovňa,"[49.26997444, 20.68474557]","3146, 065 11 Nová Ľubovňa, Slovakia",Stará Ľubovňa,"[49.3156562, 20.69399573]","Zámocká 765/107, 064 01 Stará Ľubovňa, Slovakia",12 mins,721,6.8 km,6799
Obručné,"[49.29331114, 20.98699641]","77, Lenartov, Slovakia",Stará Ľubovňa,"[49.3156562, 20.69399573]","Zámocká 765/107, 064 01 Stará Ľubovňa, Slovakia",29 mins,1721,32.6 km,32564
Orlov,"[49.29807534, 20.87707025]","Unnamed Road, 065 43 Orlov, Slovakia",Stará Ľubovňa,"[49.3156562, 20.69399573]","Zámocká 765/107, 064 01 Stará Ľubovňa, Slovakia",27 mins,1615,23.8 km,23845
Plaveč,"[49.26124529, 20.83905991]","Ružová 201/6, 065 44 Plaveč, Slovakia",Stará Ľubovňa,"[49.3156562, 20.69399573]","Zámocká 765/107, 064 01 Stará Ľubovňa, Slovakia",20 mins,1174,18.9 km,18871
Plavnica,"[49.26951503, 20.76920549]","68, 065 45 Plavnica, Slovakia",Stará Ľubovňa,"[49.3156562, 20.69399573]","Zámocká 765/107, 064 01 Stará Ľubovňa, Slovakia",10 mins,581,9.9 km,9884
Podolínec,"[49.27949031, 20.52973555]","Unnamed Road, 065 03 Podolínec, Slovakia",Stará Ľubovňa,"[49.3156562, 20.69399573]","Zámocká 765/107, 064 01 Stará Ľubovňa, Slovakia",27 mins,1626,20.7 km,20657
Pusté Pole,"[49.21382003, 20.90461499]","3154, 065 41 Pusté Pole, Slovakia",Stará Ľubovňa,"[49.3156562, 20.69399573]","Zámocká 765/107, 064 01 Stará Ľubovňa, Slovakia",26 mins,1572,27.2 km,27198
Ruská Voľa nad Popradom,"[49.29153083, 20.9633884]","Ruská Voľa nad Popradom 23, 065 42 Ruská Voľa nad Popradom, Slovakia",Stará Ľubovňa,"[49.3156562, 20.69399573]","Zámocká 765/107, 064 01 Stará Ľubovňa, Slovakia",28 mins,1694,29.1 km,29123
Starina,"[49.31962774, 20.83102818]","Starina 26, 065 46 Starina, Slovakia",Stará Ľubovňa,"[49.3156562, 20.69399573]","Zámocká 765/107, 064 01 Stará Ľubovňa, Slovakia",29 mins,1734,24.6 km,24559
Stráňany,"[49.35909016, 20.53976807]","Stráňany 115, 065 33 Stráňany, Slovakia",Stará Ľubovňa,"[49.3156562, 20.69399573]","Zámocká 765/107, 064 01 Stará Ľubovňa, Slovakia",20 mins,1174,18.4 km,18416
Sulín,"[49.36221313, 20.74910458]","Veľký Sulín 128, 065 46 Sulín, Slovakia",Stará Ľubovňa,"[49.3156562, 20.69399573]","Zámocká 765/107, 064 01 Stará Ľubovňa, Slovakia",39 mins,2368,29.1 km,29148
Šambron,"[49.22663694, 20.746057]","Šambron, Slovakia",Stará Ľubovňa,"[49.3156562, 20.69399573]","Zámocká 765/107, 064 01 Stará Ľubovňa, Slovakia",18 mins,1074,16.2 km,16172
Šarišské Jastrabie,"[49.24539792, 20.93313409]","Unnamed Road, 065 48 Šarišské Jastrabie, Slovakia",Stará Ľubovňa,"[49.3156562, 20.69399573]","Zámocká 765/107, 064 01 Stará Ľubovňa, Slovakia",29 mins,1763,27.1 km,27065
Údol,"[49.29683342, 20.80851054]","Údol 1, 065 45 Údol, Slovakia",Stará Ľubovňa,"[49.3156562, 20.69399573]","Zámocká 765/107, 064 01 Stará Ľubovňa, Slovakia",19 mins,1158,16.0 km,15984
