Valkovce,"[49.16597795, 21.52102413]","Valkovce 35, 090 42 Valkovce, Slovakia",Svidník,"[49.30776464, 21.57281024]","Ľudovíta Štúra 10-19, 089 01 Svidník, Slovakia",27 mins,1599,22.7 km,22737
Vápeník,"[49.39648175, 21.53909369]","Vápeník 30, 090 02 Vápeník, Slovakia",Svidník,"[49.30776464, 21.57281024]","Ľudovíta Štúra 10-19, 089 01 Svidník, Slovakia",17 mins,1005,13.2 km,13165
Vyšná Jedľová,"[49.35365087, 21.54409181]","089 01 Vyšná Jedľová, Slovakia",Svidník,"[49.30776464, 21.57281024]","Ľudovíta Štúra 10-19, 089 01 Svidník, Slovakia",14 mins,850,7.6 km,7570
Vyšná Pisaná,"[49.41454426, 21.6022415]","Unnamed Road, 090 01 Vyšná Pisaná, Slovakia",Svidník,"[49.30776464, 21.57281024]","Ľudovíta Štúra 10-19, 089 01 Svidník, Slovakia",20 mins,1197,13.9 km,13947
Vyšný Komárnik,"[49.40407769, 21.70531045]","Vyšný Komárnik 16, 090 05 Vyšný Komárnik, Slovakia",Svidník,"[49.30776464, 21.57281024]","Ľudovíta Štúra 10-19, 089 01 Svidník, Slovakia",21 mins,1267,17.3 km,17263
Vyšný Mirošov,"[49.39113116, 21.45154405]","090 11 Vyšný Mirošov, Slovakia",Svidník,"[49.30776464, 21.57281024]","Ľudovíta Štúra 10-19, 089 01 Svidník, Slovakia",17 mins,990,14.2 km,14172
Vyšný Orlík,"[49.34646951, 21.49571248]","77, 090 11 Vyšný Orlík, Slovakia",Svidník,"[49.30776464, 21.57281024]","Ľudovíta Štúra 10-19, 089 01 Svidník, Slovakia",9 mins,569,7.8 km,7770
Dukovce,"[49.11935933, 21.40114277]","086 44 Dukovce, Slovakia",Svidník,"[49.30776464, 21.57281024]","Ľudovíta Štúra 10-19, 089 01 Svidník, Slovakia",42 mins,2517,38.3 km,38270
