Malé Zálužie,"[48.43581131, 17.98389941]","Malé Zálužie 103, 951 24 Malé Zálužie, Slovakia",Nitra,"[48.30086558, 18.08622616]","Špitálska 2631/2, 949 01 Nitra, Slovakia",26 mins,1585,20.0 km,19976
Melek,"[48.20241925, 18.33219498]","Melek 77, 952 01 Melek, Slovakia",Nitra,"[48.30086558, 18.08622616]","Špitálska 2631/2, 949 01 Nitra, Slovakia",32 mins,1934,27.1 km,27070
Mojmírovce,"[48.20111897, 18.06462502]","Ulica Andreja Hlinku 1511, 951 15 Mojmírovce, Slovakia",Nitra,"[48.30086558, 18.08622616]","Špitálska 2631/2, 949 01 Nitra, Slovakia",20 mins,1213,14.9 km,14866
Nová Ves nad Žitavou,"[48.28539213, 18.32388226]","Nová Ves nad Žitavou, Slovakia",Nitra,"[48.30086558, 18.08622616]","Špitálska 2631/2, 949 01 Nitra, Slovakia",28 mins,1704,30.7 km,30684
Nové Sady,"[48.42058334, 17.96270479]","1684, 951 24 Nové Sady, Slovakia",Nitra,"[48.30086558, 18.08622616]","Špitálska 2631/2, 949 01 Nitra, Slovakia",27 mins,1603,19.4 km,19366
Paňa,"[48.23234114, 18.23667589]","Paňianska 233, 951 05 Paňa, Slovakia",Nitra,"[48.30086558, 18.08622616]","Špitálska 2631/2, 949 01 Nitra, Slovakia",23 mins,1395,19.1 km,19063
Podhorany,"[48.37267125, 18.11851953]","Podhorany 115, 951 46 Podhorany, Slovakia",Nitra,"[48.30086558, 18.08622616]","Špitálska 2631/2, 949 01 Nitra, Slovakia",24 mins,1420,17.4 km,17385
Pohranice,"[48.32927799, 18.17579081]","Pohranice 59, 951 02 Pohranice, Slovakia",Nitra,"[48.30086558, 18.08622616]","Špitálska 2631/2, 949 01 Nitra, Slovakia",14 mins,841,9.7 km,9712
Poľný Kesov,"[48.16197009, 18.04930939]","951 15 Poľný Kesov, Slovakia",Nitra,"[48.30086558, 18.08622616]","Špitálska 2631/2, 949 01 Nitra, Slovakia",27 mins,1634,20.9 km,20941
Rišňovce,"[48.36125257, 17.90799366]","951 21 Rišňovce, Slovakia",Nitra,"[48.30086558, 18.08622616]","Špitálska 2631/2, 949 01 Nitra, Slovakia",23 mins,1350,17.1 km,17066
Rumanová,"[48.33738834, 17.87240065]","1674, 951 37 Rumanová, Slovakia",Nitra,"[48.30086558, 18.08622616]","Špitálska 2631/2, 949 01 Nitra, Slovakia",22 mins,1309,25.2 km,25216
Šurianky,"[48.41300823, 18.02784329]","1681, 951 26 Šurianky, Slovakia",Nitra,"[48.30086558, 18.08622616]","Špitálska 2631/2, 949 01 Nitra, Slovakia",20 mins,1219,16.1 km,16134
Tajná,"[48.26174438, 18.3675725]","952 01 Tajná, Slovakia",Nitra,"[48.30086558, 18.08622616]","Špitálska 2631/2, 949 01 Nitra, Slovakia",33 mins,1994,27.9 km,27863
Veľká Dolina,"[48.17851741, 18.01369596]","951 15 Veľká Dolina, Slovakia",Nitra,"[48.30086558, 18.08622616]","Špitálska 2631/2, 949 01 Nitra, Slovakia",22 mins,1313,19.1 km,19080
Veľké Zálužie,"[48.31192489, 17.93946654]","Rapatská 1249, 951 35 Veľké Zálužie, Slovakia",Nitra,"[48.30086558, 18.08622616]","Špitálska 2631/2, 949 01 Nitra, Slovakia",19 mins,1159,12.6 km,12614
Veľký Cetín,"[48.2254673, 18.1972436]","Mlynská 636, 951 05 Veľký Cetín, Slovakia",Nitra,"[48.30086558, 18.08622616]","Špitálska 2631/2, 949 01 Nitra, Slovakia",20 mins,1190,15.1 km,15097
Vinodol,"[48.19015978, 18.21481733]","Donátova, 951 06 Vinodol, Slovakia",Nitra,"[48.30086558, 18.08622616]","Špitálska 2631/2, 949 01 Nitra, Slovakia",23 mins,1388,19.2 km,19203
Vráble,"[48.24258799, 18.31141794]","Levická 636/58, 952 01 Vráble, Slovakia",Nitra,"[48.30086558, 18.08622616]","Špitálska 2631/2, 949 01 Nitra, Slovakia",25 mins,1522,21.6 km,21566
Výčapy-Opatovce,"[48.41528276, 18.07462148]","Unnamed Road, 951 44 Výčapy - Opatovce, Slovakia",Nitra,"[48.30086558, 18.08622616]","Špitálska 2631/2, 949 01 Nitra, Slovakia",23 mins,1404,17.4 km,17358
Zbehy,"[48.36635529, 18.00035925]","Unnamed Road, 951 42 Zbehy, Slovakia",Nitra,"[48.30086558, 18.08622616]","Špitálska 2631/2, 949 01 Nitra, Slovakia",21 mins,1288,12.2 km,12244
