Nižná Pisaná,"[49.38802206, 21.60019399]","3539, 090 01 Nižná Pisaná, Slovakia",Svidník,"[49.30776464, 21.57281024]","Ľudovíta Štúra 10-19, 089 01 Svidník, Slovakia",13 mins,784,10.1 km,10138
Nižný Komárnik,"[49.3817309, 21.71921539]","Unnamed Road, 090 05 Nižný Komárnik, Slovakia",Svidník,"[49.30776464, 21.57281024]","Ľudovíta Štúra 10-19, 089 01 Svidník, Slovakia",25 mins,1528,16.1 km,16142
Nižný Mirošov,"[49.35890316, 21.47105606]","Nižný Mirošov 27, 090 11 Nižný Mirošov, Slovakia",Svidník,"[49.30776464, 21.57281024]","Ľudovíta Štúra 10-19, 089 01 Svidník, Slovakia",13 mins,777,10.2 km,10174
Nižný Orlík,"[49.3308482, 21.52958709]","Nižný Orlík 83, 090 11 Nižný Orlík, Slovakia",Svidník,"[49.30776464, 21.57281024]","Ľudovíta Štúra 10-19, 089 01 Svidník, Slovakia",8 mins,456,4.7 km,4727
Nová Polianka,"[49.29088958, 21.61896527]","3549, 089 01 Nová Polianka, Slovakia",Svidník,"[49.30776464, 21.57281024]","Ľudovíta Štúra 10-19, 089 01 Svidník, Slovakia",10 mins,625,7.2 km,7160
Okrúhle,"[49.18420303, 21.54418749]","3535, 090 42 Okrúhle, Slovakia",Svidník,"[49.30776464, 21.57281024]","Ľudovíta Štúra 10-19, 089 01 Svidník, Slovakia",22 mins,1343,19.4 km,19418
Príkra,"[49.36336115, 21.74434493]","Príkra 26, 090 05 Príkra, Slovakia",Svidník,"[49.30776464, 21.57281024]","Ľudovíta Štúra 10-19, 089 01 Svidník, Slovakia",24 mins,1439,17.6 km,17583
Pstriná,"[49.30783944, 21.74799806]","Pstriná 12, 090 05 Pstriná, Slovakia",Svidník,"[49.30776464, 21.57281024]","Ľudovíta Štúra 10-19, 089 01 Svidník, Slovakia",26 mins,1547,20.7 km,20690
Radoma,"[49.19857865, 21.57022396]","3581, 090 42 Radoma, Slovakia",Svidník,"[49.30776464, 21.57281024]","Ľudovíta Štúra 10-19, 089 01 Svidník, Slovakia",18 mins,1103,16.8 km,16844
Rakovčík,"[49.24128195, 21.57388813]","E371, Rakovčík, Slovakia",Svidník,"[49.30776464, 21.57281024]","Ľudovíta Štúra 10-19, 089 01 Svidník, Slovakia",10 mins,608,10.1 km,10109
Rovné,"[49.28184704, 21.51530362]","3523, 090 16 Rovné, Slovakia",Svidník,"[49.30776464, 21.57281024]","Ľudovíta Štúra 10-19, 089 01 Svidník, Slovakia",14 mins,863,11.6 km,11624
Roztoky,"[49.39819321, 21.48730461]","090 11 Roztoky, Slovakia",Svidník,"[49.30776464, 21.57281024]","Ľudovíta Štúra 10-19, 089 01 Svidník, Slovakia",20 mins,1194,15.7 km,15700
Soboš,"[49.14586242, 21.5632936]","Soboš 19, 090 42 Soboš, Slovakia",Svidník,"[49.30776464, 21.57281024]","Ľudovíta Štúra 10-19, 089 01 Svidník, Slovakia",26 mins,1581,23.9 km,23858
Stročín,"[49.26868077, 21.60534206]","Stročín 132, 089 01 Stročín, Slovakia",Svidník,"[49.30776464, 21.57281024]","Ľudovíta Štúra 10-19, 089 01 Svidník, Slovakia",8 mins,472,6.5 km,6472
Svidnička,"[49.38594766, 21.56753488]","3540, 090 02 Svidnička, Slovakia",Svidník,"[49.30776464, 21.57281024]","Ľudovíta Štúra 10-19, 089 01 Svidník, Slovakia",13 mins,794,10.7 km,10685
Šarbov,"[49.4294674, 21.62388411]","Unnamed Road, 090 05 Šarbov, Slovakia",Svidník,"[49.30776464, 21.57281024]","Ľudovíta Štúra 10-19, 089 01 Svidník, Slovakia",25 mins,1526,18.7 km,18732
Šarišský Štiavnik,"[49.21464326, 21.56440239]","E371, 090 42 Šarišský Štiavnik, Slovakia",Svidník,"[49.30776464, 21.57281024]","Ľudovíta Štúra 10-19, 089 01 Svidník, Slovakia",15 mins,917,14.4 km,14406
Šemetkovce,"[49.31510487, 21.66653046]","090 03 Šemetkovce, Slovakia",Svidník,"[49.30776464, 21.57281024]","Ľudovíta Štúra 10-19, 089 01 Svidník, Slovakia",16 mins,971,11.4 km,11437
Štefurov,"[49.18688387, 21.49709785]","Unnamed Road, 090 42 Štefurov, Slovakia",Svidník,"[49.30776464, 21.57281024]","Ľudovíta Štúra 10-19, 089 01 Svidník, Slovakia",30 mins,1822,25.8 km,25771
Vagrinec,"[49.31059229, 21.63327906]","Vagrinec 48, 090 03 Vagrinec, Slovakia",Svidník,"[49.30776464, 21.57281024]","Ľudovíta Štúra 10-19, 089 01 Svidník, Slovakia",12 mins,715,7.9 km,7857
