Hertník,"[49.2056756, 21.21645463]","Unnamed Road, 086 42 Hertník, Slovakia",Bardejov,"[49.3033095, 21.2756239]","Kukorelliho 43, 085 01 Bardejov, Slovakia",19 mins,1130,14.0 km,14028
Hervartov,"[49.24506611, 21.19473173]","Hervartov 142, 086 22 Hervartov, Slovakia",Bardejov,"[49.3033095, 21.2756239]","Kukorelliho 43, 085 01 Bardejov, Slovakia",16 mins,935,10.7 km,10715
Hrabovec,"[49.2739462, 21.38170423]","Hrabovec 62, 086 11 Hrabovec, Slovakia",Bardejov,"[49.3033095, 21.2756239]","Kukorelliho 43, 085 01 Bardejov, Slovakia",11 mins,682,9.6 km,9611
Hrabské,"[49.34444145, 21.07364538]","Hrabské 135, 086 06 Hrabské, Slovakia",Bardejov,"[49.3033095, 21.2756239]","Kukorelliho 43, 085 01 Bardejov, Slovakia",25 mins,1481,20.0 km,20039
Hutka,"[49.40000442, 21.42754898]","Hutka 36, 086 36 Hutka, Slovakia",Bardejov,"[49.3033095, 21.2756239]","Kukorelliho 43, 085 01 Bardejov, Slovakia",20 mins,1176,19.2 km,19220
Chmeľová,"[49.4012924, 21.29689797]","Chmeľová 65, 086 33 Chmeľová, Slovakia",Bardejov,"[49.3033095, 21.2756239]","Kukorelliho 43, 085 01 Bardejov, Slovakia",16 mins,951,13.4 km,13401
Janovce,"[49.18567493, 21.30572079]","Janovce 74, 086 41 Janovce, Slovakia",Bardejov,"[49.3033095, 21.2756239]","Kukorelliho 43, 085 01 Bardejov, Slovakia",19 mins,1164,16.4 km,16430
Jedlinka,"[49.40238033, 21.36534486]","Jedlinka 25, 086 36 Jedlinka, Slovakia",Bardejov,"[49.3033095, 21.2756239]","Kukorelliho 43, 085 01 Bardejov, Slovakia",19 mins,1150,16.1 km,16146
Kľušov,"[49.24426767, 21.26367846]","545, 086 22 Kľušov, Slovakia",Bardejov,"[49.3033095, 21.2756239]","Kukorelliho 43, 085 01 Bardejov, Slovakia",10 mins,622,8.2 km,8205
Kobyly,"[49.21795935, 21.30347129]","086 22 Kobyly, Slovakia",Bardejov,"[49.3033095, 21.2756239]","Kukorelliho 43, 085 01 Bardejov, Slovakia",17 mins,1019,13.3 km,13255
Kochanovce,"[49.18861811, 21.36952206]","Kochanovce 181, 086 46 Kochanovce, Slovakia",Bardejov,"[49.3033095, 21.2756239]","Kukorelliho 43, 085 01 Bardejov, Slovakia",31 mins,1844,23.2 km,23211
Komárov,"[49.2786417, 21.34803501]","Komárov 78, 086 11 Komárov, Slovakia",Bardejov,"[49.3033095, 21.2756239]","Kukorelliho 43, 085 01 Bardejov, Slovakia",11 mins,662,7.6 km,7583
Koprivnica,"[49.16513533, 21.40072599]","Unnamed Road, 086 43 Koprivnica, Slovakia",Bardejov,"[49.3033095, 21.2756239]","Kukorelliho 43, 085 01 Bardejov, Slovakia",31 mins,1831,24.4 km,24420
Kožany,"[49.21378138, 21.49788653]","3535, 086 12 Kožany, Slovakia",Bardejov,"[49.3033095, 21.2756239]","Kukorelliho 43, 085 01 Bardejov, Slovakia",25 mins,1498,21.9 km,21896
Krivé,"[49.29441754, 21.1523019]","Krivé 33, 086 04 Krivé, Slovakia",Bardejov,"[49.3033095, 21.2756239]","Kukorelliho 43, 085 01 Bardejov, Slovakia",19 mins,1111,15.8 km,15833
Kríže,"[49.2242849, 21.14538193]","Unnamed Road, 086 04 Kríže, Slovakia",Bardejov,"[49.3033095, 21.2756239]","Kukorelliho 43, 085 01 Bardejov, Slovakia",32 mins,1939,25.1 km,25073
Kružlov,"[49.30552449, 21.1248224]","Unnamed Road, 086 04 Kružlov, Slovakia",Bardejov,"[49.3033095, 21.2756239]","Kukorelliho 43, 085 01 Bardejov, Slovakia",19 mins,1135,14.5 km,14499
Kučín,"[49.20547542, 21.46411632]","086 12 Kučín, Slovakia",Bardejov,"[49.3033095, 21.2756239]","Kukorelliho 43, 085 01 Bardejov, Slovakia",22 mins,1340,20.1 km,20139
Kurima,"[49.23170082, 21.46799381]","086 12 Kurima, Slovakia",Bardejov,"[49.3033095, 21.2756239]","Kukorelliho 43, 085 01 Bardejov, Slovakia",20 mins,1216,18.2 km,18178
Kurov,"[49.34727304, 21.12327326]","086 04 Kurov, Slovakia",Bardejov,"[49.3033095, 21.2756239]","Kukorelliho 43, 085 01 Bardejov, Slovakia",18 mins,1084,15.2 km,15214
