Malá Tŕňa,"[48.44817941, 21.68867142]","Kráľovka 154/35, 076 82 Malá Tŕňa, Slovakia",Trebišov,"[48.62714808, 21.73504256]","Unnamed Road, 075 01 Trebišov, Slovakia",32 mins,1940,29.7 km,29749
Veľká Tŕňa,"[48.47433779, 21.68227025]","Konopná 58/20, 076 82 Veľká Tŕňa, Slovakia",Trebišov,"[48.62714808, 21.73504256]","Unnamed Road, 075 01 Trebišov, Slovakia",32 mins,1920,28.1 km,28123
Klin nad Bodrogom,"[48.37197991, 21.72185225]","Unnamed Road, 076 31 Klin nad Bodrogom, Slovakia",Trebišov,"[48.62714808, 21.73504256]","Unnamed Road, 075 01 Trebišov, Slovakia",55 mins,3275,43.9 km,43878
Stanča,"[48.56473484, 21.65724443]","Staničná 72, 076 16 Stanča, Slovakia",Trebišov,"[48.62714808, 21.73504256]","Unnamed Road, 075 01 Trebišov, Slovakia",23 mins,1388,18.6 km,18638
Trebišov,"[48.62714808, 21.73504256]","Unnamed Road, 075 01 Trebišov, Slovakia",Trebišov,"[48.62714808, 21.73504256]","Unnamed Road, 075 01 Trebišov, Slovakia",1 min,0,1 m,0
Bačka,"[48.4438581, 22.05433633]","Hlavná 129/42, 076 84 Bačka, Slovakia",Trebišov,"[48.62714808, 21.73504256]","Unnamed Road, 075 01 Trebišov, Slovakia",59 mins,3535,63.5 km,63471
Bačkov,"[48.75588439, 21.60476512]","Lesná 243/23, 076 61 Bačkov, Slovakia",Trebišov,"[48.62714808, 21.73504256]","Unnamed Road, 075 01 Trebišov, Slovakia",27 mins,1642,21.3 km,21259
Bara,"[48.42175696, 21.72498345]","3670, 076 32 Bara, Slovakia",Trebišov,"[48.62714808, 21.73504256]","Unnamed Road, 075 01 Trebišov, Slovakia",37 mins,2190,32.8 km,32769
Biel,"[48.40522737, 22.05531987]","Hlavná 60/122, 076 41 Biel, Slovakia",Trebišov,"[48.62714808, 21.73504256]","Unnamed Road, 075 01 Trebišov, Slovakia",1 hour 4 mins,3823,71.6 km,71622
Svätá Mária,"[48.4467211, 21.83645722]","3694, 076 35 Svätá Mária, Slovakia",Trebišov,"[48.62714808, 21.73504256]","Unnamed Road, 075 01 Trebišov, Slovakia",50 mins,2988,49.1 km,49084
Boľ,"[48.47752081, 21.94106109]","076 53 Boľ, Slovakia",Trebišov,"[48.62714808, 21.73504256]","Unnamed Road, 075 01 Trebišov, Slovakia",59 mins,3516,57.8 km,57812
Borša,"[48.39663281, 21.70180057]","Hlavná 219/97, 076 32 Borša, Slovakia",Trebišov,"[48.62714808, 21.73504256]","Unnamed Road, 075 01 Trebišov, Slovakia",35 mins,2080,34.0 km,34032
Boťany,"[48.45221393, 22.09896613]","Unnamed Road, 076 43 Boťany, Slovakia",Trebišov,"[48.62714808, 21.73504256]","Unnamed Road, 075 01 Trebišov, Slovakia",1 hour 8 mins,4089,73.8 km,73808
Brehov,"[48.48989591, 21.80725457]","3663, 076 05 Brehov, Slovakia",Trebišov,"[48.62714808, 21.73504256]","Unnamed Road, 075 01 Trebišov, Slovakia",28 mins,1673,25.2 km,25222
Brezina,"[48.55089057, 21.55258163]","Brezová 42, 076 12 Brezina, Slovakia",Trebišov,"[48.62714808, 21.73504256]","Unnamed Road, 075 01 Trebišov, Slovakia",30 mins,1803,23.0 km,22969
Byšta,"[48.52433618, 21.54878086]","Hlavná 35, 076 13 Byšta, Slovakia",Trebišov,"[48.62714808, 21.73504256]","Unnamed Road, 075 01 Trebišov, Slovakia",38 mins,2271,29.9 km,29854
Cejkov,"[48.46298176, 21.76102919]","Cejkov 166, 076 05 Cejkov, Slovakia",Trebišov,"[48.62714808, 21.73504256]","Unnamed Road, 075 01 Trebišov, Slovakia",31 mins,1830,26.3 km,26326
Čeľovce,"[48.60133727, 21.62759322]","Hlavná 76/57, 076 17 Čeľovce, Slovakia",Trebišov,"[48.62714808, 21.73504256]","Unnamed Road, 075 01 Trebišov, Slovakia",19 mins,1150,13.9 km,13907
Čerhov,"[48.46289018, 21.64522717]","3680, 076 81 Čerhov, Slovakia",Trebišov,"[48.62714808, 21.73504256]","Unnamed Road, 075 01 Trebišov, Slovakia",26 mins,1579,24.6 km,24615
Černochov,"[48.44350841, 21.72695394]","Lesná 46/26, 076 32 Černochov, Slovakia",Trebišov,"[48.62714808, 21.73504256]","Unnamed Road, 075 01 Trebišov, Slovakia",38 mins,2271,33.0 km,33027
