Plešivec,"[48.5823976, 20.41720022]","Unnamed Road, 049 11 Plešivec, Slovakia",Rožňava,"[48.69128559, 20.55809201]","Unnamed Road, 048 01 Rožňava, Slovakia",36 mins,2150,30.0 km,29962
Rakovnica,"[48.65757408, 20.45506108]","Rakovnica 259, 049 31 Rakovnica, Slovakia",Rožňava,"[48.69128559, 20.55809201]","Unnamed Road, 048 01 Rožňava, Slovakia",20 mins,1196,10.8 km,10850
Rejdová,"[48.79611541, 20.24712987]","Unnamed Road, 049 26 Rejdová, Slovakia",Rožňava,"[48.69128559, 20.55809201]","Unnamed Road, 048 01 Rožňava, Slovakia",49 mins,2940,38.0 km,38037
Rochovce,"[48.69996954, 20.29307788]","049 36 Rochovce, Slovakia",Rožňava,"[48.69128559, 20.55809201]","Unnamed Road, 048 01 Rožňava, Slovakia",35 mins,2104,25.7 km,25697
Roštár,"[48.69645548, 20.36314076]","Roštár 34, 049 35 Roštár, Slovakia",Rožňava,"[48.69128559, 20.55809201]","Unnamed Road, 048 01 Rožňava, Slovakia",28 mins,1685,23.2 km,23193
Rozložná,"[48.61715986, 20.33150871]","Rozložná 99, 049 32 Rozložná, Slovakia",Rožňava,"[48.69128559, 20.55809201]","Unnamed Road, 048 01 Rožňava, Slovakia",33 mins,2000,23.9 km,23937
Rožňavské Bystré,"[48.67386569, 20.44127752]","Unnamed Road, 049 31 Rožňavské Bystré, Slovakia",Rožňava,"[48.69128559, 20.55809201]","Unnamed Road, 048 01 Rožňava, Slovakia",22 mins,1325,13.1 km,13065
Rudná,"[48.66340516, 20.48423383]","Rudná 311, 048 01 Rudná, Slovakia",Rožňava,"[48.69128559, 20.55809201]","Unnamed Road, 048 01 Rožňava, Slovakia",17 mins,1046,8.7 km,8708
Silica,"[48.56925116, 20.52855448]","Unnamed Road, 049 52 Silica, Slovakia",Rožňava,"[48.69128559, 20.55809201]","Unnamed Road, 048 01 Rožňava, Slovakia",44 mins,2636,30.9 km,30856
Silická Brezová,"[48.53331515, 20.4883983]","Silická Brezová 61, 049 11 Silická Brezová, Slovakia",Rožňava,"[48.69128559, 20.55809201]","Unnamed Road, 048 01 Rožňava, Slovakia",36 mins,2183,32.8 km,32768
Silická Jablonica,"[48.56621905, 20.59164311]","Unnamed Road, 049 43 Silická Jablonica, Slovakia",Rožňava,"[48.69128559, 20.55809201]","Unnamed Road, 048 01 Rožňava, Slovakia",40 mins,2412,30.0 km,30001
Slavec,"[48.57902715, 20.46993976]","3021, 049 11 Slavec, Slovakia",Rožňava,"[48.69128559, 20.55809201]","Unnamed Road, 048 01 Rožňava, Slovakia",21 mins,1284,18.4 km,18426
Slavoška,"[48.73599553, 20.33773538]","Unnamed Road, 049 34 Slavoška, Slovakia",Rožňava,"[48.69128559, 20.55809201]","Unnamed Road, 048 01 Rožňava, Slovakia",37 mins,2193,29.8 km,29801
Slavošovce,"[48.72203217, 20.27461158]","Slavošovce 259, 049 36 Slavošovce, Slovakia",Rožňava,"[48.69128559, 20.55809201]","Unnamed Road, 048 01 Rožňava, Slovakia",39 mins,2361,28.8 km,28842
Stratená,"[48.89448603, 20.34725017]","Unnamed Road, 049 71 Stratená, Slovakia",Rožňava,"[48.69128559, 20.55809201]","Unnamed Road, 048 01 Rožňava, Slovakia",1 hour 1 min,3664,48.7 km,48736
Štítnik,"[48.66472823, 20.35929081]","587, 049 32 Štítnik, Slovakia",Rožňava,"[48.69128559, 20.55809201]","Unnamed Road, 048 01 Rožňava, Slovakia",26 mins,1587,18.6 km,18579
Vlachovo,"[48.79222112, 20.42301411]","Unnamed Road, 049 24 Vlachovo, Slovakia",Rožňava,"[48.69128559, 20.55809201]","Unnamed Road, 048 01 Rožňava, Slovakia",34 mins,2014,25.0 km,24953
Vyšná Slaná,"[48.7892408, 20.32666336]","3033, 049 26 Vyšná Slaná, Slovakia",Rožňava,"[48.69128559, 20.55809201]","Unnamed Road, 048 01 Rožňava, Slovakia",34 mins,2041,30.4 km,30398
Brzotín,"[48.6260723, 20.4962404]","Gemerská 136, 049 51 Brzotín, Slovakia",Rožňava,"[48.69128559, 20.55809201]","Unnamed Road, 048 01 Rožňava, Slovakia",20 mins,1172,12.8 km,12833
Čučma,"[48.71587253, 20.55505165]","Unnamed Road, 048 01 Čučma, Slovakia",Rožňava,"[48.69128559, 20.55809201]","Unnamed Road, 048 01 Rožňava, Slovakia",14 mins,841,5.8 km,5805
