Skároš,"[48.59183157, 21.41710167]","Skároš 286, 044 11 Skároš, Slovakia",Košice - okolie,Košice - okolie,"Košice-okolie District, Slovakia",54 mins,3232,43.8 km,43775
Slanec,"[48.63756031, 21.47559045]","Forgáčova 211/6, 044 17 Slanec, Slovakia",Košice - okolie,Košice - okolie,"Košice-okolie District, Slovakia",39 mins,2326,39.2 km,39223
Slanská Huta,"[48.57875529, 21.49759316]","Unnamed Road, 044 17 Nový Salaš, Slovakia",Košice - okolie,Košice - okolie,"Košice-okolie District, Slovakia",57 mins,3399,50.4 km,50384
Slanské Nové Mesto,"[48.65633727, 21.52630636]","Unnamed Road, 044 18 Slanské Nové Mesto, Slovakia",Košice - okolie,Košice - okolie,"Košice-okolie District, Slovakia",56 mins,3365,50.0 km,50009
Sokoľ,"[48.8160259, 21.19656281]","Unnamed Road, 044 31 Sokoľ, Slovakia",Košice - okolie,Košice - okolie,"Košice-okolie District, Slovakia",43 mins,2596,33.6 km,33629
Svinica,"[48.72376033, 21.48899527]","Unnamed Road, 044 45 Svinica, Slovakia",Košice - okolie,Košice - okolie,"Košice-okolie District, Slovakia",49 mins,2923,43.0 km,43042
Šemša,"[48.67905313, 21.12473986]","Šemša 204, 044 21 Šemša, Slovakia",Košice - okolie,Košice - okolie,"Košice-okolie District, Slovakia",6 mins,360,5.9 km,5906
Štós,"[48.70936544, 20.7905776]","Štós 191, 044 26 Štós, Slovakia",Košice - okolie,Košice - okolie,"Košice-okolie District, Slovakia",24 mins,1411,22.9 km,22852
Trebejov,"[48.83595912, 21.22438358]","Trebejov 249, 044 81 Trebejov, Slovakia",Košice - okolie,Košice - okolie,"Košice-okolie District, Slovakia",39 mins,2365,34.3 km,34344
Trsťany,"[48.76117255, 21.39896626]","Trsťany 37, 044 45 Trsťany, Slovakia",Košice - okolie,Košice - okolie,"Košice-okolie District, Slovakia",39 mins,2361,40.0 km,40025
Trstené pri Hornáde,"[48.5714942, 21.34708194]","JRD 483/69, 044 11 Trstené pri Hornáde, Slovakia",Košice - okolie,Košice - okolie,"Košice-okolie District, Slovakia",35 mins,2116,34.9 km,34894
Vajkovce,"[48.78770592, 21.32786362]","3325, 044 43 Vajkovce, Slovakia",Košice - okolie,Košice - okolie,"Košice-okolie District, Slovakia",30 mins,1785,33.7 km,33728
Valaliky,"[48.63724704, 21.28718514]","Unnamed Road, 044 13 Valaliky, Slovakia",Košice - okolie,Košice - okolie,"Košice-okolie District, Slovakia",26 mins,1574,24.8 km,24765
Veľká Ida,"[48.60546348, 21.13838294]","Unnamed Road, 044 55 Veľká Ida, Slovakia",Košice - okolie,Košice - okolie,"Košice-okolie District, Slovakia",22 mins,1295,19.0 km,19030
Veľká Lodina,"[48.85640305, 21.15714093]","Veľká Lodina 99, 044 81 Veľká Lodina, Slovakia",Košice - okolie,Košice - okolie,"Košice-okolie District, Slovakia",47 mins,2797,52.3 km,52269
Vtáčkovce,"[48.83722064, 21.37899314]","3336, 044 47 Vtáčkovce, Slovakia",Košice - okolie,Košice - okolie,"Košice-okolie District, Slovakia",39 mins,2315,42.2 km,42192
Vyšná Hutka,"[48.67866385, 21.3619942]","Vyšná Hutka 130, 040 18 Vyšná Hutka, Slovakia",Košice - okolie,Košice - okolie,"Košice-okolie District, Slovakia",31 mins,1858,28.6 km,28641
Vyšná Kamenica,"[48.7868612, 21.50327638]","Unnamed Road, 044 45 Vyšná Kamenica, Slovakia",Košice - okolie,Košice - okolie,"Košice-okolie District, Slovakia",47 mins,2844,46.9 km,46935
Vyšná Myšľa,"[48.62829372, 21.38960827]","Cintorínska 214, 044 15 Vyšná Myšľa, Slovakia",Košice - okolie,Košice - okolie,"Košice-okolie District, Slovakia",34 mins,2027,31.1 km,31131
Vyšný Čaj,"[48.68492344, 21.39387197]","3323, 044 16 Vyšný Čaj, Slovakia",Košice - okolie,Košice - okolie,"Košice-okolie District, Slovakia",37 mins,2212,35.4 km,35378
