Vyšný Klátov,"[48.7602818, 21.10012894]","Unnamed Road, Vyšný Klátov, Slovakia",Košice - okolie,Košice - okolie,"Košice-okolie District, Slovakia",50 mins,2980,28.7 km,28702
Zlatá Idka,"[48.75747745, 21.0072244]","Valal 172, 044 61 Zlatá Idka, Slovakia",Košice - okolie,Košice - okolie,"Košice-okolie District, Slovakia",22 mins,1311,14.6 km,14589
Žarnov,"[48.57927318, 20.91829346]","044 02 Žarnov, Slovakia",Košice - okolie,Košice - okolie,"Košice-okolie District, Slovakia",30 mins,1793,25.6 km,25569
Ždaňa,"[48.59948902, 21.35636287]","3416, 044 11 Ždaňa, Slovakia",Košice - okolie,Košice - okolie,"Košice-okolie District, Slovakia",29 mins,1750,31.4 km,31433
Kechnec,"[48.54761148, 21.26646009]","Kechnec 69, 044 58 Kechnec, Slovakia",Košice - okolie,Košice - okolie,"Košice-okolie District, Slovakia",31 mins,1857,32.0 km,31990
Turňa nad Bodvou,"[48.6045658, 20.89138168]","E571, Drienovec, Slovakia",Košice - okolie,Košice - okolie,"Košice-okolie District, Slovakia",24 mins,1414,25.0 km,24985
Bočiar,"[48.59241245, 21.23574383]","Bočiar 23, 044 57 Bočiar, Slovakia",Košice - okolie,Košice - okolie,"Košice-okolie District, Slovakia",25 mins,1476,26.8 km,26775
Sokoľany,"[48.60891094, 21.2255131]","Sokoľany 146, 044 57 Sokoľany, Slovakia",Košice - okolie,Košice - okolie,"Košice-okolie District, Slovakia",23 mins,1378,25.0 km,24966
Dvorníky-Včeláre,"[48.5956295, 20.81854343]","Unnamed Road, 044 02 Dvorníky - Včeláre, Slovakia",Košice - okolie,Košice - okolie,"Košice-okolie District, Slovakia",32 mins,1922,34.5 km,34540
Zádiel,"[48.61510541, 20.83034824]","Zádiel 10, 044 02 Zádiel, Slovakia",Košice - okolie,Košice - okolie,"Košice-okolie District, Slovakia",31 mins,1878,30.5 km,30455
Milhosť,"[48.53383445, 21.27686912]","Unnamed Road, 044 58 Milhosť, Slovakia",Košice - okolie,Košice - okolie,"Košice-okolie District, Slovakia",33 mins,1977,34.4 km,34390
Vyšný Medzev,"[48.74089155, 20.89463324]","Unnamed Road, 044 25 Vyšný Medzev, Slovakia",Košice - okolie,Košice - okolie,"Košice-okolie District, Slovakia",33 mins,1974,19.5 km,19543
Kostoľany nad Hornádom,"[48.79065565, 21.23158445]","Hrubečská 317/41, 044 31 Kostoľany nad Hornádom, Slovakia",Košice - okolie,Košice - okolie,"Košice-okolie District, Slovakia",34 mins,2066,29.0 km,28997
Chorváty,"[48.5613197, 20.8711344]","Unnamed Road, 044 02 Chorváty, Slovakia",Košice - okolie,Košice - okolie,"Košice-okolie District, Slovakia",35 mins,2122,32.8 km,32820
