Petrová,"[49.39864607, 21.10986193]","3485, 086 02 Petrová, Slovakia",Bardejov,"[49.3033095, 21.2756239]","Kukorelliho 43, 085 01 Bardejov, Slovakia",22 mins,1347,20.0 km,19991
Poliakovce,"[49.25361282, 21.40026573]","Poliakovce 121, 086 11 Poliakovce, Slovakia",Bardejov,"[49.3033095, 21.2756239]","Kukorelliho 43, 085 01 Bardejov, Slovakia",15 mins,889,12.8 km,12765
Porúbka,"[49.19832735, 21.42518954]","Porúbka 77, 086 12 Porúbka, Slovakia",Bardejov,"[49.3033095, 21.2756239]","Kukorelliho 43, 085 01 Bardejov, Slovakia",23 mins,1396,22.3 km,22349
Regetovka,"[49.43118091, 21.26732127]","Unnamed Road, 086 33 Regetovka, Slovakia",Bardejov,"[49.3033095, 21.2756239]","Kukorelliho 43, 085 01 Bardejov, Slovakia",24 mins,1428,18.0 km,17976
Rešov,"[49.23134515, 21.33073412]","Rešov 101, 086 21 Rešov, Slovakia",Bardejov,"[49.3033095, 21.2756239]","Kukorelliho 43, 085 01 Bardejov, Slovakia",17 mins,1024,11.8 km,11753
Richvald,"[49.27187097, 21.18537239]","085 01 Richvald, Slovakia",Bardejov,"[49.3033095, 21.2756239]","Kukorelliho 43, 085 01 Bardejov, Slovakia",20 mins,1223,12.8 km,12816
Rokytov,"[49.31499309, 21.18901824]","Rokytov 7, 086 01 Rokytov, Slovakia",Bardejov,"[49.3033095, 21.2756239]","Kukorelliho 43, 085 01 Bardejov, Slovakia",11 mins,660,7.9 km,7897
Smilno,"[49.38115793, 21.35203796]","Smilno 9, 086 33 Smilno, Slovakia",Bardejov,"[49.3033095, 21.2756239]","Kukorelliho 43, 085 01 Bardejov, Slovakia",16 mins,946,13.4 km,13378
Snakov,"[49.33907801, 21.0426416]","Unnamed Road, 086 06 Snakov, Slovakia",Bardejov,"[49.3033095, 21.2756239]","Kukorelliho 43, 085 01 Bardejov, Slovakia",26 mins,1574,21.0 km,21015
Stebnícka Huta,"[49.41374535, 21.24682147]","3505, 086 33 Stebnícka Huta, Slovakia",Bardejov,"[49.3033095, 21.2756239]","Kukorelliho 43, 085 01 Bardejov, Slovakia",20 mins,1201,17.6 km,17560
Stebník,"[49.38356704, 21.24460123]","Unnamed Road, 086 33 Stebník, Slovakia",Bardejov,"[49.3033095, 21.2756239]","Kukorelliho 43, 085 01 Bardejov, Slovakia",19 mins,1143,14.6 km,14624
Stuľany,"[49.14076883, 21.40819285]","3500, 086 43 Stuľany, Slovakia",Bardejov,"[49.3033095, 21.2756239]","Kukorelliho 43, 085 01 Bardejov, Slovakia",31 mins,1843,27.8 km,27762
Sveržov,"[49.3393167, 21.16369583]","Sveržov 35, 086 02 Sveržov, Slovakia",Bardejov,"[49.3033095, 21.2756239]","Kukorelliho 43, 085 01 Bardejov, Slovakia",15 mins,913,12.3 km,12344
Šarišské Čierne,"[49.34191525, 21.38434635]","3523, Šarišské Čierne, Slovakia",Bardejov,"[49.3033095, 21.2756239]","Kukorelliho 43, 085 01 Bardejov, Slovakia",19 mins,1112,13.9 km,13891
Šašová,"[49.25768735, 21.45324669]","Šašová 22, 086 12 Šašová, Slovakia",Bardejov,"[49.3033095, 21.2756239]","Kukorelliho 43, 085 01 Bardejov, Slovakia",19 mins,1132,17.2 km,17200
Šiba,"[49.22628372, 21.20177443]","Šiba 178, 086 22 Šiba, Slovakia",Bardejov,"[49.3033095, 21.2756239]","Kukorelliho 43, 085 01 Bardejov, Slovakia",18 mins,1105,11.8 km,11775
Tarnov,"[49.31949286, 21.16461885]","Tarnov 30, 086 01 Tarnov, Slovakia",Bardejov,"[49.3033095, 21.2756239]","Kukorelliho 43, 085 01 Bardejov, Slovakia",12 mins,738,9.8 km,9772
Tročany,"[49.18924547, 21.33120123]","Tročany 104, 086 41 Tročany, Slovakia",Bardejov,"[49.3033095, 21.2756239]","Kukorelliho 43, 085 01 Bardejov, Slovakia",20 mins,1221,17.4 km,17399
Varadka,"[49.41993265, 21.38576288]","3520, 086 36 Varadka, Slovakia",Bardejov,"[49.3033095, 21.2756239]","Kukorelliho 43, 085 01 Bardejov, Slovakia",20 mins,1209,19.1 km,19131
Vyšná Polianka,"[49.42957306, 21.35698228]","Unnamed Road, 086 36 Vyšná Polianka, Slovakia",Bardejov,"[49.3033095, 21.2756239]","Kukorelliho 43, 085 01 Bardejov, Slovakia",26 mins,1583,21.8 km,21839
