Vyšná Voľa,"[49.24685218, 21.3616313]","Vyšná Voľa 30, 086 21 Vyšná Voľa, Slovakia",Bardejov,"[49.3033095, 21.2756239]","Kukorelliho 43, 085 01 Bardejov, Slovakia",15 mins,905,11.8 km,11799
Raslavice,"[49.14194105, 21.32202992]","545, 086 41 Raslavice, Slovakia",Bardejov,"[49.3033095, 21.2756239]","Kukorelliho 43, 085 01 Bardejov, Slovakia",21 mins,1273,21.1 km,21128
Vyšný Kručov,"[49.16314524, 21.43696157]","3502, 086 45 Vyšný Kručov, Slovakia",Bardejov,"[49.3033095, 21.2756239]","Kukorelliho 43, 085 01 Bardejov, Slovakia",29 mins,1725,28.3 km,28315
Vyšný Tvarožec,"[49.38906451, 21.19555845]","Vyšný Tvarožec 37, 086 02 Vyšný Tvarožec, Slovakia",Bardejov,"[49.3033095, 21.2756239]","Kukorelliho 43, 085 01 Bardejov, Slovakia",23 mins,1390,19.3 km,19332
Zborov,"[49.3664436, 21.30441448]","Lesná 527/6, 086 33 Zborov, Slovakia",Bardejov,"[49.3033095, 21.2756239]","Kukorelliho 43, 085 01 Bardejov, Slovakia",12 mins,694,9.7 km,9670
Zlaté,"[49.34368669, 21.21194118]","Zlaté 204, 086 01 Zlaté, Slovakia",Bardejov,"[49.3033095, 21.2756239]","Kukorelliho 43, 085 01 Bardejov, Slovakia",16 mins,948,11.0 km,10990
