Bretka,"[48.49028822, 20.33522553]","Bretka 129, 980 46 Bretka, Slovakia",Rožňava,"[48.69128559, 20.55809201]","Unnamed Road, 048 01 Rožňava, Slovakia",38 mins,2278,35.8 km,35762
Gemerská Panica,"[48.47326275, 20.3815032]","Gemerská Panica 319, 980 46 Gemerská Panica, Slovakia",Rožňava,"[48.69128559, 20.55809201]","Unnamed Road, 048 01 Rožňava, Slovakia",34 mins,2010,33.5 km,33501
Rožňava,"[48.69128559, 20.55809201]","Unnamed Road, 048 01 Rožňava, Slovakia",Rožňava,"[48.69128559, 20.55809201]","Unnamed Road, 048 01 Rožňava, Slovakia",1 min,0,1 m,0
Ardovo,"[48.52588075, 20.43339392]","Ardovo 83, 049 55 Ardovo, Slovakia",Rožňava,"[48.69128559, 20.55809201]","Unnamed Road, 048 01 Rožňava, Slovakia",32 mins,1935,29.4 km,29354
Betliar,"[48.72220504, 20.52339335]","Unnamed Road, 049 21 Betliar, Slovakia",Rožňava,"[48.69128559, 20.55809201]","Unnamed Road, 048 01 Rožňava, Slovakia",27 mins,1637,12.4 km,12450
Bohúňovo,"[48.51170751, 20.38886712]","Bohúňovo 49, 049 12 Bohúňovo, Slovakia",Rožňava,"[48.69128559, 20.55809201]","Unnamed Road, 048 01 Rožňava, Slovakia",31 mins,1837,29.9 km,29856
Bôrka,"[48.6419755, 20.77947636]","Unnamed Road, 049 42 Bôrka, Slovakia",Rožňava,"[48.69128559, 20.55809201]","Unnamed Road, 048 01 Rožňava, Slovakia",36 mins,2162,26.6 km,26586
Brdárka,"[48.76375166, 20.33786841]","3038, 049 34 Brdárka, Slovakia",Rožňava,"[48.69128559, 20.55809201]","Unnamed Road, 048 01 Rožňava, Slovakia",39 mins,2342,32.5 km,32499
Čierna Lehota,"[48.73908116, 20.22452837]","Unnamed Road, 049 36 Čierna Lehota, Slovakia",Rožňava,"[48.69128559, 20.55809201]","Unnamed Road, 048 01 Rožňava, Slovakia",51 mins,3079,33.3 km,33287
Čoltovo,"[48.49524935, 20.40268226]","Čoltovo 58, 049 12 Čoltovo, Slovakia",Rožňava,"[48.69128559, 20.55809201]","Unnamed Road, 048 01 Rožňava, Slovakia",33 mins,1998,32.2 km,32154
Dedinky,"[48.86194702, 20.38090433]","3047, 049 73 Dedinky, Slovakia",Rožňava,"[48.69128559, 20.55809201]","Unnamed Road, 048 01 Rožňava, Slovakia",45 mins,2704,38.7 km,38731
Dlhá Ves,"[48.50000193, 20.44575919]","Kostolná 236, 049 55 Dlhá Ves, Slovakia",Rožňava,"[48.69128559, 20.55809201]","Unnamed Road, 048 01 Rožňava, Slovakia",34 mins,2020,32.0 km,32012
Dobšiná,"[48.83560969, 20.33535326]","Lányiho huta 1088, 049 25 Dobšiná-Lániho huta, Slovakia",Rožňava,"[48.69128559, 20.55809201]","Unnamed Road, 048 01 Rožňava, Slovakia",43 mins,2584,32.1 km,32122
Drnava,"[48.65132676, 20.66409663]","049 42 Drnava, Slovakia",Rožňava,"[48.69128559, 20.55809201]","Unnamed Road, 048 01 Rožňava, Slovakia",23 mins,1374,16.3 km,16334
Gemerská Hôrka,"[48.5431836, 20.3583298]","3005, 049 12 Gemerská Hôrka, Slovakia",Rožňava,"[48.69128559, 20.55809201]","Unnamed Road, 048 01 Rožňava, Slovakia",33 mins,1953,29.5 km,29482
Gemerská Poloma,"[48.74866401, 20.49058169]","533, 049 22 Gemerská Poloma, Slovakia",Rožňava,"[48.69128559, 20.55809201]","Unnamed Road, 048 01 Rožňava, Slovakia",22 mins,1322,15.9 km,15869
Gočaltovo,"[48.64074273, 20.32500597]","526, 049 32 Gočaltovo, Slovakia",Rožňava,"[48.69128559, 20.55809201]","Unnamed Road, 048 01 Rožňava, Slovakia",31 mins,1861,24.1 km,24134
Gočovo,"[48.76258169, 20.43669984]","Unnamed Road, 049 24 Gočovo, Slovakia",Rožňava,"[48.69128559, 20.55809201]","Unnamed Road, 048 01 Rožňava, Slovakia",32 mins,1925,22.1 km,22091
Hanková,"[48.75797501, 20.30017936]","Unnamed Road, 049 34 Hanková, Slovakia",Rožňava,"[48.69128559, 20.55809201]","Unnamed Road, 048 01 Rožňava, Slovakia",43 mins,2559,32.5 km,32526
Henckovce,"[48.70803887, 20.43326141]","Unnamed Road, 049 23 Henckovce, Slovakia",Rožňava,"[48.69128559, 20.55809201]","Unnamed Road, 048 01 Rožňava, Slovakia",26 mins,1540,17.0 km,16953
