Košice-Kavečany,"[48.77871865, 21.20499252]","Nivky 120/3, 040 01 Košice-Kavečany, Slovakia",Košice I,Košice I,"Košice I, Slovakia",4 mins,230,1.1 km,1134
Košice-Ťahanovce,"[48.77181068, 21.25935403]","Unnamed Road, 040 13 Ťahanovce, Slovakia",Košice I,Košice I,"Košice I, Slovakia",19 mins,1153,9.9 km,9936
Košice-Sever,"[48.76465964, 21.18400637]","Čermeľské údolie, 040 01 Sever, Slovakia",Košice I,Košice I,"Košice I, Slovakia",18 mins,1076,12.2 km,12172
Košice-Staré Mesto,"[48.72529408, 21.25949387]","Štefánikova 988/40, 040 01 Košice, Slovakia",Košice I,Košice I,"Košice I, Slovakia",14 mins,815,8.4 km,8383
Košice-Sídlisko Ťahanovce,"[48.77127367, 21.2792822]","Unnamed Road, Budimír-Sídlisko Ťahanovce, Slovakia",Košice I,Košice I,"Košice I, Slovakia",19 mins,1143,12.7 km,12678
Košice-Džungľa,"[48.73935006, 21.26663908]","Prúdová 2506/4, 040 01 Košice, Slovakia",Košice I,Košice I,"Košice I, Slovakia",13 mins,808,8.2 km,8242
