Vaniškovce,"[49.16566226, 21.29344067]","Vaniškovce 61, 086 41 Vaniškovce, Slovakia",Bardejov,"[49.3033095, 21.2756239]","Kukorelliho 43, 085 01 Bardejov, Slovakia",24 mins,1455,19.8 km,19848
Bardejov,"[49.3033095, 21.2756239]","Kukorelliho 43, 085 01 Bardejov, Slovakia",Bardejov,"[49.3033095, 21.2756239]","Kukorelliho 43, 085 01 Bardejov, Slovakia",1 min,0,1 m,0
Abrahámovce,"[49.16575449, 21.3431095]","Abrahámovce 69, 086 41 Abrahámovce, Slovakia",Bardejov,"[49.3033095, 21.2756239]","Kukorelliho 43, 085 01 Bardejov, Slovakia",27 mins,1647,24.5 km,24457
Andrejová,"[49.33672565, 21.33695964]","3517, Andrejová, Slovakia",Bardejov,"[49.3033095, 21.2756239]","Kukorelliho 43, 085 01 Bardejov, Slovakia",12 mins,693,8.1 km,8138
Bartošovce,"[49.19893088, 21.27199107]","3493, 086 42 Bartošovce, Slovakia",Bardejov,"[49.3033095, 21.2756239]","Kukorelliho 43, 085 01 Bardejov, Slovakia",18 mins,1081,15.1 km,15067
Becherov,"[49.43098899, 21.30799347]","545, 086 35 Becherov, Slovakia",Bardejov,"[49.3033095, 21.2756239]","Kukorelliho 43, 085 01 Bardejov, Slovakia",18 mins,1059,17.1 km,17098
Beloveža,"[49.30464251, 21.36209689]","Beloveža 296, 086 14 Beloveža, Slovakia",Bardejov,"[49.3033095, 21.2756239]","Kukorelliho 43, 085 01 Bardejov, Slovakia",10 mins,627,8.2 km,8194
Bogliarka,"[49.27100474, 21.13945036]","Unnamed Road, 086 04 Bogliarka, Slovakia",Bardejov,"[49.3033095, 21.2756239]","Kukorelliho 43, 085 01 Bardejov, Slovakia",23 mins,1388,18.2 km,18151
Brezov,"[49.14347718, 21.50609801]","Unnamed Road, 087 01 Brezov, Slovakia",Bardejov,"[49.3033095, 21.2756239]","Kukorelliho 43, 085 01 Bardejov, Slovakia",34 mins,2069,32.4 km,32404
Brezovka,"[49.27348159, 21.41599528]","Brezovka 35, 086 11 Brezovka, Slovakia",Bardejov,"[49.3033095, 21.2756239]","Kukorelliho 43, 085 01 Bardejov, Slovakia",16 mins,930,13.0 km,13042
Buclovany,"[49.15558778, 21.36644604]","3489, 086 43 Buclovany, Slovakia",Bardejov,"[49.3033095, 21.2756239]","Kukorelliho 43, 085 01 Bardejov, Slovakia",28 mins,1697,26.1 km,26098
Cigeľka,"[49.41235701, 21.14243282]","Unnamed Road, 086 02 Cigeľka, Slovakia",Bardejov,"[49.3033095, 21.2756239]","Kukorelliho 43, 085 01 Bardejov, Slovakia",26 mins,1563,22.1 km,22138
Dubinné,"[49.24763707, 21.43005551]","3533, 086 12 Dubinné, Slovakia",Bardejov,"[49.3033095, 21.2756239]","Kukorelliho 43, 085 01 Bardejov, Slovakia",14 mins,853,14.1 km,14121
Frička,"[49.40768375, 21.07343121]","Unnamed Road, 086 02 Frička, Slovakia",Bardejov,"[49.3033095, 21.2756239]","Kukorelliho 43, 085 01 Bardejov, Slovakia",27 mins,1635,22.8 km,22832
Fričkovce,"[49.18423979, 21.2181399]","Fričkovce 73, 086 42 Fričkovce, Slovakia",Bardejov,"[49.3033095, 21.2756239]","Kukorelliho 43, 085 01 Bardejov, Slovakia",22 mins,1294,16.1 km,16109
Gaboltov,"[49.37001596, 21.14335941]","Gaboltov 27, 086 02 Gaboltov, Slovakia",Bardejov,"[49.3033095, 21.2756239]","Kukorelliho 43, 085 01 Bardejov, Slovakia",18 mins,1090,15.9 km,15936
Gerlachov,"[49.33271784, 21.10426016]","Unnamed Road, 086 04 Gerlachov, Slovakia",Bardejov,"[49.3033095, 21.2756239]","Kukorelliho 43, 085 01 Bardejov, Slovakia",21 mins,1288,15.6 km,15600
Hankovce,"[49.21593137, 21.40027453]","Unnamed Road, 086 46 Hankovce, Slovakia",Bardejov,"[49.3033095, 21.2756239]","Kukorelliho 43, 085 01 Bardejov, Slovakia",29 mins,1759,23.0 km,23008
Harhaj,"[49.1838323, 21.41478127]","Harhaj 18, 086 45 Harhaj, Slovakia",Bardejov,"[49.3033095, 21.2756239]","Kukorelliho 43, 085 01 Bardejov, Slovakia",25 mins,1526,23.8 km,23784
Hažlín,"[49.3005972, 21.41318542]","Hlavná 177/212, 086 14 Hažlín, Slovakia",Bardejov,"[49.3033095, 21.2756239]","Kukorelliho 43, 085 01 Bardejov, Slovakia",15 mins,897,12.3 km,12299
