Liptovská Kokava,"[49.10097712, 19.84716208]","Unnamed Road, 032 44 Liptovská Kokava, Slovakia",Liptovský Mikuláš,"[49.02001286, 19.60352372]","584, 031 01 Demänovská Dolina, Slovakia",31 mins,1864,30.5 km,30494
Liptovská Sielnica,"[49.13008347, 19.51407837]","Liptovská Sielnica 125, 032 23 Liptovská Sielnica, Slovakia",Liptovský Mikuláš,"[49.02001286, 19.60352372]","584, 031 01 Demänovská Dolina, Slovakia",22 mins,1312,19.2 km,19187
Liptovské Beharovce,"[49.14198693, 19.57905604]","Liptovské Beharovce 28, 032 21 Liptovské Beharovce, Slovakia",Liptovský Mikuláš,"[49.02001286, 19.60352372]","584, 031 01 Demänovská Dolina, Slovakia",22 mins,1348,17.5 km,17499
Liptovské Kľačany,"[48.98838591, 19.46255425]","2224, 032 15 Partizánska Ľupča, Slovakia",Liptovský Mikuláš,"[49.02001286, 19.60352372]","584, 031 01 Demänovská Dolina, Slovakia",37 mins,2224,36.4 km,36438
Liptovské Matiašovce,"[49.16069846, 19.56518016]","584, 032 23 Liptovské Matiašovce, Slovakia",Liptovský Mikuláš,"[49.02001286, 19.60352372]","584, 031 01 Demänovská Dolina, Slovakia",26 mins,1536,23.9 km,23874
Liptovský Hrádok,"[49.05283888, 19.77324157]","Most Dovalovec, 033 01 Liptovský Hrádok, Slovakia",Liptovský Mikuláš,"[49.02001286, 19.60352372]","584, 031 01 Demänovská Dolina, Slovakia",28 mins,1692,44.0 km,43994
Liptovský Ján,"[48.98465031, 19.66969263]","Unnamed Road, 032 03 Liptovský Ján, Slovakia",Liptovský Mikuláš,"[49.02001286, 19.60352372]","584, 031 01 Demänovská Dolina, Slovakia",38 mins,2283,24.4 km,24430
Liptovský Ondrej,"[49.10566408, 19.704922]","Unnamed Road, 032 04 Liptovský Ondrej, Slovakia",Liptovský Mikuláš,"[49.02001286, 19.60352372]","584, 031 01 Demänovská Dolina, Slovakia",23 mins,1384,22.3 km,22327
Liptovský Trnovec,"[49.16130297, 19.58264629]","Liptovské Matiašovce 164, 032 23 Liptovské Matiašovce, Slovakia",Liptovský Mikuláš,"[49.02001286, 19.60352372]","584, 031 01 Demänovská Dolina, Slovakia",29 mins,1734,25.7 km,25695
Ľubeľa,"[49.02771197, 19.47858812]","032 14 Ľubeľa, Slovakia",Liptovský Mikuláš,"[49.02001286, 19.60352372]","584, 031 01 Demänovská Dolina, Slovakia",27 mins,1632,24.8 km,24780
Malatíny,"[49.06650455, 19.45885466]","2345, 032 15 Nižné Malatíny, Slovakia",Liptovský Mikuláš,"[49.02001286, 19.60352372]","584, 031 01 Demänovská Dolina, Slovakia",22 mins,1313,27.9 km,27893
Malé Borové,"[49.22659795, 19.54192265]","Malé Borové 100, 027 32 Malé Borové, Slovakia",Liptovský Mikuláš,"[49.02001286, 19.60352372]","584, 031 01 Demänovská Dolina, Slovakia",50 mins,2975,42.9 km,42923
Malužiná,"[48.9444265, 19.83224614]","Unnamed Road, 032 34 Malužiná, Slovakia",Liptovský Mikuláš,"[49.02001286, 19.60352372]","584, 031 01 Demänovská Dolina, Slovakia",1 hour 0 mins,3577,44.4 km,44384
Nižná Boca,"[48.94714553, 19.77595327]","Unnamed Road, 032 34 Nižná Boca, Slovakia",Liptovský Mikuláš,"[49.02001286, 19.60352372]","584, 031 01 Demänovská Dolina, Slovakia",32 mins,1894,38.0 km,37965
Partizánska Ľupča,"[48.99057424, 19.42133142]","2224, 032 15 Partizánska Ľupča, Slovakia",Liptovský Mikuláš,"[49.02001286, 19.60352372]","584, 031 01 Demänovská Dolina, Slovakia",36 mins,2144,35.5 km,35533
Pavčina Lehota,"[49.02150151, 19.55719596]","Unnamed Road, 031 01 Pavčina Lehota, Slovakia",Liptovský Mikuláš,"[49.02001286, 19.60352372]","584, 031 01 Demänovská Dolina, Slovakia",8 mins,480,4.5 km,4491
Pavlova Ves,"[49.17546125, 19.61851358]","Unnamed Road, 032 21 Pavlova Ves, Slovakia",Liptovský Mikuláš,"[49.02001286, 19.60352372]","584, 031 01 Demänovská Dolina, Slovakia",35 mins,2118,22.6 km,22624
Podtureň,"[49.05129336, 19.702881]","033 01 Podtureň, Slovakia",Liptovský Mikuláš,"[49.02001286, 19.60352372]","584, 031 01 Demänovská Dolina, Slovakia",17 mins,1016,17.2 km,17249
Pribylina,"[49.15312294, 19.84367774]","Unnamed Road, 032 42 Pribylina, Slovakia",Liptovský Mikuláš,"[49.02001286, 19.60352372]","584, 031 01 Demänovská Dolina, Slovakia",33 mins,1984,33.4 km,33389
Prosiek,"[49.164851, 19.49436736]","Unnamed Road, 032 23 Prosiek, Slovakia",Liptovský Mikuláš,"[49.02001286, 19.60352372]","584, 031 01 Demänovská Dolina, Slovakia",30 mins,1795,24.0 km,24006
