Konská,"[49.1380989, 19.72477924]","Unnamed Road, 032 04 Konská, Slovakia",Liptovský Mikuláš,"[49.02001286, 19.60352372]","584, 031 01 Demänovská Dolina, Slovakia",36 mins,2175,25.2 km,25200
Liptovský Mikuláš,"[49.02001286, 19.60352372]","584, 031 01 Demänovská Dolina, Slovakia",Liptovský Mikuláš,"[49.02001286, 19.60352372]","584, 031 01 Demänovská Dolina, Slovakia",1 min,0,1 m,0
Beňadiková,"[49.08052388, 19.68627523]","Beňadiková 110, 032 04 Beňadiková, Slovakia",Liptovský Mikuláš,"[49.02001286, 19.60352372]","584, 031 01 Demänovská Dolina, Slovakia",18 mins,1108,18.2 km,18151
Bobrovček,"[49.14332907, 19.59994059]","Bobrovček 30, 032 21 Bobrovček, Slovakia",Liptovský Mikuláš,"[49.02001286, 19.60352372]","584, 031 01 Demänovská Dolina, Slovakia",22 mins,1342,18.3 km,18324
Bobrovec,"[49.16293697, 19.63007103]","Unnamed Road, 032 21 Bobrovec, Slovakia",Liptovský Mikuláš,"[49.02001286, 19.60352372]","584, 031 01 Demänovská Dolina, Slovakia",29 mins,1724,19.6 km,19626
Bobrovník,"[49.11858904, 19.47750994]","2355, 032 23 Bobrovník, Slovakia",Liptovský Mikuláš,"[49.02001286, 19.60352372]","584, 031 01 Demänovská Dolina, Slovakia",24 mins,1417,28.5 km,28524
Bukovina,"[49.13402607, 19.47359256]","Bukovina 46, 032 23 Bukovina, Slovakia",Liptovský Mikuláš,"[49.02001286, 19.60352372]","584, 031 01 Demänovská Dolina, Slovakia",25 mins,1524,30.0 km,29984
Demänovská Dolina,"[48.97756674, 19.58708195]","584, 031 01 Demänovská Dolina, Slovakia",Liptovský Mikuláš,"[49.02001286, 19.60352372]","584, 031 01 Demänovská Dolina, Slovakia",5 mins,311,4.0 km,4028
Dúbrava,"[49.00245742, 19.50184791]","2327, 032 12 Dúbrava, Slovakia",Liptovský Mikuláš,"[49.02001286, 19.60352372]","584, 031 01 Demänovská Dolina, Slovakia",36 mins,2137,29.8 km,29848
Galovany,"[49.08640316, 19.52888865]","Unnamed Road, Galovany, Slovakia",Liptovský Mikuláš,"[49.02001286, 19.60352372]","584, 031 01 Demänovská Dolina, Slovakia",20 mins,1221,17.0 km,17032
Gôtovany,"[49.06642885, 19.50529296]","Fiačice 85, 032 14 Gôtovany, Slovakia",Liptovský Mikuláš,"[49.02001286, 19.60352372]","584, 031 01 Demänovská Dolina, Slovakia",21 mins,1286,20.2 km,20188
Huty,"[49.21960094, 19.57181832]","2347, 027 32 Huty, Slovakia",Liptovský Mikuláš,"[49.02001286, 19.60352372]","584, 031 01 Demänovská Dolina, Slovakia",43 mins,2574,38.9 km,38917
Hybe,"[49.05808422, 19.85061312]","Hybe, Slovakia",Liptovský Mikuláš,"[49.02001286, 19.60352372]","584, 031 01 Demänovská Dolina, Slovakia",25 mins,1489,31.2 km,31161
Jakubovany,"[49.11887339, 19.73919555]","Jakubovany 551, 032 04 Jakubovany, Slovakia",Liptovský Mikuláš,"[49.02001286, 19.60352372]","584, 031 01 Demänovská Dolina, Slovakia",27 mins,1600,24.2 km,24150
Jalovec,"[49.17317346, 19.66900875]","Jalovec 109, 032 21 Jalovec, Slovakia",Liptovský Mikuláš,"[49.02001286, 19.60352372]","584, 031 01 Demänovská Dolina, Slovakia",29 mins,1724,19.5 km,19531
Jamník,"[49.13491244, 19.75789304]","Unnamed Road, 033 01 Jamník, Slovakia",Liptovský Mikuláš,"[49.02001286, 19.60352372]","584, 031 01 Demänovská Dolina, Slovakia",34 mins,2018,31.6 km,31590
Kráľova Lehota,"[49.00232647, 19.80432551]","Unnamed Road, 032 33 Kráľova Lehota, Slovakia",Liptovský Mikuláš,"[49.02001286, 19.60352372]","584, 031 01 Demänovská Dolina, Slovakia",30 mins,1822,31.8 km,31844
Kvačany,"[49.1817619, 19.55299507]","Unnamed Road, 032 23 Kvačany, Slovakia",Liptovský Mikuláš,"[49.02001286, 19.60352372]","584, 031 01 Demänovská Dolina, Slovakia",36 mins,2162,30.5 km,30484
Lazisko,"[48.98410536, 19.52928154]","Unnamed Road, 032 12 Dúbrava, Slovakia",Liptovský Mikuláš,"[49.02001286, 19.60352372]","584, 031 01 Demänovská Dolina, Slovakia",40 mins,2395,32.3 km,32304
Liptovská Anna,"[49.1544765, 19.45586904]","Unnamed Road, 032 23 Liptovská Anna, Slovakia",Liptovský Mikuláš,"[49.02001286, 19.60352372]","584, 031 01 Demänovská Dolina, Slovakia",42 mins,2498,35.4 km,35390
