Borovce,"[48.5777467, 17.7302853]","Unnamed Road, 922 09 Borovce, Slovakia",Piešťany,"[48.5925833, 17.81239777]","Dopravná 3, 921 01 Piešťany, Slovakia",14 mins,851,9.2 km,9155
Dolný Lopašov,"[48.58436968, 17.63957831]","922 04 Dolný Lopašov, Slovakia",Piešťany,"[48.5925833, 17.81239777]","Dopravná 3, 921 01 Piešťany, Slovakia",22 mins,1298,18.3 km,18334
Drahovce,"[48.5285082, 17.79011697]","Staničná 955, 922 41 Drahovce, Slovakia",Piešťany,"[48.5925833, 17.81239777]","Dopravná 3, 921 01 Piešťany, Slovakia",11 mins,668,9.2 km,9246
Dubovany,"[48.53305686, 17.71848867]","Dubovany 256, 922 08 Dubovany, Slovakia",Piešťany,"[48.5925833, 17.81239777]","Dopravná 3, 921 01 Piešťany, Slovakia",17 mins,1029,13.2 km,13226
Chtelnica,"[48.57677865, 17.60548253]","Chtelnica 931, 922 05 Chtelnica, Slovakia",Piešťany,"[48.5925833, 17.81239777]","Dopravná 3, 921 01 Piešťany, Slovakia",27 mins,1614,21.2 km,21157
Kočín-Lančár,"[48.60775513, 17.64269065]","Unnamed Road, 922 04 Kočín - Lančár, Slovakia",Piešťany,"[48.5925833, 17.81239777]","Dopravná 3, 921 01 Piešťany, Slovakia",24 mins,1427,18.7 km,18744
Krakovany,"[48.6159208, 17.75033779]","Školská ulica 1/6, 922 02 Krakovany, Slovakia",Piešťany,"[48.5925833, 17.81239777]","Dopravná 3, 921 01 Piešťany, Slovakia",10 mins,603,8.5 km,8521
Moravany nad Váhom,"[48.5993807, 17.87635851]","Unnamed Road, 922 21 Moravany nad Váhom, Slovakia",Piešťany,"[48.5925833, 17.81239777]","Dopravná 3, 921 01 Piešťany, Slovakia",13 mins,791,7.7 km,7718
Nižná,"[48.52725716, 17.656014]","Nižná 110, 922 06 Nižná, Slovakia",Piešťany,"[48.5925833, 17.81239777]","Dopravná 3, 921 01 Piešťany, Slovakia",25 mins,1498,22.7 km,22726
Ostrov,"[48.63519102, 17.7595575]","922 01 Ostrov, Slovakia",Piešťany,"[48.5925833, 17.81239777]","Dopravná 3, 921 01 Piešťany, Slovakia",15 mins,885,9.3 km,9251
Pečeňady,"[48.48588534, 17.71800209]","504, 922 07 Pečeňady, Slovakia",Piešťany,"[48.5925833, 17.81239777]","Dopravná 3, 921 01 Piešťany, Slovakia",22 mins,1303,19.3 km,19262
Piešťany,"[48.5925833, 17.81239777]","Dopravná 3, 921 01 Piešťany, Slovakia",Piešťany,"[48.5925833, 17.81239777]","Dopravná 3, 921 01 Piešťany, Slovakia",1 min,0,1 m,0
Prašník,"[48.64875337, 17.66342758]","499, 922 11 Prašník, Slovakia",Piešťany,"[48.5925833, 17.81239777]","Dopravná 3, 921 01 Piešťany, Slovakia",18 mins,1094,16.2 km,16170
Rakovice,"[48.56761898, 17.72083642]","Unnamed Road, Rakovice, Slovakia",Piešťany,"[48.5925833, 17.81239777]","Dopravná 3, 921 01 Piešťany, Slovakia",15 mins,879,10.2 km,10160
Ratnovce,"[48.55501598, 17.84966706]","Ratnovce 294, 922 31 Ratnovce, Slovakia",Piešťany,"[48.5925833, 17.81239777]","Dopravná 3, 921 01 Piešťany, Slovakia",11 mins,637,6.2 km,6168
Sokolovce,"[48.5325432, 17.84131279]","Školská 214, 922 31 Sokolovce, Slovakia",Piešťany,"[48.5925833, 17.81239777]","Dopravná 3, 921 01 Piešťany, Slovakia",14 mins,836,9.1 km,9057
Trebatice,"[48.59452906, 17.74490668]","Orechová 316/4, 922 10 Trebatice, Slovakia",Piešťany,"[48.5925833, 17.81239777]","Dopravná 3, 921 01 Piešťany, Slovakia",8 mins,457,6.0 km,6019
Veľké Kostoľany,"[48.50931622, 17.71407847]","Ľ. Štúra 450/54, 922 07 Veľké Kostoľany, Slovakia",Piešťany,"[48.5925833, 17.81239777]","Dopravná 3, 921 01 Piešťany, Slovakia",21 mins,1284,17.5 km,17498
Veselé,"[48.55427492, 17.72316239]","Unnamed Road, 922 08 Veselé, Slovakia",Piešťany,"[48.5925833, 17.81239777]","Dopravná 3, 921 01 Piešťany, Slovakia",18 mins,1101,12.4 km,12409
Vrbové,"[48.61778757, 17.7078687]","Unnamed Road, 922 03 Vrbové, Slovakia",Piešťany,"[48.5925833, 17.81239777]","Dopravná 3, 921 01 Piešťany, Slovakia",19 mins,1112,12.0 km,11985
