Žirany,"[48.37893829, 18.17682027]","Žirany 426, 951 74 Žirany, Slovakia",Nitra,"[48.30086558, 18.08622616]","Špitálska 2631/2, 949 01 Nitra, Slovakia",17 mins,993,13.2 km,13210
Žitavce,"[48.19120054, 18.31501162]","Unnamed Road, 952 01 Žitavce, Slovakia",Nitra,"[48.30086558, 18.08622616]","Špitálska 2631/2, 949 01 Nitra, Slovakia",33 mins,1967,27.7 km,27704
Cabaj-Čápor,"[48.24027969, 18.02073412]","Cabaj - Čápor 623, 951 17 Cabaj - Čápor, Slovakia",Nitra,"[48.30086558, 18.08622616]","Špitálska 2631/2, 949 01 Nitra, Slovakia",13 mins,773,9.5 km,9488
Horné Lefantovce,"[48.42463356, 18.15491709]","Hlavná 216, 951 45 Horné Lefantovce, Slovakia",Nitra,"[48.30086558, 18.08622616]","Špitálska 2631/2, 949 01 Nitra, Slovakia",28 mins,1652,21.6 km,21636
Malý Lapáš,"[48.30472568, 18.17184385]","951 04 Malý Lapáš, Slovakia",Nitra,"[48.30086558, 18.08622616]","Špitálska 2631/2, 949 01 Nitra, Slovakia",17 mins,1002,10.6 km,10636
Veľký Lapáš,"[48.28859214, 18.18210844]","Veľký Lapáš 538, 951 04 Veľký Lapáš, Slovakia",Nitra,"[48.30086558, 18.08622616]","Špitálska 2631/2, 949 01 Nitra, Slovakia",15 mins,923,9.9 km,9905
Čechynce,"[48.25416926, 18.16475995]","Nitrianska ulica, 951 07 Čechynce, Slovakia",Nitra,"[48.30086558, 18.08622616]","Špitálska 2631/2, 949 01 Nitra, Slovakia",15 mins,912,11.0 km,10989
Malý Cetín,"[48.24309276, 18.17976722]","Malý Cetín 145, 951 07 Malý Cetín, Slovakia",Nitra,"[48.30086558, 18.08622616]","Špitálska 2631/2, 949 01 Nitra, Slovakia",18 mins,1059,12.8 km,12836
Hosťová,"[48.33444019, 18.21016455]","Hosťová 55, 951 02 Hosťová, Slovakia",Nitra,"[48.30086558, 18.08622616]","Špitálska 2631/2, 949 01 Nitra, Slovakia",19 mins,1114,13.0 km,12970
Telince,"[48.23305812, 18.36915986]","1651, 951 61 Telince, Slovakia",Nitra,"[48.30086558, 18.08622616]","Špitálska 2631/2, 949 01 Nitra, Slovakia",30 mins,1786,26.2 km,26190
Svätoplukovo,"[48.21915918, 18.04330116]","Unnamed Road, 951 16 Svätoplukovo, Slovakia",Nitra,"[48.30086558, 18.08622616]","Špitálska 2631/2, 949 01 Nitra, Slovakia",20 mins,1179,14.2 km,14180
Nitrianske Hrnčiarovce,"[48.33228774, 18.13214037]","Slivková 23-25, 951 01 Nitrianske Hrnčiarovce, Slovakia",Nitra,"[48.30086558, 18.08622616]","Špitálska 2631/2, 949 01 Nitra, Slovakia",13 mins,777,6.3 km,6330
Malé Chyndice,"[48.30447899, 18.28200938]","1648, 951 54 Malé Chyndice, Slovakia",Nitra,"[48.30086558, 18.08622616]","Špitálska 2631/2, 949 01 Nitra, Slovakia",28 mins,1708,22.7 km,22688
Ivanka pri Nitre,"[48.23675903, 18.11426247]","Mojmírovská 9, 951 12 Ivanka pri Nitre, Slovakia",Nitra,"[48.30086558, 18.08622616]","Špitálska 2631/2, 949 01 Nitra, Slovakia",14 mins,854,9.1 km,9113
Lužianky,"[48.33699099, 18.02566115]","Korytovská 20, 951 41 Lužianky, Slovakia",Nitra,"[48.30086558, 18.08622616]","Špitálska 2631/2, 949 01 Nitra, Slovakia",14 mins,855,8.0 km,8048
Ľudovítová,"[48.39893083, 18.07239581]","64, 951 44 Ľudovítová, Slovakia",Nitra,"[48.30086558, 18.08622616]","Špitálska 2631/2, 949 01 Nitra, Slovakia",19 mins,1119,14.5 km,14472
Babindol,"[48.28780729, 18.23387006]","Babindol 81, 951 53 Babindol, Slovakia",Nitra,"[48.30086558, 18.08622616]","Špitálska 2631/2, 949 01 Nitra, Slovakia",19 mins,1126,14.2 km,14188
Štefanovičová,"[48.18983164, 18.10154228]","1658, 951 15 Štefanovičová, Slovakia",Nitra,"[48.30086558, 18.08622616]","Špitálska 2631/2, 949 01 Nitra, Slovakia",23 mins,1383,17.2 km,17180
Čab,"[48.39815149, 17.99550711]","Unnamed Road, 951 24 Čab, Slovakia",Nitra,"[48.30086558, 18.08622616]","Špitálska 2631/2, 949 01 Nitra, Slovakia",23 mins,1399,16.1 km,16132
Dolné Lefantovce,"[48.41401862, 18.12018959]","593, 951 45 Dolné Lefantovce, Slovakia",Nitra,"[48.30086558, 18.08622616]","Špitálska 2631/2, 949 01 Nitra, Slovakia",21 mins,1244,17.6 km,17561
