Hosťovce,"[48.57880321, 20.85865282]","Unnamed Road, 044 02 Hosťovce, Slovakia",Košice - okolie,Košice - okolie,"Košice-okolie District, Slovakia",33 mins,1990,31.2 km,31167
Slančík,"[48.66071006, 21.4949048]","3372, 044 17 Slančík, Slovakia",Košice - okolie,Košice - okolie,"Košice-okolie District, Slovakia",43 mins,2577,42.9 km,42923
Háj,"[48.63650596, 20.86030302]","3306, 044 02 Háj, Slovakia",Košice - okolie,Košice - okolie,"Košice-okolie District, Slovakia",30 mins,1785,30.6 km,30637
Nižná Hutka,"[48.66227187, 21.36520453]","Za kostolom 77/11, 040 18 Nižná Hutka, Slovakia",Košice - okolie,Košice - okolie,"Košice-okolie District, Slovakia",29 mins,1757,27.2 km,27222
Bačkovík,"[48.78397162, 21.43345595]","Bačkovík 100, 044 45 Bačkovík, Slovakia",Košice - okolie,Košice - okolie,"Košice-okolie District, Slovakia",41 mins,2451,44.0 km,44004
Baška,"[48.70950549, 21.17889258]","3403, 040 16 Baška, Slovakia",Košice - okolie,Košice - okolie,"Košice-okolie District, Slovakia",16 mins,965,15.6 km,15637
Belža,"[48.58496796, 21.27201522]","3345, 044 58 Belža, Slovakia",Košice - okolie,Košice - okolie,"Košice-okolie District, Slovakia",26 mins,1543,28.2 km,28176
Beniakovce,"[48.76510406, 21.31206573]","Beniakovce 201, 044 42 Beniakovce, Slovakia",Košice - okolie,Košice - okolie,"Košice-okolie District, Slovakia",32 mins,1939,34.9 km,34882
Bidovce,"[48.74418646, 21.43559607]","Bidovce 248, 044 45 Bidovce, Slovakia",Košice - okolie,Košice - okolie,"Košice-okolie District, Slovakia",37 mins,2220,39.3 km,39340
Blažice,"[48.67147425, 21.41903324]","Rómska osada 123, 044 16 Blažice, Slovakia",Košice - okolie,Košice - okolie,"Košice-okolie District, Slovakia",35 mins,2129,34.4 km,34385
Bohdanovce,"[48.65542974, 21.40316511]","Bohdanovce 83, 044 16 Bohdanovce, Slovakia",Košice - okolie,Košice - okolie,"Košice-okolie District, Slovakia",32 mins,1948,32.5 km,32520
Boliarov,"[48.80843489, 21.43164185]","Boliarov 145, 044 47 Boliarov, Slovakia",Košice - okolie,Košice - okolie,"Košice-okolie District, Slovakia",45 mins,2690,47.0 km,46953
Budimír,"[48.7997483, 21.2955865]","Budimír 140, 044 43 Budimír, Slovakia",Košice - okolie,Košice - okolie,"Košice-okolie District, Slovakia",30 mins,1799,33.4 km,33411
Bukovec,"[48.71199478, 21.14275156]","3403, 044 20 Bukovec, Slovakia",Košice - okolie,Košice - okolie,"Košice-okolie District, Slovakia",16 mins,954,14.5 km,14500
Bunetice,"[48.8643076, 21.3945587]","Bunetice 17, 044 47 Bunetice, Slovakia",Košice - okolie,Košice - okolie,"Košice-okolie District, Slovakia",46 mins,2736,47.6 km,47553
Buzica,"[48.52636073, 21.09086653]","044 73 Buzica, Slovakia",Košice - okolie,Košice - okolie,"Košice-okolie District, Slovakia",31 mins,1864,30.1 km,30073
Cestice,"[48.58550075, 21.09750911]","Cestice 132, 044 71 Cestice, Slovakia",Košice - okolie,Košice - okolie,"Košice-okolie District, Slovakia",25 mins,1478,22.9 km,22907
Čakanovce,"[48.76811183, 21.44171485]","Čakanovce 80, 044 45 Čakanovce, Slovakia",Košice - okolie,Košice - okolie,"Košice-okolie District, Slovakia",40 mins,2400,42.6 km,42567
Čaňa,"[48.60771244, 21.31659627]","Osloboditeľov 186/100, 044 14 Čaňa, Slovakia",Košice - okolie,Košice - okolie,"Košice-okolie District, Slovakia",28 mins,1668,29.5 km,29520
Čečejovce,"[48.59459074, 21.06216399]","Kostolná 31/36, 044 71 Čečejovce, Slovakia",Košice - okolie,Košice - okolie,"Košice-okolie District, Slovakia",25 mins,1477,24.1 km,24138
