Malé Ozorovce,"[48.68911421, 21.5926837]","Unnamed Road, 078 01 Malé Ozorovce, Slovakia",Trebišov,"[48.62714808, 21.73504256]","Unnamed Road, 075 01 Trebišov, Slovakia",26 mins,1555,19.0 km,18981
Malé Trakany,"[48.40454173, 22.12294803]","Unnamed Road, 076 42 Malé Trakany, Slovakia",Trebišov,"[48.62714808, 21.73504256]","Unnamed Road, 075 01 Trebišov, Slovakia",1 hour 16 mins,4543,78.5 km,78501
Malý Horeš,"[48.39316741, 21.94898]","Semjenská 7-9, 076 52 Malý Horeš, Slovakia",Trebišov,"[48.62714808, 21.73504256]","Unnamed Road, 075 01 Trebišov, Slovakia",1 hour 0 mins,3609,59.9 km,59860
Malý Kamenec,"[48.34783739, 21.7873218]","076 36 Malý Kamenec, Slovakia",Trebišov,"[48.62714808, 21.73504256]","Unnamed Road, 075 01 Trebišov, Slovakia",49 mins,2950,44.3 km,44298
Michaľany,"[48.51329525, 21.63060536]","Majerská 61, 076 14 Michaľany, Slovakia",Trebišov,"[48.62714808, 21.73504256]","Unnamed Road, 075 01 Trebišov, Slovakia",28 mins,1662,21.8 km,21802
Nižný Žipov,"[48.58031782, 21.62820643]","Školská 317, 076 17 Nižný Žipov, Slovakia",Trebišov,"[48.62714808, 21.73504256]","Unnamed Road, 075 01 Trebišov, Slovakia",24 mins,1455,20.7 km,20680
Novosad,"[48.53054028, 21.74482072]","Orgovánová 18, 076 02 Novosad, Slovakia",Trebišov,"[48.62714808, 21.73504256]","Unnamed Road, 075 01 Trebišov, Slovakia",24 mins,1430,19.3 km,19338
Nový Ruskov,"[48.64847184, 21.6716201]","075 01 Nový Ruskov-Veľký Ruskov, Slovakia",Trebišov,"[48.62714808, 21.73504256]","Unnamed Road, 075 01 Trebišov, Slovakia",14 mins,821,8.0 km,7982
Plechotice,"[48.62984939, 21.63824808]","Námestie sv. Trojice 144/1, 075 01 Plechotice, Slovakia",Trebišov,"[48.62714808, 21.73504256]","Unnamed Road, 075 01 Trebišov, Slovakia",16 mins,963,10.7 km,10704
Svätuše,"[48.4270197, 21.91806614]","Pod záhradami 295/54, 076 83 Svätuše, Slovakia",Trebišov,"[48.62714808, 21.73504256]","Unnamed Road, 075 01 Trebišov, Slovakia",52 mins,3134,53.4 km,53426
Poľany,"[48.4791615, 21.98764408]","Unnamed Road, 076 84 Poľany, Slovakia",Trebišov,"[48.62714808, 21.73504256]","Unnamed Road, 075 01 Trebišov, Slovakia",57 mins,3390,60.0 km,60039
Parchovany,"[48.75019599, 21.72247773]","Rybníková 42, 076 62 Parchovany, Slovakia",Trebišov,"[48.62714808, 21.73504256]","Unnamed Road, 075 01 Trebišov, Slovakia",24 mins,1452,18.3 km,18269
Pribeník,"[48.39364103, 21.99163966]","Horešská 372, 076 51 Pribeník, Slovakia",Trebišov,"[48.62714808, 21.73504256]","Unnamed Road, 075 01 Trebišov, Slovakia",1 hour 4 mins,3812,68.4 km,68442
Rad,"[48.44052443, 21.86616308]","3695, 076 37 Rad-Hrušov, Slovakia",Trebišov,"[48.62714808, 21.73504256]","Unnamed Road, 075 01 Trebišov, Slovakia",48 mins,2904,49.3 km,49317
Sečovce,"[48.70384486, 21.65994355]","Kpt. Jána Nálepku 472/36, 078 01 Sečovce, Slovakia",Trebišov,"[48.62714808, 21.73504256]","Unnamed Road, 075 01 Trebišov, Slovakia",21 mins,1263,14.2 km,14181
Sirník,"[48.52068306, 21.80660436]","Nový rad 34/19, 076 03 Sirník, Slovakia",Trebišov,"[48.62714808, 21.73504256]","Unnamed Road, 075 01 Trebišov, Slovakia",28 mins,1665,24.9 km,24895
Slivník,"[48.59917705, 21.5555766]","Slivník 3, 076 12 Slivník, Slovakia",Trebišov,"[48.62714808, 21.73504256]","Unnamed Road, 075 01 Trebišov, Slovakia",28 mins,1684,20.2 km,20186
Slovenské Nové Mesto,"[48.42083572, 21.67893204]","3706, 076 33 Slovenské Nové Mesto, Slovakia",Trebišov,"[48.62714808, 21.73504256]","Unnamed Road, 075 01 Trebišov, Slovakia",34 mins,2052,32.1 km,32102
Soľnička,"[48.48388057, 21.96161269]","Soľnička 63, 076 53 Soľnička, Slovakia",Trebišov,"[48.62714808, 21.73504256]","Unnamed Road, 075 01 Trebišov, Slovakia",59 mins,3560,63.0 km,63023
Somotor,"[48.4071933, 21.82051396]","Nová 210/33, 076 35 Somotor, Slovakia",Trebišov,"[48.62714808, 21.73504256]","Unnamed Road, 075 01 Trebišov, Slovakia",44 mins,2646,44.3 km,44305
