Ráztočno,"[48.76533639, 18.78505478]","Unnamed Road, 972 31 Ráztočno, Slovakia",Prievidza,"[48.7604456, 18.64894433]","1779, 971 01 Prievidza, Slovakia",14 mins,848,11.9 km,11851
Rudnianska Lehota,"[48.81791852, 18.43467712]","Unnamed Road, 972 26 Rudnianska Lehota, Slovakia",Prievidza,"[48.7604456, 18.64894433]","1779, 971 01 Prievidza, Slovakia",30 mins,1811,29.0 km,29046
Sebedražie,"[48.72910697, 18.62816205]","Priehon 3-9, 972 05 Sebedražie, Slovakia",Prievidza,"[48.7604456, 18.64894433]","1779, 971 01 Prievidza, Slovakia",7 mins,431,7.0 km,7011
Seč,"[48.83347675, 18.51215228]","Unnamed Road, 972 26 Seč, Slovakia",Prievidza,"[48.7604456, 18.64894433]","1779, 971 01 Prievidza, Slovakia",30 mins,1779,29.0 km,28976
Šútovce,"[48.80140618, 18.53440534]","Šútovce 190, 972 01 Šútovce, Slovakia",Prievidza,"[48.7604456, 18.64894433]","1779, 971 01 Prievidza, Slovakia",22 mins,1297,13.8 km,13824
Temeš,"[48.86736279, 18.47170197]","Temeš 63/23, 972 29 Temeš, Slovakia",Prievidza,"[48.7604456, 18.64894433]","1779, 971 01 Prievidza, Slovakia",34 mins,2019,34.1 km,34065
Tužina,"[48.91916978, 18.57947842]","Unnamed Road, 972 14 Tužina, Slovakia",Prievidza,"[48.7604456, 18.64894433]","1779, 971 01 Prievidza, Slovakia",31 mins,1875,21.7 km,21717
Valaská Belá,"[48.89676007, 18.40521925]","Valaská Belá 1112, 972 28 Valaská Belá, Slovakia",Prievidza,"[48.7604456, 18.64894433]","1779, 971 01 Prievidza, Slovakia",39 mins,2343,39.0 km,39006
Veľká Čausa,"[48.77672622, 18.69051721]","Veľká Čausa 45, 971 01 Veľká Čausa, Slovakia",Prievidza,"[48.7604456, 18.64894433]","1779, 971 01 Prievidza, Slovakia",8 mins,476,6.0 km,5958
Zemianske Kostoľany,"[48.68931626, 18.52197692]","Kpt. Weinholda 40, 972 43 Zemianske Kostoľany, Slovakia",Prievidza,"[48.7604456, 18.64894433]","1779, 971 01 Prievidza, Slovakia",17 mins,1008,17.0 km,17007
Lipník,"[48.79725513, 18.72513821]","Unnamed Road, 972 32 Lipník, Slovakia",Prievidza,"[48.7604456, 18.64894433]","1779, 971 01 Prievidza, Slovakia",20 mins,1214,11.5 km,11460
Jalovec,"[48.78625021, 18.75555544]","SNP 641/80, 972 31 Jalovec, Slovakia",Prievidza,"[48.7604456, 18.64894433]","1779, 971 01 Prievidza, Slovakia",19 mins,1133,10.9 km,10925
