Gelnica,"[48.83172669, 20.93589311]","546, 056 01 Gelnica, Slovakia",Gelnica,"[48.83172669, 20.93589311]","546, 056 01 Gelnica, Slovakia",1 min,0,1 m,0
Helcmanovce,"[48.8372619, 20.85760704]","Unnamed Road, 055 63 Helcmanovce, Slovakia",Gelnica,"[48.83172669, 20.93589311]","546, 056 01 Gelnica, Slovakia",12 mins,738,8.5 km,8510
Henclová,"[48.7695834, 20.5770157]","Unnamed Road, 049 22 Gemerská Poloma, Slovakia",Gelnica,"[48.83172669, 20.93589311]","546, 056 01 Gelnica, Slovakia",2 hours 2 mins,7329,75.6 km,75643
Závadka,"[48.87358982, 20.62386131]","Unnamed Road, 053 33 Závadka, Slovakia",Gelnica,"[48.83172669, 20.93589311]","546, 056 01 Gelnica, Slovakia",45 mins,2674,36.2 km,36191
Žakarovce,"[48.88075468, 20.92853168]","Žakarovce 183, 055 71 Žakarovce, Slovakia",Gelnica,"[48.83172669, 20.93589311]","546, 056 01 Gelnica, Slovakia",11 mins,683,8.9 km,8884
Hrišovce,"[48.95062587, 20.90739887]","Hrišovce 44, 053 51 Hrišovce, Slovakia",Gelnica,"[48.83172669, 20.93589311]","546, 056 01 Gelnica, Slovakia",25 mins,1473,22.6 km,22640
Jaklovce,"[48.87600879, 21.00433611]","Potočná 540/18, 055 61 Jaklovce, Slovakia",Gelnica,"[48.83172669, 20.93589311]","546, 056 01 Gelnica, Slovakia",12 mins,691,9.1 km,9066
Kluknava,"[48.92141928, 20.95516259]","Štefanská huta 716, 053 51 Kluknava, Slovakia",Gelnica,"[48.83172669, 20.93589311]","546, 056 01 Gelnica, Slovakia",18 mins,1074,16.4 km,16436
Kojšov,"[48.80391152, 20.99702517]","Unnamed Road, 055 52 Kojšov, Slovakia",Gelnica,"[48.83172669, 20.93589311]","546, 056 01 Gelnica, Slovakia",25 mins,1470,17.9 km,17896
Margecany,"[48.89955309, 21.01546062]","Olše 427/52, 055 01 Margecany, Slovakia",Gelnica,"[48.83172669, 20.93589311]","546, 056 01 Gelnica, Slovakia",15 mins,891,12.2 km,12165
Mníšek nad Hnilcom,"[48.81251521, 20.80331182]","Mníšek nad Hnilcom 252, 055 64 Mníšek nad Hnilcom, Slovakia",Gelnica,"[48.83172669, 20.93589311]","546, 056 01 Gelnica, Slovakia",15 mins,894,12.8 km,12753
Nálepkovo,"[48.8226905, 20.60103395]","3279, 053 33 Nálepkovo, Slovakia",Gelnica,"[48.83172669, 20.93589311]","546, 056 01 Gelnica, Slovakia",35 mins,2117,33.3 km,33267
Prakovce,"[48.80312782, 20.88601045]","Unnamed Road, 055 62 Prakovce, Slovakia",Gelnica,"[48.83172669, 20.93589311]","546, 056 01 Gelnica, Slovakia",10 mins,576,5.8 km,5839
Richnava,"[48.93186328, 20.91470459]","3270, 053 51 Hrišovce, Slovakia",Gelnica,"[48.83172669, 20.93589311]","546, 056 01 Gelnica, Slovakia",21 mins,1277,20.3 km,20264
Smolnícka Huta,"[48.76153583, 20.79686105]","Unnamed Road, 055 65 Smolnícka Huta, Slovakia",Gelnica,"[48.83172669, 20.93589311]","546, 056 01 Gelnica, Slovakia",24 mins,1419,18.6 km,18610
Smolník,"[48.72761281, 20.7089577]","Unnamed Road, 055 66 Smolník, Slovakia",Gelnica,"[48.83172669, 20.93589311]","546, 056 01 Gelnica, Slovakia",29 mins,1741,26.1 km,26089
Stará Voda,"[48.80442218, 20.67598796]","Stará Voda 116, 053 34 Stará Voda, Slovakia",Gelnica,"[48.83172669, 20.93589311]","546, 056 01 Gelnica, Slovakia",27 mins,1626,24.8 km,24770
Švedlár,"[48.80190843, 20.72134868]","Unnamed Road, 053 34 Švedlár, Slovakia",Gelnica,"[48.83172669, 20.93589311]","546, 056 01 Gelnica, Slovakia",24 mins,1468,20.4 km,20391
Úhorná,"[48.70658371, 20.66221496]","549, 055 66 Úhorná, Slovakia",Gelnica,"[48.83172669, 20.93589311]","546, 056 01 Gelnica, Slovakia",34 mins,2012,30.8 km,30761
Veľký Folkmar,"[48.84142377, 21.03070057]","547, 055 51 Veľký Folkmar, Slovakia",Gelnica,"[48.83172669, 20.93589311]","546, 056 01 Gelnica, Slovakia",15 mins,902,14.8 km,14829
