Čierna,"[48.43343757, 22.12238238]","79, 076 43 Čierna, Slovakia",Trebišov,"[48.62714808, 21.73504256]","Unnamed Road, 075 01 Trebišov, Slovakia",1 hour 5 mins,3903,73.6 km,73582
Čierna nad Tisou,"[48.41847359, 22.08706945]","Železničná 6-8, 076 43 Čierna nad Tisou, Slovakia",Trebišov,"[48.62714808, 21.73504256]","Unnamed Road, 075 01 Trebišov, Slovakia",1 hour 5 mins,3917,73.7 km,73678
Dargov,"[48.74411422, 21.56399094]","E58, 076 61 Dargov, Slovakia",Trebišov,"[48.62714808, 21.73504256]","Unnamed Road, 075 01 Trebišov, Slovakia",44 mins,2633,41.9 km,41885
Dobrá,"[48.40823573, 22.02756937]","Hlavná 66/68, 076 41 Dobrá, Slovakia",Trebišov,"[48.62714808, 21.73504256]","Unnamed Road, 075 01 Trebišov, Slovakia",1 hour 1 min,3636,68.6 km,68595
Dvorianky,"[48.72470283, 21.71326261]","076 62 Dvorianky, Slovakia",Trebišov,"[48.62714808, 21.73504256]","Unnamed Road, 075 01 Trebišov, Slovakia",21 mins,1266,15.3 km,15314
Egreš,"[48.61532726, 21.59840571]","Egreš 111, 075 01 Egreš, Slovakia",Trebišov,"[48.62714808, 21.73504256]","Unnamed Road, 075 01 Trebišov, Slovakia",21 mins,1274,15.6 km,15570
Hraň,"[48.54590599, 21.78545336]","SNP 31-32, 076 03 Hraň, Slovakia",Trebišov,"[48.62714808, 21.73504256]","Unnamed Road, 075 01 Trebišov, Slovakia",27 mins,1620,22.8 km,22837
Hrčeľ,"[48.52061988, 21.69053939]","Na záhumni 201/2, 076 15 Hrčeľ, Slovakia",Trebišov,"[48.62714808, 21.73504256]","Unnamed Road, 075 01 Trebišov, Slovakia",23 mins,1351,17.7 km,17699
Hriadky,"[48.69976489, 21.71088731]","E50, 076 22 Hriadky, Slovakia",Trebišov,"[48.62714808, 21.73504256]","Unnamed Road, 075 01 Trebišov, Slovakia",16 mins,944,10.9 km,10877
Kašov,"[48.48837075, 21.73374365]","Okružná 81/16, 076 02 Kašov, Slovakia",Trebišov,"[48.62714808, 21.73504256]","Unnamed Road, 075 01 Trebišov, Slovakia",28 mins,1668,22.2 km,22161
Kazimír,"[48.52845504, 21.58918453]","Športová 274, 076 13 Kazimír, Slovakia",Trebišov,"[48.62714808, 21.73504256]","Unnamed Road, 075 01 Trebišov, Slovakia",31 mins,1884,25.6 km,25559
Kožuchov,"[48.56294588, 21.7188232]","Kožuchov 125, 076 01 Kožuchov, Slovakia",Trebišov,"[48.62714808, 21.73504256]","Unnamed Road, 075 01 Trebišov, Slovakia",21 mins,1250,17.7 km,17688
Kráľovský Chlmec,"[48.42947764, 21.97743608]","Kapušanská 127/78, 077 01 Kráľovský Chlmec, Slovakia",Trebišov,"[48.62714808, 21.73504256]","Unnamed Road, 075 01 Trebišov, Slovakia",57 mins,3422,58.6 km,58635
Kravany,"[48.76449199, 21.63639188]","Okružná 44/27, 076 61 Kravany, Slovakia",Trebišov,"[48.62714808, 21.73504256]","Unnamed Road, 075 01 Trebišov, Slovakia",26 mins,1581,21.5 km,21459
Kuzmice,"[48.57291476, 21.55962848]","Potočná 472/13, 076 12 Kuzmice, Slovakia",Trebišov,"[48.62714808, 21.73504256]","Unnamed Road, 075 01 Trebišov, Slovakia",27 mins,1647,20.1 km,20145
Kysta,"[48.50577054, 21.71369506]","Družstevná 141, 076 02 Kysta, Slovakia",Trebišov,"[48.62714808, 21.73504256]","Unnamed Road, 075 01 Trebišov, Slovakia",25 mins,1509,19.8 km,19822
Ladmovce,"[48.41344892, 21.77192537]","Horná 146/9, 076 34 Ladmovce, Slovakia",Trebišov,"[48.62714808, 21.73504256]","Unnamed Road, 075 01 Trebišov, Slovakia",39 mins,2350,35.7 km,35719
Lastovce,"[48.54479114, 21.62847662]","Poľná 1/3, 076 14 Lastovce, Slovakia",Trebišov,"[48.62714808, 21.73504256]","Unnamed Road, 075 01 Trebišov, Slovakia",28 mins,1669,23.3 km,23343
Leles,"[48.4757351, 22.03559306]","Kapušianska 352/29, 076 84 Leles, Slovakia",Trebišov,"[48.62714808, 21.73504256]","Unnamed Road, 075 01 Trebišov, Slovakia",55 mins,3309,59.5 km,59518
Luhyňa,"[48.48823042, 21.63707748]","Hlavná 30/42, 076 14 Luhyňa, Slovakia",Trebišov,"[48.62714808, 21.73504256]","Unnamed Road, 075 01 Trebišov, Slovakia",25 mins,1494,22.8 km,22798
