Koš,"[48.73688504, 18.59038016]","Švermova, 972 41 Koš, Slovakia",Prievidza,"[48.7604456, 18.64894433]","1779, 971 01 Prievidza, Slovakia",9 mins,552,7.6 km,7631
Lazany,"[48.81913066, 18.61898311]","Hlavná 361/97, 972 11 Lazany, Slovakia",Prievidza,"[48.7604456, 18.64894433]","1779, 971 01 Prievidza, Slovakia",13 mins,769,10.3 km,10255
Lehota pod Vtáčnikom,"[48.66348603, 18.623809]","Unnamed Road, 972 42 Lehota pod Vtáčnikom, Slovakia",Prievidza,"[48.7604456, 18.64894433]","1779, 971 01 Prievidza, Slovakia",24 mins,1422,17.9 km,17927
Liešťany,"[48.8390544, 18.45898467]","Unnamed Road, 972 27 Liešťany, Slovakia",Prievidza,"[48.7604456, 18.64894433]","1779, 971 01 Prievidza, Slovakia",29 mins,1731,30.1 km,30097
Malá Čausa,"[48.80958374, 18.7091219]","Malá Čausa 120, 971 01 Malá Čausa, Slovakia",Prievidza,"[48.7604456, 18.64894433]","1779, 971 01 Prievidza, Slovakia",12 mins,696,9.1 km,9052
Malinová,"[48.8589763, 18.59071334]","Unnamed Road, 972 13 Malinová, Slovakia",Prievidza,"[48.7604456, 18.64894433]","1779, 971 01 Prievidza, Slovakia",25 mins,1489,19.1 km,19097
Nedožery-Brezany,"[48.82335804, 18.6709085]","972 12 Nedožery-Brezany, Slovakia",Prievidza,"[48.7604456, 18.64894433]","1779, 971 01 Prievidza, Slovakia",17 mins,990,10.5 km,10512
Nevidzany,"[48.8560055, 18.49985943]","Unnamed Road, 972 27 Nevidzany, Slovakia",Prievidza,"[48.7604456, 18.64894433]","1779, 971 01 Prievidza, Slovakia",33 mins,1993,31.8 km,31801
Nitrianske Pravno,"[48.88347852, 18.6266671]","Tužina 479, 972 14 Tužina, Slovakia",Prievidza,"[48.7604456, 18.64894433]","1779, 971 01 Prievidza, Slovakia",20 mins,1209,16.9 km,16883
Nitrianske Rudno,"[48.7934574, 18.45744911]","Unnamed Road, 972 26 Nitrianske Rudno, Slovakia",Prievidza,"[48.7604456, 18.64894433]","1779, 971 01 Prievidza, Slovakia",25 mins,1509,25.5 km,25532
Nitrianske Sučany,"[48.73261625, 18.47271022]","Nitrianske Sučany 396, 972 21 Nitrianske Sučany, Slovakia",Prievidza,"[48.7604456, 18.64894433]","1779, 971 01 Prievidza, Slovakia",17 mins,1010,18.3 km,18323
Nitrica,"[48.69943317, 18.45523032]","Nitrica 513, 972 22 Nitrica, Slovakia",Prievidza,"[48.7604456, 18.64894433]","1779, 971 01 Prievidza, Slovakia",19 mins,1139,20.9 km,20904
Nováky,"[48.71579784, 18.54914502]","Sama Chalupku 9-21, 972 71 Nováky, Slovakia",Prievidza,"[48.7604456, 18.64894433]","1779, 971 01 Prievidza, Slovakia",12 mins,702,12.5 km,12522
Opatovce nad Nitrou,"[48.75885004, 18.5599528]","Opatovce nad Nitrou 260, 972 02 Opatovce nad Nitrou, Slovakia",Prievidza,"[48.7604456, 18.64894433]","1779, 971 01 Prievidza, Slovakia",16 mins,981,9.6 km,9603
Oslany,"[48.61321416, 18.52021613]","Oslany, Slovakia",Prievidza,"[48.7604456, 18.64894433]","1779, 971 01 Prievidza, Slovakia",31 mins,1835,28.5 km,28478
Podhradie,"[48.67013876, 18.6469205]","Unnamed Road, 972 42 Podhradie, Slovakia",Prievidza,"[48.7604456, 18.64894433]","1779, 971 01 Prievidza, Slovakia",21 mins,1263,18.7 km,18726
Poluvsie,"[48.84784677, 18.63372686]","Poluvsie 224, 972 16 Poluvsie, Slovakia",Prievidza,"[48.7604456, 18.64894433]","1779, 971 01 Prievidza, Slovakia",17 mins,999,12.3 km,12289
Poruba,"[48.84384119, 18.56681133]","Unnamed Road, 972 11 Poruba, Slovakia",Prievidza,"[48.7604456, 18.64894433]","1779, 971 01 Prievidza, Slovakia",22 mins,1329,15.0 km,15021
Pravenec,"[48.85257751, 18.67013305]","Unnamed Road, 972 16 Pravenec, Slovakia",Prievidza,"[48.7604456, 18.64894433]","1779, 971 01 Prievidza, Slovakia",21 mins,1253,13.5 km,13458
Radobica,"[48.57843981, 18.51234727]","Radobica 216, 972 48 Radobica, Slovakia",Prievidza,"[48.7604456, 18.64894433]","1779, 971 01 Prievidza, Slovakia",34 mins,2041,34.8 km,34837
