Havranec,"[49.42011188, 21.54232694]","Unnamed Road, 090 02 Havranec, Slovakia",Svidník,"[49.30776464, 21.57281024]","Ľudovíta Štúra 10-19, 089 01 Svidník, Slovakia",25 mins,1478,15.5 km,15488
Hrabovčík,"[49.28338023, 21.55041641]","090 41 Hrabovčík, Slovakia",Svidník,"[49.30776464, 21.57281024]","Ľudovíta Štúra 10-19, 089 01 Svidník, Slovakia",10 mins,602,6.5 km,6512
Hunkovce,"[49.36370246, 21.65251102]","090 03 Hunkovce, Slovakia",Svidník,"[49.30776464, 21.57281024]","Ľudovíta Štúra 10-19, 089 01 Svidník, Slovakia",17 mins,1010,10.7 km,10723
Jurkova Voľa,"[49.3177847, 21.50268098]","Unnamed Road, 089 01 Jurkova Voľa, Slovakia",Svidník,"[49.30776464, 21.57281024]","Ľudovíta Štúra 10-19, 089 01 Svidník, Slovakia",14 mins,829,7.8 km,7751
Kapišová,"[49.34457008, 21.59617604]","Kapišová 58, 090 01 Kapišová, Slovakia",Svidník,"[49.30776464, 21.57281024]","Ľudovíta Štúra 10-19, 089 01 Svidník, Slovakia",8 mins,456,5.2 km,5201
Kečkovce,"[49.39448785, 21.51467716]","3553, 090 11 Kečkovce, Slovakia",Svidník,"[49.30776464, 21.57281024]","Ľudovíta Štúra 10-19, 089 01 Svidník, Slovakia",17 mins,1034,13.6 km,13585
Korejovce,"[49.38253258, 21.64052584]","3543, 090 05 Korejovce, Slovakia",Svidník,"[49.30776464, 21.57281024]","Ľudovíta Štúra 10-19, 089 01 Svidník, Slovakia",16 mins,948,12.3 km,12300
Krajná Bystrá,"[49.39263362, 21.67363222]","Unnamed Road, 090 05 Krajná Bystrá, Slovakia",Svidník,"[49.30776464, 21.57281024]","Ľudovíta Štúra 10-19, 089 01 Svidník, Slovakia",21 mins,1231,14.9 km,14908
Krajná Poľana,"[49.36303726, 21.68373766]","E371, 090 05 Krajná Poľana, Slovakia",Svidník,"[49.30776464, 21.57281024]","Ľudovíta Štúra 10-19, 089 01 Svidník, Slovakia",15 mins,882,12.1 km,12128
Krajná Porúbka,"[49.41543455, 21.6507295]","Krajná Porúbka 10, 090 05 Krajná Porúbka, Slovakia",Svidník,"[49.30776464, 21.57281024]","Ľudovíta Štúra 10-19, 089 01 Svidník, Slovakia",21 mins,1248,16.4 km,16449
Krajné Čierno,"[49.34445207, 21.67386627]","Unnamed Road, 090 03 Krajné Čierno, Slovakia",Svidník,"[49.30776464, 21.57281024]","Ľudovíta Štúra 10-19, 089 01 Svidník, Slovakia",36 mins,2168,31.9 km,31893
Kružlová,"[49.36400374, 21.57716051]","3537, 090 02 Kružlová, Slovakia",Svidník,"[49.30776464, 21.57281024]","Ľudovíta Štúra 10-19, 089 01 Svidník, Slovakia",10 mins,603,8.1 km,8093
Kurimka,"[49.3258758, 21.43536826]","090 16 Kurimka, Slovakia",Svidník,"[49.30776464, 21.57281024]","Ľudovíta Štúra 10-19, 089 01 Svidník, Slovakia",25 mins,1499,20.1 km,20134
Ladomirová,"[49.33259512, 21.63038952]","E371, 090 03 Ladomirová, Slovakia",Svidník,"[49.30776464, 21.57281024]","Ľudovíta Štúra 10-19, 089 01 Svidník, Slovakia",8 mins,473,6.1 km,6108
Matovce,"[49.14673036, 21.53744978]","Unnamed Road, 090 42 Matovce, Slovakia",Svidník,"[49.30776464, 21.57281024]","Ľudovíta Štúra 10-19, 089 01 Svidník, Slovakia",28 mins,1708,24.9 km,24927
Medvedie,"[49.40047535, 21.64198487]","3543, 090 05 Medvedie, Slovakia",Svidník,"[49.30776464, 21.57281024]","Ľudovíta Štúra 10-19, 089 01 Svidník, Slovakia",18 mins,1087,14.5 km,14526
Mestisko,"[49.25994851, 21.57954572]","3530, 090 41 Mestisko, Slovakia",Svidník,"[49.30776464, 21.57281024]","Ľudovíta Štúra 10-19, 089 01 Svidník, Slovakia",9 mins,569,7.2 km,7170
Miroľa,"[49.33345248, 21.73387082]","3548, 090 05 Miroľa, Slovakia",Svidník,"[49.30776464, 21.57281024]","Ľudovíta Štúra 10-19, 089 01 Svidník, Slovakia",21 mins,1268,17.4 km,17401
Mlynárovce,"[49.25170797, 21.52418351]","Mlynárovce 109, 090 16 Mlynárovce, Slovakia",Svidník,"[49.30776464, 21.57281024]","Ľudovíta Štúra 10-19, 089 01 Svidník, Slovakia",18 mins,1094,14.4 km,14394
Nižná Jedľová,"[49.33758273, 21.56141955]","Nižná Jedľová 40, 089 01 Nižná Jedľová, Slovakia",Svidník,"[49.30776464, 21.57281024]","Ľudovíta Štúra 10-19, 089 01 Svidník, Slovakia",8 mins,496,5.0 km,5016
