Šterusy,"[48.61100185, 17.6705167]","Unnamed Road, 922 03 Šterusy, Slovakia",Piešťany,"[48.5925833, 17.81239777]","Dopravná 3, 921 01 Piešťany, Slovakia",21 mins,1258,15.5 km,15496
Veľké Orvište,"[48.6176958, 17.78974467]","Tálová 286, 922 01 Veľké Orvište, Slovakia",Piešťany,"[48.5925833, 17.81239777]","Dopravná 3, 921 01 Piešťany, Slovakia",9 mins,533,5.8 km,5782
Hubina,"[48.60749887, 17.9258888]","922 21 Hubina, Slovakia",Piešťany,"[48.5925833, 17.81239777]","Dopravná 3, 921 01 Piešťany, Slovakia",21 mins,1271,11.0 km,11041
Ducové,"[48.63065478, 17.86693818]","Ducové 91, 922 21 Ducové, Slovakia",Piešťany,"[48.5925833, 17.81239777]","Dopravná 3, 921 01 Piešťany, Slovakia",13 mins,798,9.4 km,9356
Bašovce,"[48.63133843, 17.80735783]","E75, 922 01 Bašovce, Slovakia",Piešťany,"[48.5925833, 17.81239777]","Dopravná 3, 921 01 Piešťany, Slovakia",6 mins,362,7.4 km,7421
Šípkové,"[48.6622159, 17.71606868]","Šípkové 173, 922 03 Šípkové, Slovakia",Piešťany,"[48.5925833, 17.81239777]","Dopravná 3, 921 01 Piešťany, Slovakia",18 mins,1102,14.9 km,14857
Banka,"[48.57725032, 17.85975985]","Lyžiarska 4122/33, 921 01 Banka, Slovakia",Piešťany,"[48.5925833, 17.81239777]","Dopravná 3, 921 01 Piešťany, Slovakia",8 mins,498,4.7 km,4653
