Honce,"[48.67241734, 20.40987342]","Honce 21, 049 32 Honce, Slovakia",Rožňava,"[48.69128559, 20.55809201]","Unnamed Road, 048 01 Rožňava, Slovakia",24 mins,1452,15.1 km,15110
Hrhov,"[48.59538029, 20.75326434]","Unnamed Road, 049 44 Hrhov, Slovakia",Rožňava,"[48.69128559, 20.55809201]","Unnamed Road, 048 01 Rožňava, Slovakia",30 mins,1823,26.2 km,26206
Hrušov,"[48.58715361, 20.6220432]","Unnamed Road, 049 43 Hrušov, Slovakia",Rožňava,"[48.69128559, 20.55809201]","Unnamed Road, 048 01 Rožňava, Slovakia",36 mins,2147,26.8 km,26781
Jablonov nad Turňou,"[48.58924556, 20.67408986]","Jablonov nad Turňou 721, 049 43 Jablonov nad Turňou, Slovakia",Rožňava,"[48.69128559, 20.55809201]","Unnamed Road, 048 01 Rožňava, Slovakia",29 mins,1765,21.6 km,21620
Kečovo,"[48.49321432, 20.48105026]","Kečovo 174, 049 55 Kečovo, Slovakia",Rožňava,"[48.69128559, 20.55809201]","Unnamed Road, 048 01 Rožňava, Slovakia",40 mins,2426,38.3 km,38266
Kobeliarovo,"[48.74982836, 20.36828396]","049 23 Kobeliarovo, Slovakia",Rožňava,"[48.69128559, 20.55809201]","Unnamed Road, 048 01 Rožňava, Slovakia",27 mins,1643,21.5 km,21474
Koceľovce,"[48.7154161, 20.34180818]","Unnamed Road, 049 35 Koceľovce, Slovakia",Rožňava,"[48.69128559, 20.55809201]","Unnamed Road, 048 01 Rožňava, Slovakia",34 mins,2029,27.0 km,26976
Kováčová,"[48.64587166, 20.70034431]","Unnamed Road, 049 42 Kováčová, Slovakia",Rožňava,"[48.69128559, 20.55809201]","Unnamed Road, 048 01 Rožňava, Slovakia",26 mins,1570,19.0 km,18950
Krásnohorská Dlhá Lúka,"[48.61885255, 20.57079574]","Krásnohorská Dlhá Lúka 116, 049 45 Krásnohorská Dlhá Lúka, Slovakia",Rožňava,"[48.69128559, 20.55809201]","Unnamed Road, 048 01 Rožňava, Slovakia",23 mins,1396,15.9 km,15885
Krásnohorské Podhradie,"[48.65969932, 20.59973992]","Cintorínska 100, 049 41 Krásnohorské Podhradie, Slovakia",Rožňava,"[48.69128559, 20.55809201]","Unnamed Road, 048 01 Rožňava, Slovakia",17 mins,1049,10.4 km,10437
Kunova Teplica,"[48.61222578, 20.38223076]","Kunova Teplica 118, 049 32 Kunova Teplica, Slovakia",Rožňava,"[48.69128559, 20.55809201]","Unnamed Road, 048 01 Rožňava, Slovakia",31 mins,1835,23.6 km,23556
Lipovník,"[48.62173314, 20.62202956]","Unnamed Road, 049 42 Lipovník, Slovakia",Rožňava,"[48.69128559, 20.55809201]","Unnamed Road, 048 01 Rožňava, Slovakia",22 mins,1348,14.0 km,13983
Lúčka,"[48.63856316, 20.72841829]","Lúčka 73, 049 42 Lúčka, Slovakia",Rožňava,"[48.69128559, 20.55809201]","Unnamed Road, 048 01 Rožňava, Slovakia",31 mins,1832,22.3 km,22331
Markuška,"[48.73045197, 20.31357129]","Unnamed Road, Slavošovce, Slovakia",Rožňava,"[48.69128559, 20.55809201]","Unnamed Road, 048 01 Rožňava, Slovakia",36 mins,2186,29.5 km,29529
Meliata,"[48.51602374, 20.33134035]","3007, 049 12 Meliata, Slovakia",Rožňava,"[48.69128559, 20.55809201]","Unnamed Road, 048 01 Rožňava, Slovakia",36 mins,2163,32.1 km,32063
Nižná Slaná,"[48.72549467, 20.40756619]","Letná 8, 049 23 Nižná Slaná, Slovakia",Rožňava,"[48.69128559, 20.55809201]","Unnamed Road, 048 01 Rožňava, Slovakia",23 mins,1370,17.2 km,17198
Ochtiná,"[48.67979863, 20.3114185]","Unnamed Road, 049 35 Ochtiná, Slovakia",Rožňava,"[48.69128559, 20.55809201]","Unnamed Road, 048 01 Rožňava, Slovakia",38 mins,2263,24.9 km,24860
Pača,"[48.70615629, 20.62470285]","Unnamed Road, 049 41 Pača, Slovakia",Rožňava,"[48.69128559, 20.55809201]","Unnamed Road, 048 01 Rožňava, Slovakia",27 mins,1645,16.7 km,16746
Pašková,"[48.58835295, 20.38434344]","Pašková 111, 049 32 Pašková, Slovakia",Rožňava,"[48.69128559, 20.55809201]","Unnamed Road, 048 01 Rožňava, Slovakia",34 mins,2010,26.3 km,26255
Petrovo,"[48.7151426, 20.36975462]","Petrovo 22, 049 35 Petrovo, Slovakia",Rožňava,"[48.69128559, 20.55809201]","Unnamed Road, 048 01 Rožňava, Slovakia",30 mins,1826,23.0 km,22970
