Prievidza,"[48.7604456, 18.64894433]","1779, 971 01 Prievidza, Slovakia",Prievidza,"[48.7604456, 18.64894433]","1779, 971 01 Prievidza, Slovakia",1 min,0,1 m,0
Bojnice,"[48.79344077, 18.57858702]","Lesná 49, 972 01 Bojnice, Slovakia",Prievidza,"[48.7604456, 18.64894433]","1779, 971 01 Prievidza, Slovakia",15 mins,917,7.7 km,7728
Bystričany,"[48.64452408, 18.54503361]","972 45 Bystričany, Slovakia",Prievidza,"[48.7604456, 18.64894433]","1779, 971 01 Prievidza, Slovakia",30 mins,1772,22.6 km,22605
Cigeľ,"[48.70840555, 18.67111796]","Unnamed Road, 971 01 Cigeľ, Slovakia",Prievidza,"[48.7604456, 18.64894433]","1779, 971 01 Prievidza, Slovakia",20 mins,1170,12.5 km,12481
Čavoj,"[48.88996912, 18.48666253]","Biela Voda 251, 972 29 Čavoj, Slovakia",Prievidza,"[48.7604456, 18.64894433]","1779, 971 01 Prievidza, Slovakia",38 mins,2294,37.0 km,37048
Čereňany,"[48.63300745, 18.5212618]","13A, Fančová 757, 972 46 Čereňany, Slovakia",Prievidza,"[48.7604456, 18.64894433]","1779, 971 01 Prievidza, Slovakia",29 mins,1743,24.8 km,24776
Diviacka Nová Ves,"[48.74738533, 18.49905244]","Diviacka Nová Ves 292, 972 24 Diviacka Nová Ves, Slovakia",Prievidza,"[48.7604456, 18.64894433]","1779, 971 01 Prievidza, Slovakia",16 mins,986,18.3 km,18266
Diviaky nad Nitricou,"[48.77268658, 18.49262338]","574, 972 25 Diviaky nad Nitricou, Slovakia",Prievidza,"[48.7604456, 18.64894433]","1779, 971 01 Prievidza, Slovakia",18 mins,1067,21.2 km,21164
Dlžín,"[48.81841748, 18.52205816]","Unnamed Road, 972 26 Dlžín, Slovakia",Prievidza,"[48.7604456, 18.64894433]","1779, 971 01 Prievidza, Slovakia",29 mins,1716,18.1 km,18086
Dolné Vestenice,"[48.71767513, 18.39000453]","M. R. Štefánika 374/144, 972 23 Dolné Vestenice, Slovakia",Prievidza,"[48.7604456, 18.64894433]","1779, 971 01 Prievidza, Slovakia",25 mins,1526,26.9 km,26932
Handlová,"[48.70140016, 18.73501681]","Stará cesta 963/60, 972 51 Handlová-Horný Koniec, Slovakia",Prievidza,"[48.7604456, 18.64894433]","1779, 971 01 Prievidza, Slovakia",23 mins,1351,19.1 km,19064
Horná Ves,"[48.59120464, 18.52841482]","Unnamed Road, 972 48 Horná Ves, Slovakia",Prievidza,"[48.7604456, 18.64894433]","1779, 971 01 Prievidza, Slovakia",30 mins,1829,31.8 km,31752
Horné Vestenice,"[48.72347041, 18.42303653]","Unnamed Road, 972 22 Horné Vestenice, Slovakia",Prievidza,"[48.7604456, 18.64894433]","1779, 971 01 Prievidza, Slovakia",23 mins,1368,22.5 km,22462
Chrenovec-Brusno,"[48.7817808, 18.733506]","Chrenovec - Brusno 695, 972 32 Chrenovec - Brusno, Slovakia",Prievidza,"[48.7604456, 18.64894433]","1779, 971 01 Prievidza, Slovakia",10 mins,625,8.7 km,8656
Chvojnica,"[48.88134695, 18.53771737]","Unnamed Road, 972 13 Chvojnica, Slovakia",Prievidza,"[48.7604456, 18.64894433]","1779, 971 01 Prievidza, Slovakia",34 mins,2050,24.4 km,24370
Kamenec pod Vtáčnikom,"[48.65677868, 18.58668902]","Na papiereň 348/101, 972 44 Kamenec pod Vtáčnikom, Slovakia",Prievidza,"[48.7604456, 18.64894433]","1779, 971 01 Prievidza, Slovakia",25 mins,1483,22.5 km,22537
Kanianka,"[48.82103759, 18.57143758]","Unnamed Road, Kanianka, Slovakia",Prievidza,"[48.7604456, 18.64894433]","1779, 971 01 Prievidza, Slovakia",22 mins,1320,14.2 km,14175
Kľačno,"[48.92976354, 18.65514475]","Unnamed Road, 972 15 Kľačno, Slovakia",Prievidza,"[48.7604456, 18.64894433]","1779, 971 01 Prievidza, Slovakia",29 mins,1736,22.4 km,22450
Kocurany,"[48.76523949, 18.53945755]","Kocurany 116, 972 02 Kocurany, Slovakia",Prievidza,"[48.7604456, 18.64894433]","1779, 971 01 Prievidza, Slovakia",18 mins,1085,11.1 km,11058
Kostolná Ves,"[48.80378745, 18.4974365]","972 26 Kostolná Ves, Slovakia",Prievidza,"[48.7604456, 18.64894433]","1779, 971 01 Prievidza, Slovakia",25 mins,1528,26.4 km,26384
