Lascov,"[49.16103125, 21.48303745]","Unnamed Road, 086 45 Lascov, Slovakia",Bardejov,"[49.3033095, 21.2756239]","Kukorelliho 43, 085 01 Bardejov, Slovakia",33 mins,1982,31.0 km,31024
Lenartov,"[49.30866354, 21.01169485]","77, 086 06 Lenartov, Slovakia",Bardejov,"[49.3033095, 21.2756239]","Kukorelliho 43, 085 01 Bardejov, Slovakia",25 mins,1513,22.3 km,22313
Lipová,"[49.25977069, 21.48537872]","Lipová 21, 086 12 Lipová, Slovakia",Bardejov,"[49.3033095, 21.2756239]","Kukorelliho 43, 085 01 Bardejov, Slovakia",25 mins,1495,22.4 km,22359
Livov,"[49.23835604, 21.08528382]","3183, 086 05 Livov, Slovakia",Bardejov,"[49.3033095, 21.2756239]","Kukorelliho 43, 085 01 Bardejov, Slovakia",33 mins,1982,26.2 km,26198
Livovská Huta,"[49.23783745, 21.02377915]","086 05 Livovská Huta, Slovakia",Bardejov,"[49.3033095, 21.2756239]","Kukorelliho 43, 085 01 Bardejov, Slovakia",38 mins,2270,30.1 km,30119
Lopúchov,"[49.13160814, 21.36951623]","Lopúchov 103, 086 41 Lopúchov, Slovakia",Bardejov,"[49.3033095, 21.2756239]","Kukorelliho 43, 085 01 Bardejov, Slovakia",30 mins,1787,25.7 km,25712
Lukavica,"[49.26050517, 21.32078032]","Lukavica 10, 086 21 Lukavica, Slovakia",Bardejov,"[49.3033095, 21.2756239]","Kukorelliho 43, 085 01 Bardejov, Slovakia",11 mins,687,7.8 km,7769
Lukov,"[49.27776929, 21.07410877]","Unnamed Road, 086 05 Lukov, Slovakia",Bardejov,"[49.3033095, 21.2756239]","Kukorelliho 43, 085 01 Bardejov, Slovakia",28 mins,1664,21.9 km,21948
Malcov,"[49.29699011, 21.0443641]","Unnamed Road, 086 06 Malcov, Slovakia",Bardejov,"[49.3033095, 21.2756239]","Kukorelliho 43, 085 01 Bardejov, Slovakia",24 mins,1412,19.7 km,19741
Marhaň,"[49.17869588, 21.45672405]","086 45 Marhaň, Slovakia",Bardejov,"[49.3033095, 21.2756239]","Kukorelliho 43, 085 01 Bardejov, Slovakia",30 mins,1806,28.0 km,28039
Mikulášová,"[49.38377846, 21.39473173]","Mikulášová 71, 086 36 Mikulášová, Slovakia",Bardejov,"[49.3033095, 21.2756239]","Kukorelliho 43, 085 01 Bardejov, Slovakia",19 mins,1141,16.9 km,16901
Mokroluh,"[49.30679617, 21.21182923]","Mokroluh 194, 086 01 Mokroluh, Slovakia",Bardejov,"[49.3033095, 21.2756239]","Kukorelliho 43, 085 01 Bardejov, Slovakia",9 mins,557,5.9 km,5902
Nemcovce,"[49.2167914, 21.42764613]","Unnamed Road, 086 12 Nemcovce, Slovakia",Bardejov,"[49.3033095, 21.2756239]","Kukorelliho 43, 085 01 Bardejov, Slovakia",24 mins,1460,21.7 km,21715
Nižná Polianka,"[49.40854159, 21.40949153]","3519, 086 36 Nižná Polianka, Slovakia",Bardejov,"[49.3033095, 21.2756239]","Kukorelliho 43, 085 01 Bardejov, Slovakia",18 mins,1091,17.9 km,17895
Nižná Voľa,"[49.22104994, 21.36616117]","Nižná Voľa 19, 086 21 Nižná Voľa, Slovakia",Bardejov,"[49.3033095, 21.2756239]","Kukorelliho 43, 085 01 Bardejov, Slovakia",18 mins,1083,14.7 km,14697
Nižný Tvarožec,"[49.36723652, 21.1882715]","3486, 086 02 Nižný Tvarožec, Slovakia",Bardejov,"[49.3033095, 21.2756239]","Kukorelliho 43, 085 01 Bardejov, Slovakia",19 mins,1150,16.5 km,16542
Oľšavce,"[49.2023689, 21.37316335]","Oľšavce 52, 086 46 Oľšavce, Slovakia",Bardejov,"[49.3033095, 21.2756239]","Kukorelliho 43, 085 01 Bardejov, Slovakia",22 mins,1290,17.5 km,17507
Ondavka,"[49.44255353, 21.33537108]","086 36 Ondavka, Slovakia",Bardejov,"[49.3033095, 21.2756239]","Kukorelliho 43, 085 01 Bardejov, Slovakia",28 mins,1665,24.0 km,23953
Ortuťová,"[49.27279258, 21.46170213]","3516, 086 12 Ortuťová, Slovakia",Bardejov,"[49.3033095, 21.2756239]","Kukorelliho 43, 085 01 Bardejov, Slovakia",21 mins,1230,19.3 km,19255
Osikov,"[49.16801549, 21.25016611]","Unnamed Road, 086 42 Osikov, Slovakia",Bardejov,"[49.3033095, 21.2756239]","Kukorelliho 43, 085 01 Bardejov, Slovakia",24 mins,1433,18.0 km,18041
