Čižatice,"[48.791703, 21.38733977]","Čižatice 147, 044 47 Čižatice, Slovakia",Košice - okolie,Košice - okolie,"Košice-okolie District, Slovakia",39 mins,2331,39.4 km,39405
Debraď,"[48.6534722, 20.97717387]","Debraď 157, 045 01 Debraď, Slovakia",Košice - okolie,Košice - okolie,"Košice-okolie District, Slovakia",18 mins,1069,15.7 km,15709
Drienovec,"[48.6180229, 20.94195459]","044 01 Drienovec, Slovakia",Košice - okolie,Košice - okolie,"Košice-okolie District, Slovakia",26 mins,1557,22.3 km,22251
Družstevná pri Hornáde,"[48.80707283, 21.25373603]","Prešovská 73, 044 31 Družstevná pri Hornáde, Slovakia",Košice - okolie,Košice - okolie,"Košice-okolie District, Slovakia",34 mins,2032,37.4 km,37355
Ďurďošík,"[48.73868091, 21.40538607]","Ďurďošík 109, 044 45 Ďurďošík, Slovakia",Košice - okolie,Košice - okolie,"Košice-okolie District, Slovakia",35 mins,2099,37.0 km,36985
Ďurkov,"[48.70992379, 21.44349851]","Ďurkov 289, 044 19 Ďurkov, Slovakia",Košice - okolie,Košice - okolie,"Košice-okolie District, Slovakia",38 mins,2281,41.3 km,41295
Geča,"[48.62384006, 21.30945625]","3416, 044 10 Geča, Slovakia",Košice - okolie,Košice - okolie,"Košice-okolie District, Slovakia",27 mins,1629,26.7 km,26655
Gyňov,"[48.58596561, 21.30797552]","Hlavná 193, 044 14 Gyňov, Slovakia",Košice - okolie,Košice - okolie,"Košice-okolie District, Slovakia",29 mins,1764,31.3 km,31288
Hačava,"[48.67305975, 20.82560918]","044 02 Hačava, Slovakia",Košice - okolie,Košice - okolie,"Košice-okolie District, Slovakia",37 mins,2249,35.3 km,35313
Haniska,"[48.62189714, 21.25305885]","Ulica Zamajer 258, 044 57 Haniska, Slovakia",Košice - okolie,Košice - okolie,"Košice-okolie District, Slovakia",23 mins,1378,24.2 km,24155
Herľany,"[48.79921482, 21.4897879]","576, 044 45 Herľany, Slovakia",Košice - okolie,Košice - okolie,"Košice-okolie District, Slovakia",43 mins,2604,47.5 km,47548
Hodkovce,"[48.68000172, 21.09470408]","Hodkovce 103, 044 21 Hodkovce, Slovakia",Košice - okolie,Košice - okolie,"Košice-okolie District, Slovakia",3 mins,187,3.1 km,3139
Hrašovík,"[48.74446062, 21.32362107]","3324, 044 42 Hrašovík, Slovakia",Košice - okolie,Košice - okolie,"Košice-okolie District, Slovakia",29 mins,1726,30.9 km,30868
Hýľov,"[48.73279067, 21.08131343]","3319, 044 12 Hýľov, Slovakia",Košice - okolie,Košice - okolie,"Košice-okolie District, Slovakia",20 mins,1202,15.3 km,15254
Chrastné,"[48.79625658, 21.35892646]","044 44 Chrastné, Slovakia",Košice - okolie,Košice - okolie,"Košice-okolie District, Slovakia",34 mins,2023,36.7 km,36721
Janík,"[48.54538338, 20.97383162]","Unnamed Road, 044 05 Janík, Slovakia",Košice - okolie,Košice - okolie,"Košice-okolie District, Slovakia",30 mins,1810,25.9 km,25924
Jasov,"[48.69998859, 20.9520009]","Unnamed Road, 044 23 Jasov, Slovakia",Košice - okolie,Košice - okolie,"Košice-okolie District, Slovakia",14 mins,813,10.8 km,10780
Kalša,"[48.61276316, 21.52074893]","Kalša 217, 044 18 Kalša, Slovakia",Košice - okolie,Košice - okolie,"Košice-okolie District, Slovakia",45 mins,2679,44.9 km,44919
Kecerovce,"[48.82418473, 21.40678316]","Kecerovce 305, 044 47 Kecerovce, Slovakia",Košice - okolie,Košice - okolie,"Košice-okolie District, Slovakia",43 mins,2599,47.5 km,47478
Kecerovský Lipovec,"[48.85101584, 21.46022425]","Unnamed Road, 044 47 Kecerovský Lipovec, Slovakia",Košice - okolie,Košice - okolie,"Košice-okolie District, Slovakia",52 mins,3112,53.0 km,53007
