Kokšov-Bakša,"[48.64215936, 21.32136316]","Kokšov - Bakša 282, 044 13 Kokšov - Bakša, Slovakia",Košice - okolie,Košice - okolie,"Košice-okolie District, Slovakia",29 mins,1731,27.6 km,27627
Komárovce,"[48.56961678, 21.11190265]","3400, 044 55 Komárovce, Slovakia",Košice - okolie,Košice - okolie,"Košice-okolie District, Slovakia",25 mins,1529,24.3 km,24275
Košická Belá,"[48.81022698, 21.09777799]","3349, 044 65 Košická Belá, Slovakia",Košice - okolie,Košice - okolie,"Košice-okolie District, Slovakia",43 mins,2558,39.3 km,39307
Košická Polianka,"[48.69439845, 21.35463892]","Košická Polianka 229, 044 41 Košická Polianka, Slovakia",Košice - okolie,Košice - okolie,"Košice-okolie District, Slovakia",32 mins,1902,28.5 km,28477
Košické Oľšany,"[48.72963623, 21.35130894]","Unnamed Road, 044 42 Košické Olšany, Slovakia",Košice - okolie,Košice - okolie,"Košice-okolie District, Slovakia",31 mins,1838,31.6 km,31610
Košický Klečenov,"[48.74170342, 21.52548051]","E58, 044 45 Košický Klečenov, Slovakia",Košice - okolie,Košice - okolie,"Košice-okolie District, Slovakia",1 hour 3 mins,3782,70.8 km,70824
Kráľovce,"[48.80594093, 21.33600731]","Kráľovce 33, 044 44 Kráľovce, Slovakia",Košice - okolie,Košice - okolie,"Košice-okolie District, Slovakia",34 mins,2041,36.1 km,36055
Kysak,"[48.84917138, 21.19934234]","Kysak 800, 044 81 Kysak, Slovakia",Košice - okolie,Košice - okolie,"Košice-okolie District, Slovakia",44 mins,2635,47.7 km,47703
Malá Ida,"[48.6766617, 21.16630466]","Školská 101/6, 044 20 Malá Ida, Slovakia",Košice - okolie,Košice - okolie,"Košice-okolie District, Slovakia",9 mins,544,9.3 km,9299
Malá Lodina,"[48.8719769, 21.10019628]","3354, 044 32 Malá Lodina, Slovakia",Košice - okolie,Košice - okolie,"Košice-okolie District, Slovakia",53 mins,3155,58.1 km,58068
Medzev,"[48.70860325, 20.87148695]","Štóska 829/96, 044 25 Nižný Medzev, Slovakia",Košice - okolie,Košice - okolie,"Košice-okolie District, Slovakia",17 mins,1002,16.3 km,16292
Mokrance,"[48.59759252, 21.02383861]","Mokrance 323, 045 01 Mokrance, Slovakia",Košice - okolie,Košice - okolie,"Košice-okolie District, Slovakia",22 mins,1348,20.0 km,19951
Moldava nad Bodvou,"[48.60378053, 20.99342142]","045 01 Moldava nad Bodvou, Slovakia",Košice - okolie,Košice - okolie,"Košice-okolie District, Slovakia",22 mins,1326,19.2 km,19163
Mudrovce,"[48.83272377, 21.4675803]","Unnamed Road, 044 47 Mudrovce, Slovakia",Košice - okolie,Košice - okolie,"Košice-okolie District, Slovakia",52 mins,3137,53.7 km,53702
Nižná Kamenica,"[48.76720589, 21.50342133]","Unnamed Road, 044 45 Nižná Kamenica, Slovakia",Košice - okolie,Košice - okolie,"Košice-okolie District, Slovakia",44 mins,2669,44.6 km,44614
Nižná Myšľa,"[48.63015399, 21.35950158]","Pri Hornáde 372, 044 15 Nižná Myšľa, Slovakia",Košice - okolie,Košice - okolie,"Košice-okolie District, Slovakia",32 mins,1918,30.9 km,30863
Nižný Čaj,"[48.66989498, 21.3919718]","Nižný Čaj 80, 044 16 Nižný Čaj, Slovakia",Košice - okolie,Košice - okolie,"Košice-okolie District, Slovakia",34 mins,2022,32.7 km,32676
Nižný Klátov,"[48.73460804, 21.14888828]","Unnamed Road, 044 12 Nižný Klátov, Slovakia",Košice - okolie,Košice - okolie,"Košice-okolie District, Slovakia",28 mins,1704,21.3 km,21287
Nižný Lánec,"[48.53566661, 21.11094275]","Nižný Lánec 15, 044 73 Nižný Lánec, Slovakia",Košice - okolie,Košice - okolie,"Košice-okolie District, Slovakia",32 mins,1891,31.2 km,31197
Turnianska Nová Ves,"[48.57101539, 20.89261273]","Unnamed Road, 044 02 Turnianska Nová Ves, Slovakia",Košice - okolie,Košice - okolie,"Košice-okolie District, Slovakia",34 mins,2019,30.9 km,30926
