Giraltovce,"[49.11296597, 21.52400392]","Kukučínova 83, 087 01 Giraltovce, Slovakia",Svidník,"[49.30776464, 21.57281024]","Ľudovíta Štúra 10-19, 089 01 Svidník, Slovakia",30 mins,1810,28.8 km,28769
Kalnište,"[49.13663457, 21.47145483]","Kalnište 139, 087 01 Kalnište, Slovakia",Svidník,"[49.30776464, 21.57281024]","Ľudovíta Štúra 10-19, 089 01 Svidník, Slovakia",38 mins,2283,34.8 km,34754
Kobylnice,"[49.09798248, 21.55035277]","Kobylnice 15, 087 01 Kobylnice, Slovakia",Svidník,"[49.30776464, 21.57281024]","Ľudovíta Štúra 10-19, 089 01 Svidník, Slovakia",37 mins,2245,35.7 km,35685
Kračúnovce,"[49.09061271, 21.47084127]","Unnamed Road, 087 01 Kračúnovce, Slovakia",Svidník,"[49.30776464, 21.57281024]","Ľudovíta Štúra 10-19, 089 01 Svidník, Slovakia",37 mins,2195,33.2 km,33190
Kuková,"[49.11746953, 21.44825194]","Kuková 115, 086 44 Kuková, Slovakia",Svidník,"[49.30776464, 21.57281024]","Ľudovíta Štúra 10-19, 089 01 Svidník, Slovakia",39 mins,2324,35.2 km,35163
Lúčka,"[49.10840485, 21.4787387]","Lúčka 71, 087 01 Lúčka, Slovakia",Svidník,"[49.30776464, 21.57281024]","Ľudovíta Štúra 10-19, 089 01 Svidník, Slovakia",36 mins,2182,33.2 km,33225
Lužany pri Topli,"[49.12549522, 21.50411275]","3533, 087 01 Lužany pri Topli, Slovakia",Svidník,"[49.30776464, 21.57281024]","Ľudovíta Štúra 10-19, 089 01 Svidník, Slovakia",32 mins,1918,30.6 km,30566
Mičakovce,"[49.08404903, 21.52970042]","3532, 087 01 Kobylnice, Slovakia",Svidník,"[49.30776464, 21.57281024]","Ľudovíta Štúra 10-19, 089 01 Svidník, Slovakia",35 mins,2091,33.8 km,33778
Železník,"[49.08631935, 21.50698801]","Železník 113, 087 01 Železník, Slovakia",Svidník,"[49.30776464, 21.57281024]","Ľudovíta Štúra 10-19, 089 01 Svidník, Slovakia",35 mins,2071,31.7 km,31747
Želmanovce,"[49.11802987, 21.42780869]","3500, 086 44 Želmanovce, Slovakia",Svidník,"[49.30776464, 21.57281024]","Ľudovíta Štúra 10-19, 089 01 Svidník, Slovakia",38 mins,2293,36.6 km,36578
Svidník,"[49.30776464, 21.57281024]","Ľudovíta Štúra 10-19, 089 01 Svidník, Slovakia",Svidník,"[49.30776464, 21.57281024]","Ľudovíta Štúra 10-19, 089 01 Svidník, Slovakia",1 min,0,1 m,0
Belejovce,"[49.37417401, 21.54237704]","Belejovce 11, 089 01 Belejovce, Slovakia",Svidník,"[49.30776464, 21.57281024]","Ľudovíta Štúra 10-19, 089 01 Svidník, Slovakia",15 mins,891,10.6 km,10562
Beňadikovce,"[49.22832972, 21.54464667]","Beňadikovce 81, 090 42 Beňadikovce, Slovakia",Svidník,"[49.30776464, 21.57281024]","Ľudovíta Štúra 10-19, 089 01 Svidník, Slovakia",21 mins,1245,17.7 km,17707
Bodružal,"[49.35181532, 21.71001866]","3546, 090 05 Bodružal, Slovakia",Svidník,"[49.30776464, 21.57281024]","Ľudovíta Štúra 10-19, 089 01 Svidník, Slovakia",19 mins,1115,14.8 km,14767
Cernina,"[49.29830836, 21.47400126]","Cernina 73, 090 16 Cernina, Slovakia",Svidník,"[49.30776464, 21.57281024]","Ľudovíta Štúra 10-19, 089 01 Svidník, Slovakia",19 mins,1131,15.3 km,15337
Cigla,"[49.36205891, 21.39582489]","Cigla 15, 086 37 Cigla, Slovakia",Svidník,"[49.30776464, 21.57281024]","Ľudovíta Štúra 10-19, 089 01 Svidník, Slovakia",20 mins,1188,16.3 km,16307
Dlhoňa,"[49.41493261, 21.56949742]","Unnamed Road, 090 02 Dlhoňa, Slovakia",Svidník,"[49.30776464, 21.57281024]","Ľudovíta Štúra 10-19, 089 01 Svidník, Slovakia",23 mins,1374,14.6 km,14606
Dobroslava,"[49.36676638, 21.6174222]","Dobroslava 20, 090 01 Dobroslava, Slovakia",Svidník,"[49.30776464, 21.57281024]","Ľudovíta Štúra 10-19, 089 01 Svidník, Slovakia",12 mins,712,8.4 km,8430
Dubová,"[49.35909614, 21.43553363]","3554, 090 11 Dubová, Slovakia",Svidník,"[49.30776464, 21.57281024]","Ľudovíta Štúra 10-19, 089 01 Svidník, Slovakia",16 mins,964,13.2 km,13157
Fijaš,"[49.12710873, 21.57906761]","Fijaš 24, 090 42 Fijaš, Slovakia",Svidník,"[49.30776464, 21.57281024]","Ľudovíta Štúra 10-19, 089 01 Svidník, Slovakia",28 mins,1654,26.6 km,26589
