Nitra,"[48.30086558, 18.08622616]","Špitálska 2631/2, 949 01 Nitra, Slovakia",Nitra,"[48.30086558, 18.08622616]","Špitálska 2631/2, 949 01 Nitra, Slovakia",1 min,0,1 m,0
Alekšince,"[48.35557075, 17.95606275]","Unnamed Road, 951 22 Alekšince, Slovakia",Nitra,"[48.30086558, 18.08622616]","Špitálska 2631/2, 949 01 Nitra, Slovakia",20 mins,1175,13.1 km,13137
Báb,"[48.29958898, 17.87725237]","Unnamed Road, 951 34 Báb, Slovakia",Nitra,"[48.30086558, 18.08622616]","Špitálska 2631/2, 949 01 Nitra, Slovakia",18 mins,1050,20.6 km,20597
Branč,"[48.21332742, 18.14590087]","Nitranska ulica, 951 13 Branč, Slovakia",Nitra,"[48.30086558, 18.08622616]","Špitálska 2631/2, 949 01 Nitra, Slovakia",16 mins,985,12.0 km,11994
Čakajovce,"[48.37308773, 18.04008428]","1677, 951 43 Čakajovce, Slovakia",Nitra,"[48.30086558, 18.08622616]","Špitálska 2631/2, 949 01 Nitra, Slovakia",15 mins,916,10.7 km,10738
Čeľadice,"[48.31744407, 18.24496233]","951 03 Čeľadice, Slovakia",Nitra,"[48.30086558, 18.08622616]","Špitálska 2631/2, 949 01 Nitra, Slovakia",23 mins,1375,26.7 km,26741
Čifáre,"[48.24227204, 18.40425318]","1652, 951 61 Čifáre, Slovakia",Nitra,"[48.30086558, 18.08622616]","Špitálska 2631/2, 949 01 Nitra, Slovakia",32 mins,1938,29.3 km,29295
Dolné Obdokovce,"[48.30637569, 18.21653204]","951 02 Dolné Obdokovce, Slovakia",Nitra,"[48.30086558, 18.08622616]","Špitálska 2631/2, 949 01 Nitra, Slovakia",21 mins,1243,14.5 km,14549
Golianovo,"[48.26771982, 18.20783913]","Unnamed Road, 951 08 Golianovo, Slovakia",Nitra,"[48.30086558, 18.08622616]","Špitálska 2631/2, 949 01 Nitra, Slovakia",27 mins,1594,19.7 km,19681
Hruboňovo,"[48.44631357, 18.02598978]","Hruboňovo 124, 951 25 Hruboňovo, Slovakia",Nitra,"[48.30086558, 18.08622616]","Špitálska 2631/2, 949 01 Nitra, Slovakia",26 mins,1560,20.7 km,20704
Jarok,"[48.27127716, 17.96078602]","951 48 Jarok, Slovakia",Nitra,"[48.30086558, 18.08622616]","Špitálska 2631/2, 949 01 Nitra, Slovakia",20 mins,1226,12.5 km,12494
Jelenec,"[48.39185911, 18.21776954]","Unnamed Road, 951 73 Jelenec, Slovakia",Nitra,"[48.30086558, 18.08622616]","Špitálska 2631/2, 949 01 Nitra, Slovakia",22 mins,1347,16.3 km,16336
Jelšovce,"[48.38458731, 18.06260405]","Jelšovce 197, 951 43 Jelšovce, Slovakia",Nitra,"[48.30086558, 18.08622616]","Špitálska 2631/2, 949 01 Nitra, Slovakia",18 mins,1084,12.8 km,12796
Kapince,"[48.45018797, 17.97361167]","1326, 951 24 Kapince, Slovakia",Nitra,"[48.30086558, 18.08622616]","Špitálska 2631/2, 949 01 Nitra, Slovakia",29 mins,1752,22.3 km,22280
Klasov,"[48.26768956, 18.25851373]","51, 951 53 Klasov, Slovakia",Nitra,"[48.30086558, 18.08622616]","Špitálska 2631/2, 949 01 Nitra, Slovakia",20 mins,1191,16.4 km,16388
Kolíňany,"[48.35254836, 18.21985489]","Unnamed Road, 951 78 Kolíňany, Slovakia",Nitra,"[48.30086558, 18.08622616]","Špitálska 2631/2, 949 01 Nitra, Slovakia",23 mins,1405,15.5 km,15476
Lehota,"[48.3136942, 17.99056918]","Lehota 84, 951 36 Lehota, Slovakia",Nitra,"[48.30086558, 18.08622616]","Špitálska 2631/2, 949 01 Nitra, Slovakia",15 mins,891,8.5 km,8547
Lúčnica nad Žitavou,"[48.21199401, 18.27334557]","Unnamed Road, 951 88 Lúčnica nad Žitavou, Slovakia",Nitra,"[48.30086558, 18.08622616]","Špitálska 2631/2, 949 01 Nitra, Slovakia",30 mins,1829,25.4 km,25383
Lukáčovce,"[48.39568854, 17.93507837]","1676, 951 23 Lukáčovce, Slovakia",Nitra,"[48.30086558, 18.08622616]","Špitálska 2631/2, 949 01 Nitra, Slovakia",25 mins,1522,20.6 km,20628
Veľké Chyndice,"[48.28560534, 18.28734892]","1648, 951 54 Veľké Chyndice, Slovakia",Nitra,"[48.30086558, 18.08622616]","Špitálska 2631/2, 949 01 Nitra, Slovakia",24 mins,1463,20.4 km,20445
