Stankovce,"[48.76634658, 21.66336731]","Stankovce 12, 076 61 Stankovce, Slovakia",Trebišov,"[48.62714808, 21.73504256]","Unnamed Road, 075 01 Trebišov, Slovakia",27 mins,1625,20.1 km,20138
Strážne,"[48.37813439, 21.85394942]","076 52 Strážne, Slovakia",Trebišov,"[48.62714808, 21.73504256]","Unnamed Road, 075 01 Trebišov, Slovakia",53 mins,3203,51.4 km,51444
Streda nad Bodrogom,"[48.36999331, 21.75908635]","Okálová 706/1, 076 31 Streda nad Bodrogom, Slovakia",Trebišov,"[48.62714808, 21.73504256]","Unnamed Road, 075 01 Trebišov, Slovakia",45 mins,2729,41.1 km,41132
Svinice,"[48.44498012, 21.88460076]","Záhradná 4/65, 076 37 Svinice, Slovakia",Trebišov,"[48.62714808, 21.73504256]","Unnamed Road, 075 01 Trebišov, Slovakia",52 mins,3096,51.7 km,51719
Trnávka,"[48.71050416, 21.6018054]","078 01 Trnávka, Slovakia",Trebišov,"[48.62714808, 21.73504256]","Unnamed Road, 075 01 Trebišov, Slovakia",22 mins,1327,17.5 km,17547
Veľaty,"[48.51686168, 21.66276581]","Hlavná 224/65, 076 15 Veľaty, Slovakia",Trebišov,"[48.62714808, 21.73504256]","Unnamed Road, 075 01 Trebišov, Slovakia",20 mins,1204,17.9 km,17871
Veľké Ozorovce,"[48.66405696, 21.60369985]","Družstevná 197, 078 01 Veľké Ozorovce, Slovakia",Trebišov,"[48.62714808, 21.73504256]","Unnamed Road, 075 01 Trebišov, Slovakia",26 mins,1533,20.2 km,20199
Veľké Trakany,"[48.38858316, 22.09084237]","Kasárenská 481/26, 076 42 Veľké Trakany, Slovakia",Trebišov,"[48.62714808, 21.73504256]","Unnamed Road, 075 01 Trebišov, Slovakia",1 hour 9 mins,4158,75.5 km,75487
Veľký Horeš,"[48.38719822, 21.90519228]","Egrešová 337/1, 076 52 Veľký Horeš, Slovakia",Trebišov,"[48.62714808, 21.73504256]","Unnamed Road, 075 01 Trebišov, Slovakia",57 mins,3417,55.8 km,55824
Veľký Kamenec,"[48.36128395, 21.81394074]","3690, 076 36 Veľký Kamenec, Slovakia",Trebišov,"[48.62714808, 21.73504256]","Unnamed Road, 075 01 Trebišov, Slovakia",48 mins,2889,47.0 km,47015
Viničky,"[48.40121662, 21.73798768]","Hlavná 399, 076 31 Viničky, Slovakia",Trebišov,"[48.62714808, 21.73504256]","Unnamed Road, 075 01 Trebišov, Slovakia",38 mins,2308,37.1 km,37059
Višňov,"[48.7456483, 21.67575496]","Orechová 13, 076 61 Višňov, Slovakia",Trebišov,"[48.62714808, 21.73504256]","Unnamed Road, 075 01 Trebišov, Slovakia",24 mins,1422,19.1 km,19070
Vojčice,"[48.68047523, 21.73027227]","Štvorcová 22, 076 22 Vojčice, Slovakia",Trebišov,"[48.62714808, 21.73504256]","Unnamed Road, 075 01 Trebišov, Slovakia",15 mins,899,9.4 km,9393
Vojka,"[48.45347603, 21.91494368]","Unnamed Road, 076 83 Vojka, Slovakia",Trebišov,"[48.62714808, 21.73504256]","Unnamed Road, 075 01 Trebišov, Slovakia",56 mins,3387,55.6 km,55596
Zatín,"[48.48040167, 21.88608644]","Unnamed Road, 076 53 Zatín, Slovakia",Trebišov,"[48.62714808, 21.73504256]","Unnamed Road, 075 01 Trebišov, Slovakia",57 mins,3393,56.0 km,55963
Zbehňov,"[48.68877768, 21.62644304]","Hlavná 65/38, 078 01 Zbehňov, Slovakia",Trebišov,"[48.62714808, 21.73504256]","Unnamed Road, 075 01 Trebišov, Slovakia",30 mins,1813,26.1 km,26118
Zemplín,"[48.43959256, 21.79560656]","076 34 Zemplín, Slovakia",Trebišov,"[48.62714808, 21.73504256]","Unnamed Road, 075 01 Trebišov, Slovakia",35 mins,2117,31.3 km,31289
Zemplínska Nová Ves,"[48.57958331, 21.67973315]","Za humnom 175, 076 16 Zemplínska Nová Ves-Úpor, Slovakia",Trebišov,"[48.62714808, 21.73504256]","Unnamed Road, 075 01 Trebišov, Slovakia",20 mins,1188,11.7 km,11748
Zemplínska Teplica,"[48.65317528, 21.56720042]","Na záhumní 399/18, 076 64 Zemplínska Teplica, Slovakia",Trebišov,"[48.62714808, 21.73504256]","Unnamed Road, 075 01 Trebišov, Slovakia",26 mins,1566,20.1 km,20105
Zemplínske Hradište,"[48.5796023, 21.75581869]","Unnamed Road, 076 01 Zemplínske Hradište, Slovakia",Trebišov,"[48.62714808, 21.73504256]","Unnamed Road, 075 01 Trebišov, Slovakia",22 mins,1341,13.1 km,13144
