Smrečany,"[49.12665642, 19.65479823]","2335, 032 05 Žiar, Slovakia",Liptovský Mikuláš,"[49.02001286, 19.60352372]","584, 031 01 Demänovská Dolina, Slovakia",24 mins,1427,19.0 km,18979
Svätý Kríž,"[49.04782348, 19.53046911]","032 11 Svätý Kríž, Slovakia",Liptovský Mikuláš,"[49.02001286, 19.60352372]","584, 031 01 Demänovská Dolina, Slovakia",18 mins,1072,17.2 km,17197
Trstené,"[49.11491594, 19.62795203]","Trstené 12, 032 21 Trstené, Slovakia",Liptovský Mikuláš,"[49.02001286, 19.60352372]","584, 031 01 Demänovská Dolina, Slovakia",20 mins,1201,14.7 km,14743
Uhorská Ves,"[49.02497575, 19.69696907]","Unnamed Road, 032 03 Uhorská Ves, Slovakia",Liptovský Mikuláš,"[49.02001286, 19.60352372]","584, 031 01 Demänovská Dolina, Slovakia",31 mins,1857,20.2 km,20154
Vavrišovo,"[49.07747102, 19.76391711]","Unnamed Road, 032 42 Vavrišovo, Slovakia",Liptovský Mikuláš,"[49.02001286, 19.60352372]","584, 031 01 Demänovská Dolina, Slovakia",19 mins,1155,22.1 km,22106
Važec,"[49.06432368, 19.98492593]","Urbárska 78, 032 61 Važec, Slovakia",Liptovský Mikuláš,"[49.02001286, 19.60352372]","584, 031 01 Demänovská Dolina, Slovakia",26 mins,1579,39.2 km,39179
Veľké Borové,"[49.19666515, 19.51756485]","Veľké Borové 97, 027 32 Veľké Borové, Slovakia",Liptovský Mikuláš,"[49.02001286, 19.60352372]","584, 031 01 Demänovská Dolina, Slovakia",51 mins,3085,44.0 km,44037
Veterná Poruba,"[49.10726826, 19.67708608]","Veterná Poruba 33, 031 04 Veterná Poruba, Slovakia",Liptovský Mikuláš,"[49.02001286, 19.60352372]","584, 031 01 Demänovská Dolina, Slovakia",22 mins,1349,17.3 km,17324
Vlachy,"[49.08958861, 19.48137292]","E50, 032 13 Vlachy, Slovakia",Liptovský Mikuláš,"[49.02001286, 19.60352372]","584, 031 01 Demänovská Dolina, Slovakia",13 mins,795,16.9 km,16927
Východná,"[48.9938908, 19.93165876]","Unnamed Road, 032 33 Kráľova Lehota, Slovakia",Liptovský Mikuláš,"[49.02001286, 19.60352372]","584, 031 01 Demänovská Dolina, Slovakia",42 mins,2491,41.8 km,41769
Vyšná Boca,"[48.92040891, 19.74195744]","72, 032 34 Vyšná Boca, Slovakia",Liptovský Mikuláš,"[49.02001286, 19.60352372]","584, 031 01 Demänovská Dolina, Slovakia",36 mins,2150,43.4 km,43420
Závažná Poruba,"[49.03695166, 19.63269827]","Hlavná 187, 032 02 Závažná Poruba, Slovakia",Liptovský Mikuláš,"[49.02001286, 19.60352372]","584, 031 01 Demänovská Dolina, Slovakia",24 mins,1452,17.1 km,17144
Žiar,"[49.15603259, 19.69396734]","Unnamed Road, 032 05 Žiar, Slovakia",Liptovský Mikuláš,"[49.02001286, 19.60352372]","584, 031 01 Demänovská Dolina, Slovakia",32 mins,1918,23.7 km,23676
Ižipovce,"[49.14663951, 19.48424484]","Unnamed Road, 032 23 Ižipovce, Slovakia",Liptovský Mikuláš,"[49.02001286, 19.60352372]","584, 031 01 Demänovská Dolina, Slovakia",28 mins,1693,23.0 km,23047
Liptovská Porúbka,"[48.99572718, 19.73598823]","Unnamed Road, 033 01 Liptovská Porúbka, Slovakia",Liptovský Mikuláš,"[49.02001286, 19.60352372]","584, 031 01 Demänovská Dolina, Slovakia",30 mins,1821,33.8 km,33815
Liptovský Peter,"[49.05665887, 19.73548332]","537, 033 01 Liptovský Peter, Slovakia",Liptovský Mikuláš,"[49.02001286, 19.60352372]","584, 031 01 Demänovská Dolina, Slovakia",16 mins,956,20.8 km,20849
