Nováčany,"[48.69679132, 21.06410486]","Nováčany 206, 044 21 Nováčany, Slovakia",Košice - okolie,Košice - okolie,"Košice-okolie District, Slovakia",5 mins,326,3.5 km,3466
Nová Polhora,"[48.82963472, 21.3191027]","Nová Polhora 113, 044 44 Nová Polhora, Slovakia",Košice - okolie,Košice - okolie,"Košice-okolie District, Slovakia",35 mins,2106,38.5 km,38480
Nový Salaš,"[48.6029029, 21.49133617]","Nový Salaš 80, 044 17 Nový Salaš, Slovakia",Košice - okolie,Košice - okolie,"Košice-okolie District, Slovakia",45 mins,2704,43.0 km,43015
Obišovce,"[48.86661906, 21.22800611]","Unnamed Road, 044 81 Obišovce, Slovakia",Košice - okolie,Košice - okolie,"Košice-okolie District, Slovakia",1 hour 11 mins,4230,57.6 km,57554
Olšovany,"[48.71127694, 21.40109493]","Olšovany 157, 044 19 Olšovany, Slovakia",Košice - okolie,Košice - okolie,"Košice-okolie District, Slovakia",34 mins,2024,34.5 km,34507
Opátka,"[48.78532471, 21.043984]","Opátka 58, 044 65 Opátka, Slovakia",Košice - okolie,Košice - okolie,"Košice-okolie District, Slovakia",53 mins,3178,48.5 km,48480
Opiná,"[48.86630806, 21.43521484]","3440, 044 47 Opiná, Slovakia",Košice - okolie,Košice - okolie,"Košice-okolie District, Slovakia",49 mins,2943,53.0 km,53034
Paňovce,"[48.64895927, 21.06606825]","Paňovce 203, 044 71 Paňovce, Slovakia",Košice - okolie,Košice - okolie,"Košice-okolie District, Slovakia",15 mins,914,5.9 km,5883
Peder,"[48.57035297, 20.94638868]","Unnamed Road, 044 05 Peder, Slovakia",Košice - okolie,Košice - okolie,"Košice-okolie District, Slovakia",27 mins,1604,24.0 km,23974
Perín-Chym,"[48.54262128, 21.16458304]","Unnamed Road, 044 74 Perín - Chym, Slovakia",Košice - okolie,Košice - okolie,"Košice-okolie District, Slovakia",31 mins,1849,26.9 km,26876
Ploské,"[48.82351952, 21.34156658]","3336, 044 44 Ploské, Slovakia",Košice - okolie,Košice - okolie,"Košice-okolie District, Slovakia",34 mins,2065,38.5 km,38486
Poproč,"[48.73188021, 20.97509669]","Unnamed Road, 044 24 Poproč, Slovakia",Košice - okolie,Košice - okolie,"Košice-okolie District, Slovakia",19 mins,1121,13.3 km,13268
Rákoš,"[48.64046804, 21.43261814]","Rákoš 65, 044 16 Rákoš, Slovakia",Košice - okolie,Košice - okolie,"Košice-okolie District, Slovakia",36 mins,2168,35.5 km,35491
Rankovce,"[48.81601156, 21.48459417]","Unnamed Road, 044 45 Rankovce, Slovakia",Košice - okolie,Košice - okolie,"Košice-okolie District, Slovakia",50 mins,3007,51.1 km,51055
Rešica,"[48.54243522, 21.03148423]","Unnamed Road, 044 73 Rešica, Slovakia",Košice - okolie,Košice - okolie,"Košice-okolie District, Slovakia",36 mins,2180,33.1 km,33130
Rozhanovce,"[48.76160159, 21.35516609]","3440, 044 42 Rozhanovce, Slovakia",Košice - okolie,Košice - okolie,"Košice-okolie District, Slovakia",32 mins,1929,37.7 km,37699
Rudník,"[48.70178729, 21.01921483]","3358, 044 23 Rudník, Slovakia",Košice - okolie,Košice - okolie,"Košice-okolie District, Slovakia",8 mins,462,6.1 km,6116
Ruskov,"[48.68224948, 21.45513336]","Unnamed Road, 044 19 Ruskov, Slovakia",Košice - okolie,Košice - okolie,"Košice-okolie District, Slovakia",39 mins,2362,38.2 km,38217
Sady nad Torysou,"[48.71376769, 21.35751054]","3410, 044 41 Sady nad Torysou, Slovakia",Košice - okolie,Košice - okolie,"Košice-okolie District, Slovakia",30 mins,1780,30.9 km,30909
Seňa,"[48.567108, 21.26290108]","044 58 Seňa, Slovakia",Košice - okolie,Košice - okolie,"Košice-okolie District, Slovakia",27 mins,1621,29.5 km,29542
