Abramová,"[48.93587856, 18.77944947]","038 22 Abramová, Slovakia",Turčianske Teplice,"[48.85613125, 18.84775705]","Cintorínska 809/2, 039 01 Turčianske Teplice, Slovakia",18 mins,1107,15.6 km,15648
Blažovce,"[48.93852688, 18.84506122]","Blažovce 16, 038 44 Blažovce, Slovakia",Turčianske Teplice,"[48.85613125, 18.84775705]","Cintorínska 809/2, 039 01 Turčianske Teplice, Slovakia",17 mins,1013,12.4 km,12441
Bodorová,"[48.90944109, 18.85387935]","038 45 Bodorová, Slovakia",Turčianske Teplice,"[48.85613125, 18.84775705]","Cintorínska 809/2, 039 01 Turčianske Teplice, Slovakia",13 mins,785,8.4 km,8350
Borcová,"[48.92575639, 18.84805923]","Unnamed Road, Bodorová, Slovakia",Turčianske Teplice,"[48.85613125, 18.84775705]","Cintorínska 809/2, 039 01 Turčianske Teplice, Slovakia",13 mins,807,10.9 km,10926
Brieštie,"[48.91931916, 18.71974921]","Unnamed Road, 038 22 Brieštie, Slovakia",Turčianske Teplice,"[48.85613125, 18.84775705]","Cintorínska 809/2, 039 01 Turčianske Teplice, Slovakia",23 mins,1405,18.2 km,18164
Budiš,"[48.85564709, 18.73435755]","Unnamed Road, 038 23 Budiš, Slovakia",Turčianske Teplice,"[48.85613125, 18.84775705]","Cintorínska 809/2, 039 01 Turčianske Teplice, Slovakia",21 mins,1234,12.6 km,12612
Čremošné,"[48.83132665, 18.9565098]","039 01 Čremošné, Slovakia",Turčianske Teplice,"[48.85613125, 18.84775705]","Cintorínska 809/2, 039 01 Turčianske Teplice, Slovakia",14 mins,858,11.7 km,11691
Dubové,"[48.84259589, 18.78119789]","Unnamed Road, 038 23 Dubové, Slovakia",Turčianske Teplice,"[48.85613125, 18.84775705]","Cintorínska 809/2, 039 01 Turčianske Teplice, Slovakia",14 mins,840,8.5 km,8455
Háj,"[48.85820117, 18.8822955]","039 01 Háj, Slovakia",Turčianske Teplice,"[48.85613125, 18.84775705]","Cintorínska 809/2, 039 01 Turčianske Teplice, Slovakia",8 mins,476,4.0 km,3964
Horná Štubňa,"[48.81172384, 18.90719952]","Unnamed Road, 038 46 Horná Štubňa, Slovakia",Turčianske Teplice,"[48.85613125, 18.84775705]","Cintorínska 809/2, 039 01 Turčianske Teplice, Slovakia",15 mins,924,8.4 km,8397
Ivančiná,"[48.90855382, 18.81481882]","038 45 Ivančiná, Slovakia",Turčianske Teplice,"[48.85613125, 18.84775705]","Cintorínska 809/2, 039 01 Turčianske Teplice, Slovakia",14 mins,840,10.5 km,10494
Jasenovo,"[48.87343891, 18.71387368]","Unnamed Road, 038 22 Jasenovo, Slovakia",Turčianske Teplice,"[48.85613125, 18.84775705]","Cintorínska 809/2, 039 01 Turčianske Teplice, Slovakia",15 mins,907,13.5 km,13488
Jazernica,"[48.9241639, 18.82543701]","Jazernica 4, 038 44 Jazernica, Slovakia",Turčianske Teplice,"[48.85613125, 18.84775705]","Cintorínska 809/2, 039 01 Turčianske Teplice, Slovakia",14 mins,858,10.4 km,10378
Kaľamenová,"[48.87944314, 18.7775871]","Unnamed Road, 038 22 Kaľamenová, Slovakia",Turčianske Teplice,"[48.85613125, 18.84775705]","Cintorínska 809/2, 039 01 Turčianske Teplice, Slovakia",18 mins,1063,11.6 km,11553
Liešno,"[48.88500075, 18.76346111]","Unnamed Road, 038 22 Liešno, Slovakia",Turčianske Teplice,"[48.85613125, 18.84775705]","Cintorínska 809/2, 039 01 Turčianske Teplice, Slovakia",13 mins,801,10.9 km,10879
Malý Čepčín,"[48.90123856, 18.83266463]","038 45 Malý Čepčín, Slovakia",Turčianske Teplice,"[48.85613125, 18.84775705]","Cintorínska 809/2, 039 01 Turčianske Teplice, Slovakia",13 mins,758,8.0 km,8014
Moškovec,"[48.94401852, 18.82391853]","Moškovec 25, 038 44 Moškovec, Slovakia",Turčianske Teplice,"[48.85613125, 18.84775705]","Cintorínska 809/2, 039 01 Turčianske Teplice, Slovakia",15 mins,906,11.9 km,11901
Mošovce,"[48.88447769, 18.94098473]","Unnamed Road, 038 21 Mošovce, Slovakia",Turčianske Teplice,"[48.85613125, 18.84775705]","Cintorínska 809/2, 039 01 Turčianske Teplice, Slovakia",30 mins,1822,10.8 km,10829
Ondrašová,"[48.95214527, 18.78229934]","Unnamed Road, 038 22 Ondrašová, Slovakia",Turčianske Teplice,"[48.85613125, 18.84775705]","Cintorínska 809/2, 039 01 Turčianske Teplice, Slovakia",20 mins,1221,15.2 km,15150
Rakša,"[48.87243861, 18.90432112]","Unnamed Road, 039 01 Rakša, Slovakia",Turčianske Teplice,"[48.85613125, 18.84775705]","Cintorínska 809/2, 039 01 Turčianske Teplice, Slovakia",21 mins,1253,8.4 km,8389
