Bzovík,"[48.31918835, 19.08484755]","526, 962 41 Bzovík, Slovakia",Krupina,"[48.38020102, 19.05088426]","Starý háj 1365, 963 01 Krupina, Slovakia",15 mins,896,9.5 km,9513
Cerovo,"[48.25366016, 19.16325381]","Cerovo 19, 962 52 Cerovo, Slovakia",Krupina,"[48.38020102, 19.05088426]","Starý háj 1365, 963 01 Krupina, Slovakia",28 mins,1668,20.6 km,20555
Čabradský Vrbovok,"[48.24513497, 19.0984788]","Čabradský Vrbovok 173, 962 51 Čabradský Vrbovok, Slovakia",Krupina,"[48.38020102, 19.05088426]","Starý háj 1365, 963 01 Krupina, Slovakia",29 mins,1755,20.6 km,20638
Čekovce,"[48.36471173, 19.12810362]","Unnamed Road, 962 41 Čekovce, Slovakia",Krupina,"[48.38020102, 19.05088426]","Starý háj 1365, 963 01 Krupina, Slovakia",27 mins,1599,16.0 km,16026
Devičie,"[48.31522484, 19.0224983]","Devičie 147, 962 65 Devičie, Slovakia",Krupina,"[48.38020102, 19.05088426]","Starý háj 1365, 963 01 Krupina, Slovakia",17 mins,1035,10.5 km,10505
Dolné Mladonice,"[48.3461671, 19.13639779]","2570, 962 43 Horné Mladonice, Slovakia",Krupina,"[48.38020102, 19.05088426]","Starý háj 1365, 963 01 Krupina, Slovakia",22 mins,1343,15.3 km,15329
Dolný Badín,"[48.26510195, 19.05955577]","2567, 962 51 Dolný Badín, Slovakia",Krupina,"[48.38020102, 19.05088426]","Starý háj 1365, 963 01 Krupina, Slovakia",24 mins,1418,17.2 km,17151
Domaníky,"[48.25572338, 18.98374234]","E77, Domaníky, Slovakia",Krupina,"[48.38020102, 19.05088426]","Starý háj 1365, 963 01 Krupina, Slovakia",21 mins,1265,17.7 km,17746
Drážovce,"[48.25229447, 18.89775702]","Drážovce 7, 962 68 Drážovce, Slovakia",Krupina,"[48.38020102, 19.05088426]","Starý háj 1365, 963 01 Krupina, Slovakia",28 mins,1682,23.6 km,23626
Drienovo,"[48.22024671, 19.0478013]","Unnamed Road, 962 51 Drienovo, Slovakia",Krupina,"[48.38020102, 19.05088426]","Starý háj 1365, 963 01 Krupina, Slovakia",37 mins,2215,23.5 km,23476
Dudince,"[48.16747698, 18.89411646]","Merovská 166, 962 71 Dudince-Merovce, Slovakia",Krupina,"[48.38020102, 19.05088426]","Starý háj 1365, 963 01 Krupina, Slovakia",34 mins,2046,31.5 km,31495
Hontianske Moravce,"[48.18735638, 18.83864048]","962 71 Hontianske Moravce, Slovakia",Krupina,"[48.38020102, 19.05088426]","Starý háj 1365, 963 01 Krupina, Slovakia",38 mins,2297,35.3 km,35308
Hontianske Nemce,"[48.30015194, 18.98115659]","51, 962 65 Hontianske Nemce, Slovakia",Krupina,"[48.38020102, 19.05088426]","Starý háj 1365, 963 01 Krupina, Slovakia",20 mins,1204,16.1 km,16074
Hontianske Tesáre,"[48.21726128, 18.92719893]","2558, 962 68 Hontianske Tesáre, Slovakia",Krupina,"[48.38020102, 19.05088426]","Starý háj 1365, 963 01 Krupina, Slovakia",27 mins,1636,24.8 km,24791
Horné Mladonice,"[48.35393377, 19.16322408]","Unnamed Road, 962 43 Horné Mladonice, Slovakia",Krupina,"[48.38020102, 19.05088426]","Starý háj 1365, 963 01 Krupina, Slovakia",26 mins,1550,17.7 km,17746
Horný Badín,"[48.28101311, 19.08254166]","Horný Badín 108, 962 51 Horný Badín, Slovakia",Krupina,"[48.38020102, 19.05088426]","Starý háj 1365, 963 01 Krupina, Slovakia",21 mins,1279,14.9 km,14913
Jalšovík,"[48.31299961, 19.11044715]","2573, 962 41 Jalšovík, Slovakia",Krupina,"[48.38020102, 19.05088426]","Starý háj 1365, 963 01 Krupina, Slovakia",19 mins,1137,12.4 km,12419
Kozí Vrbovok,"[48.29456465, 19.11360144]","962 41 Kozí Vrbovok, Slovakia",Krupina,"[48.38020102, 19.05088426]","Starý háj 1365, 963 01 Krupina, Slovakia",21 mins,1258,13.7 km,13742
Kráľovce-Krnišov,"[48.35066149, 18.97320758]","2561, 962 65 Kráľovce - Krnišov, Slovakia",Krupina,"[48.38020102, 19.05088426]","Starý háj 1365, 963 01 Krupina, Slovakia",27 mins,1645,23.1 km,23112
Krupina,"[48.38020102, 19.05088426]","Starý háj 1365, 963 01 Krupina, Slovakia",Krupina,"[48.38020102, 19.05088426]","Starý háj 1365, 963 01 Krupina, Slovakia",1 min,0,1 m,0
