Majcichov,"[48.28746523, 17.61683571]","Unnamed Road, 919 22 Majcichov, Slovakia",Trnava,"[48.38083149, 17.58662028]","Hornopotočná 11-18, 917 01 Trnava, Slovakia",17 mins,1008,13.9 km,13920
Malženice,"[48.44649173, 17.66461592]","Malženice 408, 919 29 Malženice, Slovakia",Trnava,"[48.38083149, 17.58662028]","Hornopotočná 11-18, 917 01 Trnava, Slovakia",12 mins,707,10.1 km,10108
Naháč,"[48.55651156, 17.51582802]","Unnamed Road, 919 06 Naháč, Slovakia",Trnava,"[48.38083149, 17.58662028]","Hornopotočná 11-18, 917 01 Trnava, Slovakia",36 mins,2138,24.7 km,24655
Ružindol,"[48.36525319, 17.48516395]","Unnamed Road, 919 61 Ružindol, Slovakia",Trnava,"[48.38083149, 17.58662028]","Hornopotočná 11-18, 917 01 Trnava, Slovakia",13 mins,800,8.6 km,8601
Smolenice,"[48.50553845, 17.42546545]","Pivovarská 402/4, 919 04 Smolenice, Slovakia",Trnava,"[48.38083149, 17.58662028]","Hornopotočná 11-18, 917 01 Trnava, Slovakia",23 mins,1351,20.8 km,20774
Suchá nad Parnou,"[48.41292558, 17.48308373]","Suchá nad Parnou 5, 919 01 Suchá nad Parnou, Slovakia",Trnava,"[48.38083149, 17.58662028]","Hornopotočná 11-18, 917 01 Trnava, Slovakia",13 mins,761,9.9 km,9887
Špačince,"[48.44230886, 17.60491154]","Mlýnská 661, 919 51 Špačince, Slovakia",Trnava,"[48.38083149, 17.58662028]","Hornopotočná 11-18, 917 01 Trnava, Slovakia",11 mins,665,7.9 km,7944
Šúrovce,"[48.33316365, 17.7145509]","Krakovská 20-22, 919 25 Šúrovce, Slovakia",Trnava,"[48.38083149, 17.58662028]","Hornopotočná 11-18, 917 01 Trnava, Slovakia",15 mins,914,12.9 km,12922
Trstín,"[48.54125826, 17.47086405]","Rosuchov 515, 919 05 Trstín, Slovakia",Trnava,"[48.38083149, 17.58662028]","Hornopotočná 11-18, 917 01 Trnava, Slovakia",26 mins,1586,21.7 km,21722
Voderady,"[48.28213224, 17.56481416]","919 42 Voderady, Slovakia",Trnava,"[48.38083149, 17.58662028]","Hornopotočná 11-18, 917 01 Trnava, Slovakia",17 mins,1005,16.1 km,16078
Zavar,"[48.35653481, 17.65796793]","1279, 919 26 Zavar, Slovakia",Trnava,"[48.38083149, 17.58662028]","Hornopotočná 11-18, 917 01 Trnava, Slovakia",10 mins,607,7.8 km,7790
Zeleneč,"[48.31732876, 17.58377824]","E571, 919 21 Zeleneč, Slovakia",Trnava,"[48.38083149, 17.58662028]","Hornopotočná 11-18, 917 01 Trnava, Slovakia",15 mins,922,11.8 km,11788
Križovany nad Dudváhom,"[48.32572105, 17.65923217]","1337, 919 24 Križovany nad Dudváhom, Slovakia",Trnava,"[48.38083149, 17.58662028]","Hornopotočná 11-18, 917 01 Trnava, Slovakia",12 mins,738,10.9 km,10865
Opoj,"[48.30398679, 17.63739225]","Opoj 184, 919 32 Opoj, Slovakia",Trnava,"[48.38083149, 17.58662028]","Hornopotočná 11-18, 917 01 Trnava, Slovakia",12 mins,744,10.6 km,10627
Vlčkovce,"[48.30028927, 17.66228866]","E571, 919 23 Vlčkovce, Slovakia",Trnava,"[48.38083149, 17.58662028]","Hornopotočná 11-18, 917 01 Trnava, Slovakia",11 mins,666,11.4 km,11417
Pavlice,"[48.25837215, 17.5714652]","1286, 919 42 Pavlice, Slovakia",Trnava,"[48.38083149, 17.58662028]","Hornopotočná 11-18, 917 01 Trnava, Slovakia",19 mins,1167,19.6 km,19618
Slovenská Nová Ves,"[48.29023247, 17.5323574]","Slovenská Nová Ves 202, 919 42 Slovenská Nová Ves, Slovakia",Trnava,"[48.38083149, 17.58662028]","Hornopotočná 11-18, 917 01 Trnava, Slovakia",19 mins,1145,15.0 km,15032
Dlhá,"[48.41206275, 17.42532093]","Dlhá 112, 919 01 Dlhá, Slovakia",Trnava,"[48.38083149, 17.58662028]","Hornopotočná 11-18, 917 01 Trnava, Slovakia",18 mins,1058,15.7 km,15691
Radošovce,"[48.50126003, 17.64773693]","Unnamed Road, 919 30 Radošovce, Slovakia",Trnava,"[48.38083149, 17.58662028]","Hornopotočná 11-18, 917 01 Trnava, Slovakia",22 mins,1324,16.8 km,16842
Dolné Lovčice,"[48.36812242, 17.6715905]","Ružová 824/1, 919 27 Dolné Lovčice, Slovakia",Trnava,"[48.38083149, 17.58662028]","Hornopotočná 11-18, 917 01 Trnava, Slovakia",16 mins,941,11.2 km,11232
