Nové Zámky,"[47.99336743, 18.163735]","Devínska 17, 940 02 Nové Zámky, Slovakia",Nové Zámky,"[47.99336743, 18.163735]","Devínska 17, 940 02 Nové Zámky, Slovakia",1 min,0,1 m,0
Andovce,"[47.98979955, 18.08990981]","Unnamed Road, 941 23 Andovce, Slovakia",Nové Zámky,"[47.99336743, 18.163735]","Devínska 17, 940 02 Nové Zámky, Slovakia",14 mins,853,7.7 km,7691
Bajtava,"[47.85337793, 18.742469]","943 65 Bajtava, Slovakia",Nové Zámky,"[47.99336743, 18.163735]","Devínska 17, 940 02 Nové Zámky, Slovakia",55 mins,3289,59.5 km,59462
Bánov,"[48.04531707, 18.19177983]","Janka Kráľa 204/6, 941 01 Bánov, Slovakia",Nové Zámky,"[47.99336743, 18.163735]","Devínska 17, 940 02 Nové Zámky, Slovakia",11 mins,671,8.7 km,8681
Bardoňovo,"[48.1127082, 18.42318786]","Bardoňovo 85, 941 49 Bardoňovo, Slovakia",Nové Zámky,"[47.99336743, 18.163735]","Devínska 17, 940 02 Nové Zámky, Slovakia",34 mins,2067,34.0 km,33950
Belá,"[47.8296289, 18.5843755]","Unnamed Road, 943 53 Belá, Slovakia",Nové Zámky,"[47.99336743, 18.163735]","Devínska 17, 940 02 Nové Zámky, Slovakia",38 mins,2265,40.6 km,40605
Bešeňov,"[48.04503134, 18.27123055]","Bešeňov 201, 941 41 Bešeňov, Slovakia",Nové Zámky,"[47.99336743, 18.163735]","Devínska 17, 940 02 Nové Zámky, Slovakia",21 mins,1237,16.6 km,16604
Bíňa,"[47.92455068, 18.63683196]","Bíňa 385, 943 56 Bíňa, Slovakia",Nové Zámky,"[47.99336743, 18.163735]","Devínska 17, 940 02 Nové Zámky, Slovakia",46 mins,2775,48.6 km,48553
Branovo,"[48.02304594, 18.30605343]","Branovo 46, 941 31 Branovo, Slovakia",Nové Zámky,"[47.99336743, 18.163735]","Devínska 17, 940 02 Nové Zámky, Slovakia",17 mins,1022,14.9 km,14863
Bruty,"[47.91702068, 18.57245759]","Bruty 412, 943 55 Bruty, Slovakia",Nové Zámky,"[47.99336743, 18.163735]","Devínska 17, 940 02 Nové Zámky, Slovakia",46 mins,2765,49.0 km,48983
Čechy,"[48.03947313, 18.37088401]","Čechy 89, 941 32 Čechy, Slovakia",Nové Zámky,"[47.99336743, 18.163735]","Devínska 17, 940 02 Nové Zámky, Slovakia",24 mins,1460,23.7 km,23652
Černík,"[48.16325021, 18.23135108]","Černík 232, 941 05 Černík, Slovakia",Nové Zámky,"[47.99336743, 18.163735]","Devínska 17, 940 02 Nové Zámky, Slovakia",23 mins,1405,23.7 km,23745
Dedinka,"[48.06662667, 18.41218082]","Dedinka 149, 941 50 Dedinka, Slovakia",Nové Zámky,"[47.99336743, 18.163735]","Devínska 17, 940 02 Nové Zámky, Slovakia",32 mins,1895,32.4 km,32366
Dolný Ohaj,"[48.0754472, 18.26483297]","Unnamed Road, 941 43 Dolný Ohaj, Slovakia",Nové Zámky,"[47.99336743, 18.163735]","Devínska 17, 940 02 Nové Zámky, Slovakia",25 mins,1504,21.5 km,21512
Dubník,"[47.95949994, 18.3982699]","Dubník, Slovakia",Nové Zámky,"[47.99336743, 18.163735]","Devínska 17, 940 02 Nové Zámky, Slovakia",25 mins,1497,24.2 km,24177
Dvory nad Žitavou,"[47.98281767, 18.27248841]","Petőfiho 717/36, 941 31 Dvory nad Žitavou, Slovakia",Nové Zámky,"[47.99336743, 18.163735]","Devínska 17, 940 02 Nové Zámky, Slovakia",15 mins,912,11.8 km,11804
Gbelce,"[47.84364708, 18.5110058]","Búčska cesta 474, 943 42 Gbelce, Slovakia",Nové Zámky,"[47.99336743, 18.163735]","Devínska 17, 940 02 Nové Zámky, Slovakia",32 mins,1919,33.9 km,33943
Hul,"[48.10134175, 18.28056442]","941 44 Hul, Slovakia",Nové Zámky,"[47.99336743, 18.163735]","Devínska 17, 940 02 Nové Zámky, Slovakia",27 mins,1600,22.0 km,21995
Chľaba,"[47.83371999, 18.81191504]","Unnamed Road, 943 65 Chľaba, Slovakia",Nové Zámky,"[47.99336743, 18.163735]","Devínska 17, 940 02 Nové Zámky, Slovakia",58 mins,3495,62.6 km,62609
Jasová,"[47.98526381, 18.40638413]","Jasová 513, 941 34 Jasová, Slovakia",Nové Zámky,"[47.99336743, 18.163735]","Devínska 17, 940 02 Nové Zámky, Slovakia",23 mins,1400,21.4 km,21404
