Spišská Nová Ves,"[48.90804536, 20.52247749]","Novoveská cesta 7, 053 31 Spišská Nová Ves-Novoveská Huta, Slovakia",Spišská Nová Ves,"[48.90804536, 20.52247749]","Novoveská cesta 7, 053 31 Spišská Nová Ves-Novoveská Huta, Slovakia",1 min,0,1 m,0
Arnutovce,"[48.98049184, 20.49321632]","Arnutovce 91, 053 13 Arnutovce, Slovakia",Spišská Nová Ves,"[48.90804536, 20.52247749]","Novoveská cesta 7, 053 31 Spišská Nová Ves-Novoveská Huta, Slovakia",18 mins,1099,12.4 km,12423
Betlanovce,"[48.96606195, 20.35190301]","Unnamed Road, 053 15 Betlanovce, Slovakia",Spišská Nová Ves,"[48.90804536, 20.52247749]","Novoveská cesta 7, 053 31 Spišská Nová Ves-Novoveská Huta, Slovakia",35 mins,2093,25.5 km,25499
Bystrany,"[48.95744035, 20.75227106]","3242, 053 62 Bystrany, Slovakia",Spišská Nová Ves,"[48.90804536, 20.52247749]","Novoveská cesta 7, 053 31 Spišská Nová Ves-Novoveská Huta, Slovakia",25 mins,1504,23.5 km,23525
Danišovce,"[48.95871587, 20.61765417]","Unnamed Road, 053 22 Danišovce, Slovakia",Spišská Nová Ves,"[48.90804536, 20.52247749]","Novoveská cesta 7, 053 31 Spišská Nová Ves-Novoveská Huta, Slovakia",18 mins,1056,12.5 km,12518
Harichovce,"[48.96236226, 20.5853833]","SNP 587/17A, 053 01 Harichovce, Slovakia",Spišská Nová Ves,"[48.90804536, 20.52247749]","Novoveská cesta 7, 053 31 Spišská Nová Ves-Novoveská Huta, Slovakia",12 mins,741,8.9 km,8862
Hincovce,"[48.96449562, 20.72116545]","3242, 053 63 Hincovce, Slovakia",Spišská Nová Ves,"[48.90804536, 20.52247749]","Novoveská cesta 7, 053 31 Spišská Nová Ves-Novoveská Huta, Slovakia",25 mins,1474,23.1 km,23076
Hnilčík,"[48.85403396, 20.54590027]","Ráztoky 43, 053 32 Hnilčík, Slovakia",Spišská Nová Ves,"[48.90804536, 20.52247749]","Novoveská cesta 7, 053 31 Spišská Nová Ves-Novoveská Huta, Slovakia",19 mins,1112,14.3 km,14311
Hnilec,"[48.82848918, 20.50061842]","Hlavná 136/17, 053 75 Hnilec, Slovakia",Spišská Nová Ves,"[48.90804536, 20.52247749]","Novoveská cesta 7, 053 31 Spišská Nová Ves-Novoveská Huta, Slovakia",28 mins,1693,21.3 km,21303
Hrabušice,"[48.95053002, 20.38082627]","Unnamed Road, 053 15 Hrabušice, Slovakia",Spišská Nová Ves,"[48.90804536, 20.52247749]","Novoveská cesta 7, 053 31 Spišská Nová Ves-Novoveská Huta, Slovakia",42 mins,2525,26.6 km,26614
Žehra,"[48.98297047, 20.79476661]","3261, 053 61 Žehra, Slovakia",Spišská Nová Ves,"[48.90804536, 20.52247749]","Novoveská cesta 7, 053 31 Spišská Nová Ves-Novoveská Huta, Slovakia",32 mins,1926,30.3 km,30326
Chrasť nad Hornádom,"[48.91657075, 20.69729047]","Unnamed Road, 053 63 Chrasť nad Hornádom, Slovakia",Spišská Nová Ves,"[48.90804536, 20.52247749]","Novoveská cesta 7, 053 31 Spišská Nová Ves-Novoveská Huta, Slovakia",24 mins,1464,20.2 km,20157
Iliašovce,"[48.99033257, 20.52666878]","Iliašovce 152, 053 11 Iliašovce, Slovakia",Spišská Nová Ves,"[48.90804536, 20.52247749]","Novoveská cesta 7, 053 31 Spišská Nová Ves-Novoveská Huta, Slovakia",17 mins,1000,11.9 km,11860
Jamník,"[48.94189402, 20.66205175]","Jamník 194, 053 22 Jamník, Slovakia",Spišská Nová Ves,"[48.90804536, 20.52247749]","Novoveská cesta 7, 053 31 Spišská Nová Ves-Novoveská Huta, Slovakia",16 mins,985,14.5 km,14483
Kaľava,"[48.93729235, 20.86840568]","Kaľava 69, 053 42 Kaľava, Slovakia",Spišská Nová Ves,"[48.90804536, 20.52247749]","Novoveská cesta 7, 053 31 Spišská Nová Ves-Novoveská Huta, Slovakia",35 mins,2121,33.6 km,33632
Kolinovce,"[48.92458696, 20.84644465]","Kolinovce 63, 053 42 Kolinovce, Slovakia",Spišská Nová Ves,"[48.90804536, 20.52247749]","Novoveská cesta 7, 053 31 Spišská Nová Ves-Novoveská Huta, Slovakia",34 mins,2024,31.7 km,31703
Krompachy,"[48.90419804, 20.87606606]","Banská 32-50, 053 42 Krompachy, Slovakia",Spišská Nová Ves,"[48.90804536, 20.52247749]","Novoveská cesta 7, 053 31 Spišská Nová Ves-Novoveská Huta, Slovakia",36 mins,2175,33.9 km,33870
Letanovce,"[48.95492561, 20.43416588]","Unnamed Road, 053 13 Letanovce, Slovakia",Spišská Nová Ves,"[48.90804536, 20.52247749]","Novoveská cesta 7, 053 31 Spišská Nová Ves-Novoveská Huta, Slovakia",31 mins,1882,18.5 km,18476
Lieskovany,"[48.92760338, 20.60621301]","Lieskovany 24, 053 21 Lieskovany, Slovakia",Spišská Nová Ves,"[48.90804536, 20.52247749]","Novoveská cesta 7, 053 31 Spišská Nová Ves-Novoveská Huta, Slovakia",14 mins,823,9.8 km,9757
Markušovce,"[48.90435845, 20.61911534]","Unnamed Road, 053 21 Markušovce, Slovakia",Spišská Nová Ves,"[48.90804536, 20.52247749]","Novoveská cesta 7, 053 31 Spišská Nová Ves-Novoveská Huta, Slovakia",17 mins,1038,12.4 km,12442
