Lackov,"[48.32627986, 19.19130685]","962 44 Lackov, Slovakia",Krupina,"[48.38020102, 19.05088426]","Starý háj 1365, 963 01 Krupina, Slovakia",31 mins,1862,24.4 km,24401
Ladzany,"[48.2844451, 18.87790144]","Unnamed Road, 962 65 Ladzany, Slovakia",Krupina,"[48.38020102, 19.05088426]","Starý háj 1365, 963 01 Krupina, Slovakia",38 mins,2261,29.1 km,29102
Lišov,"[48.24268978, 18.8529253]","Unnamed Road, 962 71 Lišov, Slovakia",Krupina,"[48.38020102, 19.05088426]","Starý háj 1365, 963 01 Krupina, Slovakia",34 mins,2040,28.1 km,28066
Litava,"[48.28939001, 19.18651559]","2565, 962 44 Litava, Slovakia",Krupina,"[48.38020102, 19.05088426]","Starý háj 1365, 963 01 Krupina, Slovakia",28 mins,1661,20.5 km,20470
Medovarce,"[48.23411706, 19.00493522]","Medovarce 37, 962 65 Medovarce, Slovakia",Krupina,"[48.38020102, 19.05088426]","Starý háj 1365, 963 01 Krupina, Slovakia",30 mins,1779,23.7 km,23709
Rykynčice,"[48.20105949, 18.98092398]","Rykynčice 349, 962 55 Rykynčice, Slovakia",Krupina,"[48.38020102, 19.05088426]","Starý háj 1365, 963 01 Krupina, Slovakia",34 mins,2018,28.3 km,28277
Sebechleby,"[48.28155352, 18.93792739]","Unnamed Road, 962 66 Sebechleby, Slovakia",Krupina,"[48.38020102, 19.05088426]","Starý háj 1365, 963 01 Krupina, Slovakia",26 mins,1550,19.0 km,18976
Selce,"[48.24756027, 19.03610757]","Unnamed Road, 962 51 Selce, Slovakia",Krupina,"[48.38020102, 19.05088426]","Starý háj 1365, 963 01 Krupina, Slovakia",29 mins,1760,20.0 km,19951
Senohrad,"[48.35871897, 19.19993265]","Senohrad 279, 962 43 Senohrad, Slovakia",Krupina,"[48.38020102, 19.05088426]","Starý háj 1365, 963 01 Krupina, Slovakia",26 mins,1568,20.0 km,19986
Sudince,"[48.21017112, 18.87247612]","2551, 962 71 Sudince, Slovakia",Krupina,"[48.38020102, 19.05088426]","Starý háj 1365, 963 01 Krupina, Slovakia",33 mins,1972,30.2 km,30190
Súdovce,"[48.22019487, 18.83305496]","Unnamed Road, 962 71 Súdovce, Slovakia",Krupina,"[48.38020102, 19.05088426]","Starý háj 1365, 963 01 Krupina, Slovakia",43 mins,2558,36.0 km,35989
Terany,"[48.1835645, 18.89806118]","E77, 962 68 Terany, Slovakia",Krupina,"[48.38020102, 19.05088426]","Starý háj 1365, 963 01 Krupina, Slovakia",29 mins,1756,28.3 km,28323
Trpín,"[48.28578483, 19.13019852]","Unnamed Road, 962 44 Trpín, Slovakia",Krupina,"[48.38020102, 19.05088426]","Starý háj 1365, 963 01 Krupina, Slovakia",25 mins,1507,16.5 km,16500
Uňatín,"[48.28268667, 19.04281342]","Jarmaň 140, 962 41 Uňatín, Slovakia",Krupina,"[48.38020102, 19.05088426]","Starý háj 1365, 963 01 Krupina, Slovakia",29 mins,1725,16.1 km,16135
Zemiansky Vrbovok,"[48.31934941, 19.14822601]","2572, 962 41 Zemiansky Vrbovok, Slovakia",Krupina,"[48.38020102, 19.05088426]","Starý háj 1365, 963 01 Krupina, Slovakia",23 mins,1394,15.8 km,15846
Žibritov,"[48.39013539, 18.9775834]","963 01 Žibritov, Slovakia",Krupina,"[48.38020102, 19.05088426]","Starý háj 1365, 963 01 Krupina, Slovakia",14 mins,832,9.1 km,9127
