Rudno,"[48.88792573, 18.73486948]","Unnamed Road, 038 22 Rudno, Slovakia",Turčianske Teplice,"[48.85613125, 18.84775705]","Cintorínska 809/2, 039 01 Turčianske Teplice, Slovakia",16 mins,937,13.1 km,13112
Sklené,"[48.79000816, 18.82606013]","Sklené 299, 038 47 Sklené, Slovakia",Turčianske Teplice,"[48.85613125, 18.84775705]","Cintorínska 809/2, 039 01 Turčianske Teplice, Slovakia",20 mins,1202,15.5 km,15538
Slovenské Pravno,"[48.91208654, 18.76548575]","519, 038 22 Slovenské Pravno, Slovakia",Turčianske Teplice,"[48.85613125, 18.84775705]","Cintorínska 809/2, 039 01 Turčianske Teplice, Slovakia",16 mins,944,13.6 km,13624
Turček,"[48.7740317, 18.94951744]","Unnamed Road, 038 48 Turček, Slovakia",Turčianske Teplice,"[48.85613125, 18.84775705]","Cintorínska 809/2, 039 01 Turčianske Teplice, Slovakia",24 mins,1464,18.3 km,18301
Turčianske Teplice,"[48.85613125, 18.84775705]","Cintorínska 809/2, 039 01 Turčianske Teplice, Slovakia",Turčianske Teplice,"[48.85613125, 18.84775705]","Cintorínska 809/2, 039 01 Turčianske Teplice, Slovakia",1 min,0,1 m,0
Veľký Čepčín,"[48.88502901, 18.8054899]","Unnamed Road, 038 45 Veľký Čepčín, Slovakia",Turčianske Teplice,"[48.85613125, 18.84775705]","Cintorínska 809/2, 039 01 Turčianske Teplice, Slovakia",18 mins,1088,11.1 km,11140
