Boldog,"[48.23671237, 17.42936835]","Boldog 149, 925 26 Boldog, Slovakia",Senec,"[48.23488784, 17.38873158]","Diaľničná cesta 4039, 903 01 Senec, Slovakia",12 mins,733,7.0 km,7010
Hrubá Borša,"[48.17743317, 17.48070561]","Hrubá Borša 74, 925 23 Hrubá Borša, Slovakia",Senec,"[48.23488784, 17.38873158]","Diaľničná cesta 4039, 903 01 Senec, Slovakia",17 mins,996,12.9 km,12881
Hrubý Šúr,"[48.16823209, 17.41162503]","Unnamed Road, 903 01 Hrubý Šúr, Slovakia",Senec,"[48.23488784, 17.38873158]","Diaľničná cesta 4039, 903 01 Senec, Slovakia",17 mins,1007,11.1 km,11111
Hurbanova Ves,"[48.15618378, 17.44436515]","Hurbanova Ves 27, 903 01 Hurbanova Ves, Slovakia",Senec,"[48.23488784, 17.38873158]","Diaľničná cesta 4039, 903 01 Senec, Slovakia",17 mins,1016,13.9 km,13892
Kostolná pri Dunaji,"[48.17404964, 17.44499011]","Unnamed Road, 903 01 Kostolná pri Dunaji, Slovakia",Senec,"[48.23488784, 17.38873158]","Diaľničná cesta 4039, 903 01 Senec, Slovakia",14 mins,850,10.6 km,10610
Kráľová pri Senci,"[48.19455223, 17.46524944]","1049, 900 50 Kráľová pri Senci, Slovakia",Senec,"[48.23488784, 17.38873158]","Diaľničná cesta 4039, 903 01 Senec, Slovakia",13 mins,777,10.0 km,9979
Reca,"[48.22640728, 17.45919257]","Reca 283, 925 26 Reca, Slovakia",Senec,"[48.23488784, 17.38873158]","Diaľničná cesta 4039, 903 01 Senec, Slovakia",15 mins,879,8.8 km,8750
Bernolákovo,"[48.20180047, 17.30965789]","Poštová 1198/68, 900 27 Bernolákovo, Slovakia",Senec,"[48.23488784, 17.38873158]","Diaľničná cesta 4039, 903 01 Senec, Slovakia",12 mins,717,9.3 km,9329
Blatné,"[48.27197067, 17.41204181]","Šenkvická 47, 900 82 Blatné, Slovakia",Senec,"[48.23488784, 17.38873158]","Diaľničná cesta 4039, 903 01 Senec, Slovakia",12 mins,735,10.4 km,10450
Čataj,"[48.26607543, 17.47916493]","Družstevná, 900 83 Čataj, Slovakia",Senec,"[48.23488784, 17.38873158]","Diaľničná cesta 4039, 903 01 Senec, Slovakia",16 mins,968,14.2 km,14225
Hamuliakovo,"[48.03745318, 17.25326877]","Hlavná 12/23, 900 43 Hamuliakovo, Slovakia",Senec,"[48.23488784, 17.38873158]","Diaľničná cesta 4039, 903 01 Senec, Slovakia",37 mins,2198,34.3 km,34308
Chorvátsky Grob,"[48.22604293, 17.26662995]","Záhradná 3479/36, 900 25 Chorvátsky Grob, Slovakia",Senec,"[48.23488784, 17.38873158]","Diaľničná cesta 4039, 903 01 Senec, Slovakia",19 mins,1140,14.4 km,14422
Ivanka pri Dunaji,"[48.18799524, 17.25349662]","Cintorínska Ulica 3-7, 900 28 Ivanka pri Dunaji, Slovakia",Senec,"[48.23488784, 17.38873158]","Diaľničná cesta 4039, 903 01 Senec, Slovakia",20 mins,1180,14.3 km,14270
Kalinkovo,"[48.05687793, 17.23319085]","Unnamed Road, 900 43 Kalinkovo, Slovakia",Senec,"[48.23488784, 17.38873158]","Diaľničná cesta 4039, 903 01 Senec, Slovakia",38 mins,2294,29.2 km,29183
Malinovo,"[48.16168442, 17.30111609]","Adyho 1072/54, 900 45 Malinovo, Slovakia",Senec,"[48.23488784, 17.38873158]","Diaľničná cesta 4039, 903 01 Senec, Slovakia",26 mins,1537,19.8 km,19764
Miloslavov,"[48.09280528, 17.31525225]","Javorová 561, 900 42 Miloslavov-Alžbetin Dvor, Slovakia",Senec,"[48.23488784, 17.38873158]","Diaľničná cesta 4039, 903 01 Senec, Slovakia",31 mins,1871,28.8 km,28757
Most pri Bratislave,"[48.14364892, 17.26965669]","Budovateľská 169, 900 46 Most pri Bratislave, Slovakia",Senec,"[48.23488784, 17.38873158]","Diaľničná cesta 4039, 903 01 Senec, Slovakia",27 mins,1644,21.8 km,21750
Nová Dedinka,"[48.18429136, 17.36022493]","Topoľová 14, 900 29 Nová Dedinka, Slovakia",Senec,"[48.23488784, 17.38873158]","Diaľničná cesta 4039, 903 01 Senec, Slovakia",13 mins,777,8.2 km,8196
Rovinka,"[48.09777107, 17.23950439]","Záhradná 484, 900 41 Rovinka, Slovakia",Senec,"[48.23488784, 17.38873158]","Diaľničná cesta 4039, 903 01 Senec, Slovakia",28 mins,1686,29.3 km,29298
Senec,"[48.23488784, 17.38873158]","Diaľničná cesta 4039, 903 01 Senec, Slovakia",Senec,"[48.23488784, 17.38873158]","Diaľničná cesta 4039, 903 01 Senec, Slovakia",1 min,0,1 m,0
