Breznička,"[48.41663486, 19.73636838]","595, 985 02 Breznička, Slovakia",Poltár,"[48.42499592, 19.7905123]","13. januára 501/21, 987 01 Poltár, Slovakia",7 mins,415,5.1 km,5108
Cinobaňa,"[48.47979856, 19.63167528]","2710, 985 22 Cinobaňa, Slovakia",Poltár,"[48.42499592, 19.7905123]","13. januára 501/21, 987 01 Poltár, Slovakia",25 mins,1471,16.4 km,16384
České Brezovo,"[48.50425024, 19.8001906]","Unnamed Road, 985 03 České Brezovo, Slovakia",Poltár,"[48.42499592, 19.7905123]","13. januára 501/21, 987 01 Poltár, Slovakia",15 mins,872,9.9 km,9908
Hradište,"[48.50652799, 19.71400223]","Unnamed Road, 985 25 Hradište, Slovakia",Poltár,"[48.42499592, 19.7905123]","13. januára 501/21, 987 01 Poltár, Slovakia",22 mins,1314,13.5 km,13488
Kalinovo,"[48.39774366, 19.71328952]","Obrancov mieru 358/9, 985 01 Kalinovo, Slovakia",Poltár,"[48.42499592, 19.7905123]","13. januára 501/21, 987 01 Poltár, Slovakia",11 mins,635,8.2 km,8241
Kokava nad Rimavicou,"[48.58141807, 19.79261746]","526, 985 05 Kokava nad Rimavicou, Slovakia",Poltár,"[48.42499592, 19.7905123]","13. januára 501/21, 987 01 Poltár, Slovakia",24 mins,1412,22.7 km,22712
Krná,"[48.5248372, 19.74137921]","Unnamed Road, 985 25 Krná, Slovakia",Poltár,"[48.42499592, 19.7905123]","13. januára 501/21, 987 01 Poltár, Slovakia",23 mins,1391,15.0 km,14971
Málinec,"[48.53777874, 19.68166374]","2715, 985 26 Málinec, Slovakia",Poltár,"[48.42499592, 19.7905123]","13. januára 501/21, 987 01 Poltár, Slovakia",20 mins,1194,18.3 km,18306
Mládzovo,"[48.43837828, 19.70215638]","Mládzovo 58, 985 02 Mládzovo, Slovakia",Poltár,"[48.42499592, 19.7905123]","13. januára 501/21, 987 01 Poltár, Slovakia",13 mins,758,8.0 km,8017
Ozdín,"[48.47390568, 19.67986378]","Ozdín 83, 985 24 Ozdín, Slovakia",Poltár,"[48.42499592, 19.7905123]","13. januára 501/21, 987 01 Poltár, Slovakia",13 mins,803,11.5 km,11490
Poltár,"[48.42499592, 19.7905123]","13. januára 501/21, 987 01 Poltár, Slovakia",Poltár,"[48.42499592, 19.7905123]","13. januára 501/21, 987 01 Poltár, Slovakia",1 min,0,1 m,0
Rovňany,"[48.45137724, 19.73182473]","2715, 985 24 Rovňany, Slovakia",Poltár,"[48.42499592, 19.7905123]","13. januára 501/21, 987 01 Poltár, Slovakia",7 mins,430,6.0 km,6013
Šoltýska,"[48.5784626, 19.74639564]","Šoltýska 15, 985 07 Šoltýska, Slovakia",Poltár,"[48.42499592, 19.7905123]","13. januára 501/21, 987 01 Poltár, Slovakia",32 mins,1924,29.9 km,29939
Uhorské,"[48.47639242, 19.76129239]","Unnamed Road, 985 25 Uhorské, Slovakia",Poltár,"[48.42499592, 19.7905123]","13. januára 501/21, 987 01 Poltár, Slovakia",21 mins,1276,9.6 km,9591
Veľká Ves,"[48.38413231, 19.66680604]","595, 985 01 Veľká Ves, Slovakia",Poltár,"[48.42499592, 19.7905123]","13. januára 501/21, 987 01 Poltár, Slovakia",13 mins,783,11.7 km,11663
Hrnčiarska Ves,"[48.43355431, 19.84524081]","Unnamed Road, 980 13 Hrnčiarska Ves, Slovakia",Poltár,"[48.42499592, 19.7905123]","13. januára 501/21, 987 01 Poltár, Slovakia",8 mins,477,5.5 km,5460
Hrnčiarske Zalužany,"[48.40807036, 19.86283219]","Hrnčiarske Zalužany 60, 980 12 Hrnčiarske Zalužany, Slovakia",Poltár,"[48.42499592, 19.7905123]","13. januára 501/21, 987 01 Poltár, Slovakia",14 mins,822,10.6 km,10603
Selce,"[48.47944463, 19.86524583]","Unnamed Road, 980 13 Selce, Slovakia",Poltár,"[48.42499592, 19.7905123]","13. januára 501/21, 987 01 Poltár, Slovakia",20 mins,1171,12.1 km,12115
Sušany,"[48.41832498, 19.8993339]","Jelenie 190, 980 12 Sušany, Slovakia",Poltár,"[48.42499592, 19.7905123]","13. januára 501/21, 987 01 Poltár, Slovakia",21 mins,1271,12.5 km,12488
Ďubákovo,"[48.55743363, 19.74795663]","Unnamed Road, Ďubákovo, Slovakia",Poltár,"[48.42499592, 19.7905123]","13. januára 501/21, 987 01 Poltár, Slovakia",38 mins,2292,33.8 km,33808
