Podhájska,"[48.10294485, 18.34091734]","Železničná 302/19, 941 48 Podhájska, Slovakia",Nové Zámky,"[47.99336743, 18.163735]","Devínska 17, 940 02 Nové Zámky, Slovakia",27 mins,1636,26.7 km,26710
Pozba,"[48.1124671, 18.38313397]","Pozba 219, 941 51 Pozba, Slovakia",Nové Zámky,"[47.99336743, 18.163735]","Devínska 17, 940 02 Nové Zámky, Slovakia",31 mins,1871,30.9 km,30903
Radava,"[48.09322403, 18.31304414]","Radava 69, 941 47 Radava, Slovakia",Nové Zámky,"[47.99336743, 18.163735]","Devínska 17, 940 02 Nové Zámky, Slovakia",26 mins,1569,24.2 km,24209
Rastislavice,"[48.14038823, 18.07488389]","Rastislavice 306, 941 08 Rastislavice, Slovakia",Nové Zámky,"[47.99336743, 18.163735]","Devínska 17, 940 02 Nové Zámky, Slovakia",22 mins,1340,22.8 km,22815
Rúbaň,"[47.92986249, 18.39534672]","Rúbaň 439, 941 36 Rúbaň, Slovakia",Nové Zámky,"[47.99336743, 18.163735]","Devínska 17, 940 02 Nové Zámky, Slovakia",29 mins,1752,27.9 km,27949
Salka,"[47.89026457, 18.73317242]","Unnamed Road, 943 61 Salka, Slovakia",Nové Zámky,"[47.99336743, 18.163735]","Devínska 17, 940 02 Nové Zámky, Slovakia",57 mins,3396,63.3 km,63251
Semerovo,"[48.00723859, 18.34621694]","Semerovo 239, 941 32 Semerovo, Slovakia",Nové Zámky,"[47.99336743, 18.163735]","Devínska 17, 940 02 Nové Zámky, Slovakia",20 mins,1182,18.2 km,18159
Sikenička,"[47.92981519, 18.695353]","943 59 Sikenička, Slovakia",Nové Zámky,"[47.99336743, 18.163735]","Devínska 17, 940 02 Nové Zámky, Slovakia",51 mins,3062,54.5 km,54528
Strekov,"[47.89914254, 18.40738931]","Školská 818, 941 37 Strekov, Slovakia",Nové Zámky,"[47.99336743, 18.163735]","Devínska 17, 940 02 Nové Zámky, Slovakia",26 mins,1557,26.9 km,26936
Svodín,"[47.90624308, 18.50632789]","Horná mlynská, 943 54 Svodín, Slovakia",Nové Zámky,"[47.99336743, 18.163735]","Devínska 17, 940 02 Nové Zámky, Slovakia",37 mins,2242,41.1 km,41069
Šarkan,"[47.85984767, 18.56169901]","1520, 943 42 Šarkan, Slovakia",Nové Zámky,"[47.99336743, 18.163735]","Devínska 17, 940 02 Nové Zámky, Slovakia",32 mins,1936,37.4 km,37409
Štúrovo,"[47.79634863, 18.705871]","Svätoplukova 23-25, 943 01 Štúrovo, Slovakia",Nové Zámky,"[47.99336743, 18.163735]","Devínska 17, 940 02 Nové Zámky, Slovakia",42 mins,2548,49.5 km,49515
Šurany,"[48.08354188, 18.16294202]","Nitrianska 2773, 942 01 Šurany, Slovakia",Nové Zámky,"[47.99336743, 18.163735]","Devínska 17, 940 02 Nové Zámky, Slovakia",14 mins,812,11.6 km,11641
Trávnica,"[48.14208766, 18.34600196]","941 46 Trávnica, Slovakia",Nové Zámky,"[47.99336743, 18.163735]","Devínska 17, 940 02 Nové Zámky, Slovakia",34 mins,2013,31.0 km,31025
Tvrdošovce,"[48.09043021, 18.04453527]","Kálmána Mikszátha, 941 10 Tvrdošovce, Slovakia",Nové Zámky,"[47.99336743, 18.163735]","Devínska 17, 940 02 Nové Zámky, Slovakia",17 mins,1023,15.7 km,15675
Veľké Lovce,"[48.06641255, 18.34645121]","Veľké Lovce 205, 941 42 Veľké Lovce, Slovakia",Nové Zámky,"[47.99336743, 18.163735]","Devínska 17, 940 02 Nové Zámky, Slovakia",28 mins,1655,23.4 km,23360
Zemné,"[47.99002367, 18.0478425]","1525, 941 22 Zemné, Slovakia",Nové Zámky,"[47.99336743, 18.163735]","Devínska 17, 940 02 Nové Zámky, Slovakia",13 mins,791,11.7 km,11710
Vlkas,"[48.12634966, 18.28819978]","Unnamed Road, 941 44 Vlkas, Slovakia",Nové Zámky,"[47.99336743, 18.163735]","Devínska 17, 940 02 Nové Zámky, Slovakia",29 mins,1739,24.5 km,24484
Pavlová,"[47.90084425, 18.68439458]","943 59 Pavlová, Slovakia",Nové Zámky,"[47.99336743, 18.163735]","Devínska 17, 940 02 Nové Zámky, Slovakia",48 mins,2884,51.6 km,51578
Úľany nad Žitavou,"[48.10864746, 18.2387022]","Hliníky 512/52, 941 03 Úľany nad Žitavou, Slovakia",Nové Zámky,"[47.99336743, 18.163735]","Devínska 17, 940 02 Nové Zámky, Slovakia",21 mins,1274,18.6 km,18591
