Hodruša-Hámre,"[48.45610971, 18.80181619]","Hodruša - Hámre 494, 966 63 Hodruša - Hámre, Slovakia",Žarnovica,"[48.49113483, 18.7129476]","Na Gremenici 15, 966 81 Žarnovica, Slovakia",15 mins,880,10.1 km,10052
Horné Hámre,"[48.49916689, 18.65712858]","512, 966 71 Horné Hámre, Slovakia",Žarnovica,"[48.49113483, 18.7129476]","Na Gremenici 15, 966 81 Žarnovica, Slovakia",7 mins,421,4.7 km,4659
Hrabičov,"[48.54171783, 18.67830936]","Hríbovci 227, 966 78 Hrabičov, Slovakia",Žarnovica,"[48.49113483, 18.7129476]","Na Gremenici 15, 966 81 Žarnovica, Slovakia",15 mins,899,10.5 km,10518
Hronský Beňadik,"[48.34337809, 18.55778668]","Hlavná 438-439, 966 53 Hronský Beňadik, Slovakia",Žarnovica,"[48.49113483, 18.7129476]","Na Gremenici 15, 966 81 Žarnovica, Slovakia",17 mins,1048,23.4 km,23378
Kľak,"[48.59894826, 18.64048009]","966 77 Kľak, Slovakia",Žarnovica,"[48.49113483, 18.7129476]","Na Gremenici 15, 966 81 Žarnovica, Slovakia",26 mins,1555,17.1 km,17053
Malá Lehota,"[48.50228485, 18.54685927]","Rajnohov štál 282, 966 42 Malá Lehota, Slovakia",Žarnovica,"[48.49113483, 18.7129476]","Na Gremenici 15, 966 81 Žarnovica, Slovakia",42 mins,2528,35.2 km,35214
Nová Baňa,"[48.44261816, 18.61958167]","Laznícka cesta 83, 968 01 Nová Baňa, Slovakia",Žarnovica,"[48.49113483, 18.7129476]","Na Gremenici 15, 966 81 Žarnovica, Slovakia",24 mins,1462,19.3 km,19254
Ostrý Grúň,"[48.57111021, 18.66149644]","Ostrý Grúň 131, 966 77 Ostrý Grúň, Slovakia",Žarnovica,"[48.49113483, 18.7129476]","Na Gremenici 15, 966 81 Žarnovica, Slovakia",18 mins,1084,13.3 km,13349
Píla,"[48.53243125, 18.60472625]","Píla 59, 966 81 Píla, Slovakia",Žarnovica,"[48.49113483, 18.7129476]","Na Gremenici 15, 966 81 Žarnovica, Slovakia",22 mins,1321,14.2 km,14205
Rudno nad Hronom,"[48.42179382, 18.70189524]","Rudno nad Hronom 198, 966 51 Rudno nad Hronom, Slovakia",Žarnovica,"[48.49113483, 18.7129476]","Na Gremenici 15, 966 81 Žarnovica, Slovakia",16 mins,980,11.5 km,11531
Tekovská Breznica,"[48.36914388, 18.6320594]","Unnamed Road, 966 52 Tekovská Breznica, Slovakia",Žarnovica,"[48.49113483, 18.7129476]","Na Gremenici 15, 966 81 Žarnovica, Slovakia",22 mins,1315,19.5 km,19460
Veľká Lehota,"[48.45960858, 18.55819511]","Veľká Lehota 299, 966 41 Veľká Lehota, Slovakia",Žarnovica,"[48.49113483, 18.7129476]","Na Gremenici 15, 966 81 Žarnovica, Slovakia",27 mins,1639,25.3 km,25296
Veľké Pole,"[48.54523052, 18.5450093]","512, 966 74 Veľké Pole, Slovakia",Žarnovica,"[48.49113483, 18.7129476]","Na Gremenici 15, 966 81 Žarnovica, Slovakia",18 mins,1094,16.9 km,16890
Voznica,"[48.44419238, 18.72482362]","Unnamed Road, 966 81 Voznica, Slovakia",Žarnovica,"[48.49113483, 18.7129476]","Na Gremenici 15, 966 81 Žarnovica, Slovakia",16 mins,939,9.4 km,9421
Žarnovica,"[48.49113483, 18.7129476]","Na Gremenici 15, 966 81 Žarnovica, Slovakia",Žarnovica,"[48.49113483, 18.7129476]","Na Gremenici 15, 966 81 Žarnovica, Slovakia",1 min,0,1 m,0
Župkov,"[48.53153687, 18.63809901]","Župkov 169, 966 71 Župkov, Slovakia",Žarnovica,"[48.49113483, 18.7129476]","Na Gremenici 15, 966 81 Žarnovica, Slovakia",17 mins,1014,10.9 km,10931
Orovnica,"[48.3908159, 18.58906365]","Orovnica 58, 966 52 Orovnica, Slovakia",Žarnovica,"[48.49113483, 18.7129476]","Na Gremenici 15, 966 81 Žarnovica, Slovakia",22 mins,1297,19.9 km,19922
Brehy,"[48.39800236, 18.66916148]","Brehy 251, 968 01 Brehy, Slovakia",Žarnovica,"[48.49113483, 18.7129476]","Na Gremenici 15, 966 81 Žarnovica, Slovakia",14 mins,847,15.4 km,15377
