Trnava,"[48.38083149, 17.58662028]","Hornopotočná 11-18, 917 01 Trnava, Slovakia",Trnava,"[48.38083149, 17.58662028]","Hornopotočná 11-18, 917 01 Trnava, Slovakia",1 min,0,1 m,0
Bíňovce,"[48.49824015, 17.49480061]","Unnamed Road, 919 07 Bíňovce, Slovakia",Trnava,"[48.38083149, 17.58662028]","Hornopotočná 11-18, 917 01 Trnava, Slovakia",21 mins,1243,17.9 km,17885
Bohdanovce nad Trnavou,"[48.43477765, 17.54943725]","Unnamed Road, 919 09 Bohdanovce nad Trnavou, Slovakia",Trnava,"[48.38083149, 17.58662028]","Hornopotočná 11-18, 917 01 Trnava, Slovakia",13 mins,770,8.7 km,8660
Boleráz,"[48.46712794, 17.49421366]","Boleráz 126, 919 08 Boleráz, Slovakia",Trnava,"[48.38083149, 17.58662028]","Hornopotočná 11-18, 917 01 Trnava, Slovakia",14 mins,866,12.5 km,12452
Borová,"[48.38670309, 17.43569055]","Borová 140, 919 61 Borová, Slovakia",Trnava,"[48.38083149, 17.58662028]","Hornopotočná 11-18, 917 01 Trnava, Slovakia",15 mins,925,13.1 km,13061
Brestovany,"[48.386298, 17.68611014]","Joža Nižňanského 58-60, 919 27 Brestovany, Slovakia",Trnava,"[48.38083149, 17.58662028]","Hornopotočná 11-18, 917 01 Trnava, Slovakia",15 mins,929,14.1 km,14135
Bučany,"[48.41407796, 17.69036695]","Bučany, Slovakia",Trnava,"[48.38083149, 17.58662028]","Hornopotočná 11-18, 917 01 Trnava, Slovakia",11 mins,643,9.5 km,9498
Buková,"[48.53710066, 17.39464222]","Buková 179, 919 10 Buková, Slovakia",Trnava,"[48.38083149, 17.58662028]","Hornopotočná 11-18, 917 01 Trnava, Slovakia",29 mins,1726,26.2 km,26154
Cífer,"[48.31845423, 17.49805613]","Štefana Moyzesa 14, 919 43 Cífer, Slovakia",Trnava,"[48.38083149, 17.58662028]","Hornopotočná 11-18, 917 01 Trnava, Slovakia",18 mins,1050,13.0 km,13041
Dechtice,"[48.55013788, 17.57448356]","Dechtice 321, 919 53 Dechtice, Slovakia",Trnava,"[48.38083149, 17.58662028]","Hornopotočná 11-18, 917 01 Trnava, Slovakia",25 mins,1520,22.0 km,22011
Dobrá Voda,"[48.60340615, 17.54147947]","Dobrá Voda 368, 919 54 Dobrá Voda, Slovakia",Trnava,"[48.38083149, 17.58662028]","Hornopotočná 11-18, 917 01 Trnava, Slovakia",35 mins,2076,29.0 km,28983
Dolná Krupá,"[48.4774649, 17.55589361]","Trnavská cesta 358/16, 919 65 Dolná Krupá, Slovakia",Trnava,"[48.38083149, 17.58662028]","Hornopotočná 11-18, 917 01 Trnava, Slovakia",12 mins,744,12.1 km,12088
Dolné Dubové,"[48.49487812, 17.59313636]","Unnamed Road, 919 52 Dolné Dubové, Slovakia",Trnava,"[48.38083149, 17.58662028]","Hornopotočná 11-18, 917 01 Trnava, Slovakia",19 mins,1133,14.7 km,14739
Dolné Orešany,"[48.444179, 17.40516214]","Dolné Orešany 468, 919 02 Dolné Orešany, Slovakia",Trnava,"[48.38083149, 17.58662028]","Hornopotočná 11-18, 917 01 Trnava, Slovakia",26 mins,1578,16.5 km,16461
Horná Krupá,"[48.52032201, 17.52001952]","1299, 919 65 Horná Krupá, Slovakia",Trnava,"[48.38083149, 17.58662028]","Hornopotočná 11-18, 917 01 Trnava, Slovakia",20 mins,1181,18.5 km,18505
Horné Dubové,"[48.51766866, 17.56077373]","1275, 919 06 Horné Dubové, Slovakia",Trnava,"[48.38083149, 17.58662028]","Hornopotočná 11-18, 917 01 Trnava, Slovakia",19 mins,1165,18.2 km,18244
Horné Orešany,"[48.46312233, 17.40829357]","Horné Orešany, Slovakia",Trnava,"[48.38083149, 17.58662028]","Hornopotočná 11-18, 917 01 Trnava, Slovakia",24 mins,1415,20.4 km,20361
Jaslovské Bohunice,"[48.47625586, 17.64429019]","Nová 250/2, 919 30 Jaslovské Bohunice, Slovakia",Trnava,"[48.38083149, 17.58662028]","Hornopotočná 11-18, 917 01 Trnava, Slovakia",15 mins,925,12.8 km,12834
Kátlovce,"[48.52026527, 17.61067197]","Kátlovce 142, 919 55 Kátlovce, Slovakia",Trnava,"[48.38083149, 17.58662028]","Hornopotočná 11-18, 917 01 Trnava, Slovakia",19 mins,1129,16.9 km,16899
Košolná,"[48.4293826, 17.4609625]","919 01 Košolná, Slovakia",Trnava,"[48.38083149, 17.58662028]","Hornopotočná 11-18, 917 01 Trnava, Slovakia",15 mins,897,12.3 km,12323
