Šelpice,"[48.42512159, 17.52542539]","Unnamed Road, 919 09 Šelpice, Slovakia",Trnava,"[48.38083149, 17.58662028]","Hornopotočná 11-18, 917 01 Trnava, Slovakia",11 mins,631,7.8 km,7793
Lošonec,"[48.48053147, 17.35985788]","Unnamed Road, 919 04 Lošonec, Slovakia",Trnava,"[48.38083149, 17.58662028]","Hornopotočná 11-18, 917 01 Trnava, Slovakia",27 mins,1619,21.4 km,21376
Biely Kostol,"[48.36616688, 17.52850127]","Poľovnícka 17-18, 919 34 Biely Kostol, Slovakia",Trnava,"[48.38083149, 17.58662028]","Hornopotočná 11-18, 917 01 Trnava, Slovakia",10 mins,606,5.7 km,5685
Hrnčiarovce nad Parnou,"[48.33719868, 17.55431337]","61, 919 35 Hrnčiarovce nad Parnou, Slovakia",Trnava,"[48.38083149, 17.58662028]","Hornopotočná 11-18, 917 01 Trnava, Slovakia",10 mins,629,6.7 km,6712
Zvončín,"[48.39776595, 17.51005166]","Zvončín 276, 919 01 Zvončín, Slovakia",Trnava,"[48.38083149, 17.58662028]","Hornopotočná 11-18, 917 01 Trnava, Slovakia",10 mins,597,7.5 km,7501
