Veľké Hoste,"[48.68150407, 18.15859734]","Veľké Hoste 189, 956 38 Veľké Hoste, Slovakia",Bánovce nad Bebravou,"[48.72451367, 18.24887564]","Hrežďovská, 957 01 Bánovce nad Bebravou-Dolné Ozorovce, Slovakia",18 mins,1078,13.7 km,13692
Veľké Chlievany,"[48.70574821, 18.21391414]","956 55 Veľké Chlievany, Slovakia",Bánovce nad Bebravou,"[48.72451367, 18.24887564]","Hrežďovská, 957 01 Bánovce nad Bebravou-Dolné Ozorovce, Slovakia",11 mins,673,5.3 km,5256
Vysočany,"[48.68442628, 18.32251333]","956 35 Vysočany, Slovakia",Bánovce nad Bebravou,"[48.72451367, 18.24887564]","Hrežďovská, 957 01 Bánovce nad Bebravou-Dolné Ozorovce, Slovakia",13 mins,801,10.0 km,10030
Zlatníky,"[48.72516966, 18.06407814]","Unnamed Road, 956 37 Zlatníky, Slovakia",Bánovce nad Bebravou,"[48.72451367, 18.24887564]","Hrežďovská, 957 01 Bánovce nad Bebravou-Dolné Ozorovce, Slovakia",28 mins,1670,19.9 km,19913
Žitná-Radiša,"[48.77735174, 18.34915593]","1831, 956 41 Žitná - Radiša, Slovakia",Bánovce nad Bebravou,"[48.72451367, 18.24887564]","Hrežďovská, 957 01 Bánovce nad Bebravou-Dolné Ozorovce, Slovakia",16 mins,968,13.3 km,13280
Bánovce nad Bebravou,"[48.72451367, 18.24887564]","Hrežďovská, 957 01 Bánovce nad Bebravou-Dolné Ozorovce, Slovakia",Bánovce nad Bebravou,"[48.72451367, 18.24887564]","Hrežďovská, 957 01 Bánovce nad Bebravou-Dolné Ozorovce, Slovakia",1 min,0,1 m,0
Brezolupy,"[48.70009748, 18.30535149]","Brezolupy 80, 957 01 Brezolupy, Slovakia",Bánovce nad Bebravou,"[48.72451367, 18.24887564]","Hrežďovská, 957 01 Bánovce nad Bebravou-Dolné Ozorovce, Slovakia",10 mins,589,7.0 km,7013
Cimenná,"[48.72853622, 18.13463114]","956 37 Cimenná, Slovakia",Bánovce nad Bebravou,"[48.72451367, 18.24887564]","Hrežďovská, 957 01 Bánovce nad Bebravou-Dolné Ozorovce, Slovakia",16 mins,963,12.2 km,12158
Čierna Lehota,"[48.87050766, 18.33734135]","1896, 956 53 Čierna Lehota, Slovakia",Bánovce nad Bebravou,"[48.72451367, 18.24887564]","Hrežďovská, 957 01 Bánovce nad Bebravou-Dolné Ozorovce, Slovakia",31 mins,1866,24.7 km,24715
Dežerice,"[48.7687428, 18.21190881]","516, 957 03 Dežerice, Slovakia",Bánovce nad Bebravou,"[48.72451367, 18.24887564]","Hrežďovská, 957 01 Bánovce nad Bebravou-Dolné Ozorovce, Slovakia",8 mins,476,6.2 km,6203
Dolné Naštice,"[48.69275464, 18.25758335]","Dolné Naštice 39, 957 01 Dolné Naštice, Slovakia",Bánovce nad Bebravou,"[48.72451367, 18.24887564]","Hrežďovská, 957 01 Bánovce nad Bebravou-Dolné Ozorovce, Slovakia",8 mins,478,4.6 km,4584
Dubnička,"[48.77588988, 18.30661502]","Unnamed Road, 957 03 Dubnička, Slovakia",Bánovce nad Bebravou,"[48.72451367, 18.24887564]","Hrežďovská, 957 01 Bánovce nad Bebravou-Dolné Ozorovce, Slovakia",22 mins,1341,10.4 km,10372
Dvorec,"[48.71780253, 18.21281361]","1842, 956 55 Dvorec, Slovakia",Bánovce nad Bebravou,"[48.72451367, 18.24887564]","Hrežďovská, 957 01 Bánovce nad Bebravou-Dolné Ozorovce, Slovakia",9 mins,551,4.6 km,4566
Haláčovce,"[48.70559401, 18.1868742]","1770, 956 55 Haláčovce, Slovakia",Bánovce nad Bebravou,"[48.72451367, 18.24887564]","Hrežďovská, 957 01 Bánovce nad Bebravou-Dolné Ozorovce, Slovakia",11 mins,663,8.0 km,8028
Horné Naštice,"[48.74330543, 18.29769624]","Unnamed Road, 956 41 Horné Naštice, Slovakia",Bánovce nad Bebravou,"[48.72451367, 18.24887564]","Hrežďovská, 957 01 Bánovce nad Bebravou-Dolné Ozorovce, Slovakia",12 mins,701,6.9 km,6920
Krásna Ves,"[48.8440952, 18.23114105]","1896, 956 53 Krásna Ves, Slovakia",Bánovce nad Bebravou,"[48.72451367, 18.24887564]","Hrežďovská, 957 01 Bánovce nad Bebravou-Dolné Ozorovce, Slovakia",18 mins,1069,14.6 km,14579
Kšinná,"[48.82599858, 18.37013601]","Unnamed Road, 956 41 Kšinná, Slovakia",Bánovce nad Bebravou,"[48.72451367, 18.24887564]","Hrežďovská, 957 01 Bánovce nad Bebravou-Dolné Ozorovce, Slovakia",27 mins,1596,20.0 km,20009
Veľké Držkovce,"[48.73226221, 18.16028292]","1820, 956 54 Veľké Držkovce, Slovakia",Bánovce nad Bebravou,"[48.72451367, 18.24887564]","Hrežďovská, 957 01 Bánovce nad Bebravou-Dolné Ozorovce, Slovakia",13 mins,770,10.1 km,10083
Otrhánky,"[48.68941732, 18.20029738]","Unnamed Road, 956 55 Haláčovce, Slovakia",Bánovce nad Bebravou,"[48.72451367, 18.24887564]","Hrežďovská, 957 01 Bánovce nad Bebravou-Dolné Ozorovce, Slovakia",14 mins,864,7.8 km,7795
Libichava,"[48.67087234, 18.17525245]","1848, 956 38 Libichava, Slovakia",Bánovce nad Bebravou,"[48.72451367, 18.24887564]","Hrežďovská, 957 01 Bánovce nad Bebravou-Dolné Ozorovce, Slovakia",20 mins,1187,15.1 km,15141
