Látky,"[48.5772915, 19.64887191]","Látky 26, 985 45 Látky, Slovakia",Detva,"[48.55561205, 19.41536728]","Chalupkova 1445/13, 962 12 Detva, Slovakia",27 mins,1627,25.1 km,25115
Podkriváň,"[48.52518382, 19.49478136]","Podkriváň 257, 985 51 Podkriváň, Slovakia",Detva,"[48.55561205, 19.41536728]","Chalupkova 1445/13, 962 12 Detva, Slovakia",16 mins,930,12.8 km,12757
Detva,"[48.55561205, 19.41536728]","Chalupkova 1445/13, 962 12 Detva, Slovakia",Detva,"[48.55561205, 19.41536728]","Chalupkova 1445/13, 962 12 Detva, Slovakia",1 min,0,1 m,0
Detvianska Huta,"[48.57354971, 19.59814555]","526, 962 05 Detvianska Huta, Slovakia",Detva,"[48.55561205, 19.41536728]","Chalupkova 1445/13, 962 12 Detva, Slovakia",21 mins,1265,20.9 km,20889
Dúbravy,"[48.59525583, 19.36589375]","Dúbravy 104, 962 12 Dúbravy, Slovakia",Detva,"[48.55561205, 19.41536728]","Chalupkova 1445/13, 962 12 Detva, Slovakia",10 mins,614,7.1 km,7095
Horný Tisovník,"[48.42828217, 19.35331722]","591, 962 75 Horný Tisovník, Slovakia",Detva,"[48.55561205, 19.41536728]","Chalupkova 1445/13, 962 12 Detva, Slovakia",25 mins,1495,21.3 km,21341
Hriňová,"[48.60970773, 19.53861724]","Unnamed Road, 962 05 Hriňová, Slovakia",Detva,"[48.55561205, 19.41536728]","Chalupkova 1445/13, 962 12 Detva, Slovakia",23 mins,1368,18.9 km,18854
Klokoč,"[48.49940443, 19.33482585]","591, 962 25 Klokoč, Slovakia",Detva,"[48.55561205, 19.41536728]","Chalupkova 1445/13, 962 12 Detva, Slovakia",18 mins,1092,16.9 km,16868
Kriváň,"[48.52966113, 19.44589684]","E571, 962 04 Kriváň, Slovakia",Detva,"[48.55561205, 19.41536728]","Chalupkova 1445/13, 962 12 Detva, Slovakia",7 mins,427,5.4 km,5390
Slatinské Lazy,"[48.50230529, 19.30392441]","2463, 962 25 Slatinské Lazy, Slovakia",Detva,"[48.55561205, 19.41536728]","Chalupkova 1445/13, 962 12 Detva, Slovakia",17 mins,1033,14.9 km,14945
Stará Huta,"[48.47028795, 19.34020562]","Podskalka 17, 962 25 Stará Huta-Podskala, Slovakia",Detva,"[48.55561205, 19.41536728]","Chalupkova 1445/13, 962 12 Detva, Slovakia",25 mins,1493,18.3 km,18289
Stožok,"[48.52332293, 19.36282389]","962 12 Stožok, Slovakia",Detva,"[48.55561205, 19.41536728]","Chalupkova 1445/13, 962 12 Detva, Slovakia",11 mins,666,8.0 km,8016
Vígľaš,"[48.5443575, 19.31967201]","Pstruša 335, 962 02 Vígľaš, Slovakia",Detva,"[48.55561205, 19.41536728]","Chalupkova 1445/13, 962 12 Detva, Slovakia",11 mins,664,8.6 km,8566
Vígľašská Huta-Kalinka,"[48.48527333, 19.27480252]","Vígľašská Huta 207, 962 25 Vígľašská Huta - Kalinka, Slovakia",Detva,"[48.55561205, 19.41536728]","Chalupkova 1445/13, 962 12 Detva, Slovakia",23 mins,1402,18.3 km,18309
Korytárky,"[48.54816872, 19.47565095]","Korytárky 128, 962 04 Korytárky, Slovakia",Detva,"[48.55561205, 19.41536728]","Chalupkova 1445/13, 962 12 Detva, Slovakia",13 mins,750,10.0 km,9958
