Ľutov,"[48.78890841, 18.28786328]","Unnamed Road, 957 03 Ľutov, Slovakia",Bánovce nad Bebravou,"[48.72451367, 18.24887564]","Hrežďovská, 957 01 Bánovce nad Bebravou-Dolné Ozorovce, Slovakia",19 mins,1115,9.9 km,9946
Malá Hradná,"[48.75704249, 18.16128151]","Malá Hradná 104, 956 54 Malá Hradná, Slovakia",Bánovce nad Bebravou,"[48.72451367, 18.24887564]","Hrežďovská, 957 01 Bánovce nad Bebravou-Dolné Ozorovce, Slovakia",14 mins,831,9.8 km,9788
Malé Hoste,"[48.70159809, 18.13679199]","Malé Hoste 115, 956 37 Malé Hoste, Slovakia",Bánovce nad Bebravou,"[48.72451367, 18.24887564]","Hrežďovská, 957 01 Bánovce nad Bebravou-Dolné Ozorovce, Slovakia",17 mins,1015,13.1 km,13100
Miezgovce,"[48.71633546, 18.32037658]","Unnamed Road, 957 01 Miezgovce, Slovakia",Bánovce nad Bebravou,"[48.72451367, 18.24887564]","Hrežďovská, 957 01 Bánovce nad Bebravou-Dolné Ozorovce, Slovakia",13 mins,777,6.9 km,6929
Nedašovce,"[48.66568603, 18.32776224]","Unnamed Road, 956 35 Nedašovce, Slovakia",Bánovce nad Bebravou,"[48.72451367, 18.24887564]","Hrežďovská, 957 01 Bánovce nad Bebravou-Dolné Ozorovce, Slovakia",14 mins,859,10.3 km,10346
Omastiná,"[48.78585196, 18.40610806]","Unnamed Road, 956 41 Omastiná, Slovakia",Bánovce nad Bebravou,"[48.72451367, 18.24887564]","Hrežďovská, 957 01 Bánovce nad Bebravou-Dolné Ozorovce, Slovakia",26 mins,1581,17.7 km,17745
Pečeňany,"[48.6770174, 18.22405862]","Pečeňany 73, 956 36 Pečeňany, Slovakia",Bánovce nad Bebravou,"[48.72451367, 18.24887564]","Hrežďovská, 957 01 Bánovce nad Bebravou-Dolné Ozorovce, Slovakia",14 mins,841,7.4 km,7354
Podlužany,"[48.77962202, 18.25047232]","Unnamed Road, 956 52 Podlužany, Slovakia",Bánovce nad Bebravou,"[48.72451367, 18.24887564]","Hrežďovská, 957 01 Bánovce nad Bebravou-Dolné Ozorovce, Slovakia",11 mins,653,7.2 km,7250
Pravotice,"[48.67863888, 18.29304666]","Pravotice 63, 956 35 Pravotice, Slovakia",Bánovce nad Bebravou,"[48.72451367, 18.24887564]","Hrežďovská, 957 01 Bánovce nad Bebravou-Dolné Ozorovce, Slovakia",9 mins,548,7.2 km,7204
Prusy,"[48.75781372, 18.26572163]","1825, 957 03 Prusy, Slovakia",Bánovce nad Bebravou,"[48.72451367, 18.24887564]","Hrežďovská, 957 01 Bánovce nad Bebravou-Dolné Ozorovce, Slovakia",8 mins,478,5.6 km,5572
Ruskovce,"[48.74360312, 18.19081675]","Ruskovce 140, 956 54 Ruskovce, Slovakia",Bánovce nad Bebravou,"[48.72451367, 18.24887564]","Hrežďovská, 957 01 Bánovce nad Bebravou-Dolné Ozorovce, Slovakia",10 mins,600,6.9 km,6928
Rybany,"[48.66951406, 18.25975652]","Rybany 388, 956 36 Rybany, Slovakia",Bánovce nad Bebravou,"[48.72451367, 18.24887564]","Hrežďovská, 957 01 Bánovce nad Bebravou-Dolné Ozorovce, Slovakia",10 mins,577,6.7 km,6669
Slatina nad Bebravou,"[48.83712687, 18.27154463]","1896, 956 53 Slatina nad Bebravou, Slovakia",Bánovce nad Bebravou,"[48.72451367, 18.24887564]","Hrežďovská, 957 01 Bánovce nad Bebravou-Dolné Ozorovce, Slovakia",22 mins,1336,18.0 km,17969
Slatinka nad Bebravou,"[48.86435241, 18.25871448]","Unnamed Road, 956 53 Slatinka nad Bebravou, Slovakia",Bánovce nad Bebravou,"[48.72451367, 18.24887564]","Hrežďovská, 957 01 Bánovce nad Bebravou-Dolné Ozorovce, Slovakia",39 mins,2336,24.1 km,24057
Šípkov,"[48.86008482, 18.2980624]","1896, 956 53 Šípkov, Slovakia",Bánovce nad Bebravou,"[48.72451367, 18.24887564]","Hrežďovská, 957 01 Bánovce nad Bebravou-Dolné Ozorovce, Slovakia",26 mins,1566,21.2 km,21220
Šišov,"[48.65921424, 18.17946594]","1753, 956 38 Libichava, Slovakia",Bánovce nad Bebravou,"[48.72451367, 18.24887564]","Hrežďovská, 957 01 Bánovce nad Bebravou-Dolné Ozorovce, Slovakia",17 mins,1028,13.7 km,13742
Timoradza,"[48.81296239, 18.24632862]","956 52 Timoradza, Slovakia",Bánovce nad Bebravou,"[48.72451367, 18.24887564]","Hrežďovská, 957 01 Bánovce nad Bebravou-Dolné Ozorovce, Slovakia",14 mins,813,11.1 km,11105
Trebichava,"[48.82591341, 18.31151281]","Unnamed Road, 956 53 Trebichava, Slovakia",Bánovce nad Bebravou,"[48.72451367, 18.24887564]","Hrežďovská, 957 01 Bánovce nad Bebravou-Dolné Ozorovce, Slovakia",48 mins,2858,25.4 km,25431
Uhrovec,"[48.73332298, 18.34820746]","Uhrovec, Slovakia",Bánovce nad Bebravou,"[48.72451367, 18.24887564]","Hrežďovská, 957 01 Bánovce nad Bebravou-Dolné Ozorovce, Slovakia",15 mins,922,10.9 km,10881
Uhrovské Podhradie,"[48.75791625, 18.40492915]","Unnamed Road, 956 41 Uhrovské Podhradie, Slovakia",Bánovce nad Bebravou,"[48.72451367, 18.24887564]","Hrežďovská, 957 01 Bánovce nad Bebravou-Dolné Ozorovce, Slovakia",25 mins,1501,17.8 km,17848
