Tomášov,"[48.1449896, 17.34024485]","Športová 22, 900 44 Tomášov, Slovakia",Senec,"[48.23488784, 17.38873158]","Diaľničná cesta 4039, 903 01 Senec, Slovakia",18 mins,1086,14.2 km,14223
Tureň,"[48.1844836, 17.38801042]","Tureň 347, 903 01 Tureň, Slovakia",Senec,"[48.23488784, 17.38873158]","Diaľničná cesta 4039, 903 01 Senec, Slovakia",11 mins,652,7.3 km,7271
Veľký Biel,"[48.22585901, 17.3470832]","E571, 900 24 Veľký Biel, Slovakia",Senec,"[48.23488784, 17.38873158]","Diaľničná cesta 4039, 903 01 Senec, Slovakia",11 mins,685,5.9 km,5874
Vlky,"[48.15442641, 17.36606514]","1066, 900 44 Vlky, Slovakia",Senec,"[48.23488784, 17.38873158]","Diaľničná cesta 4039, 903 01 Senec, Slovakia",21 mins,1252,17.9 km,17926
Dunajská Lužná,"[48.07634942, 17.26893789]","1057, 900 42 Dunajská Lužná, Slovakia",Senec,"[48.23488784, 17.38873158]","Diaľničná cesta 4039, 903 01 Senec, Slovakia",31 mins,1848,25.7 km,25740
Igram,"[48.27542986, 17.45906387]","Unnamed Road, 900 84 Igram, Slovakia",Senec,"[48.23488784, 17.38873158]","Diaľničná cesta 4039, 903 01 Senec, Slovakia",17 mins,1028,13.5 km,13524
Kaplna,"[48.29288746, 17.45085504]","Kaplna 485, 900 84 Kaplna, Slovakia",Senec,"[48.23488784, 17.38873158]","Diaľničná cesta 4039, 903 01 Senec, Slovakia",15 mins,875,13.4 km,13391
Zálesie,"[48.16544879, 17.2786624]","Malinovská 91-93, 900 28 Zálesie, Slovakia",Senec,"[48.23488784, 17.38873158]","Diaľničná cesta 4039, 903 01 Senec, Slovakia",22 mins,1318,16.8 km,16805
Nový Svet,"[48.21695443, 17.49253332]","Unnamed Road, 903 01 Nový Svet, Slovakia",Senec,"[48.23488784, 17.38873158]","Diaľničná cesta 4039, 903 01 Senec, Slovakia",14 mins,861,12.4 km,12402
