Matejovce nad Hornádom,"[48.90727192, 20.67711854]","Unnamed Road, 053 21 Matejovce nad Hornádom, Slovakia",Spišská Nová Ves,"[48.90804536, 20.52247749]","Novoveská cesta 7, 053 31 Spišská Nová Ves-Novoveská Huta, Slovakia",36 mins,2176,26.4 km,26364
Mlynky,"[48.85645023, 20.43547197]","Mlynky 81, 053 76 Mlynky, Slovakia",Spišská Nová Ves,"[48.90804536, 20.52247749]","Novoveská cesta 7, 053 31 Spišská Nová Ves-Novoveská Huta, Slovakia",28 mins,1665,22.0 km,22021
Odorín,"[48.93210342, 20.63702051]","Odorín 268, 053 22 Odorín, Slovakia",Spišská Nová Ves,"[48.90804536, 20.52247749]","Novoveská cesta 7, 053 31 Spišská Nová Ves-Novoveská Huta, Slovakia",14 mins,860,12.1 km,12109
Olcnava,"[48.91075538, 20.75160881]","Osloboditeľov 41/41, 053 61 Olcnava, Slovakia",Spišská Nová Ves,"[48.90804536, 20.52247749]","Novoveská cesta 7, 053 31 Spišská Nová Ves-Novoveská Huta, Slovakia",31 mins,1862,28.2 km,28171
Oľšavka,"[48.96837729, 20.82569438]","053 61 Oľšavka, Slovakia",Spišská Nová Ves,"[48.90804536, 20.52247749]","Novoveská cesta 7, 053 31 Spišská Nová Ves-Novoveská Huta, Slovakia",33 mins,1975,29.2 km,29163
Poráč,"[48.87761392, 20.72580349]","3244, 053 23 Poráč, Slovakia",Spišská Nová Ves,"[48.90804536, 20.52247749]","Novoveská cesta 7, 053 31 Spišská Nová Ves-Novoveská Huta, Slovakia",26 mins,1566,22.2 km,22183
Rudňany,"[48.87592478, 20.68145997]","Rudňany 332, 053 33 Rudňany, Slovakia",Spišská Nová Ves,"[48.90804536, 20.52247749]","Novoveská cesta 7, 053 31 Spišská Nová Ves-Novoveská Huta, Slovakia",23 mins,1355,18.3 km,18298
Slatvina,"[48.96398686, 20.85145518]","Unnamed Road, 053 61 Slatvina, Slovakia",Spišská Nová Ves,"[48.90804536, 20.52247749]","Novoveská cesta 7, 053 31 Spišská Nová Ves-Novoveská Huta, Slovakia",35 mins,2123,31.6 km,31626
Slovinky,"[48.86541749, 20.80585553]","Unnamed Road, 053 40 Slovinky, Slovakia",Spišská Nová Ves,"[48.90804536, 20.52247749]","Novoveská cesta 7, 053 31 Spišská Nová Ves-Novoveská Huta, Slovakia",50 mins,3016,41.5 km,41459
Spišské Tomášovce,"[48.94954047, 20.46162706]","Unnamed Road, 052 01 Spišské Tomášovce, Slovakia",Spišská Nová Ves,"[48.90804536, 20.52247749]","Novoveská cesta 7, 053 31 Spišská Nová Ves-Novoveská Huta, Slovakia",21 mins,1243,14.1 km,14145
Spišské Vlachy,"[48.93015994, 20.80035763]","Okolie 584/49, 053 61 Spišské Vlachy, Slovakia",Spišská Nová Ves,"[48.90804536, 20.52247749]","Novoveská cesta 7, 053 31 Spišská Nová Ves-Novoveská Huta, Slovakia",36 mins,2150,30.6 km,30592
Spišský Hrušov,"[48.95157126, 20.69918723]","Spišský Hrušov 345, 053 63 Spišský Hrušov, Slovakia",Spišská Nová Ves,"[48.90804536, 20.52247749]","Novoveská cesta 7, 053 31 Spišská Nová Ves-Novoveská Huta, Slovakia",20 mins,1189,18.3 km,18311
Teplička,"[48.90308561, 20.58549082]","Unnamed Road, 052 01 Teplička, Slovakia",Spišská Nová Ves,"[48.90804536, 20.52247749]","Novoveská cesta 7, 053 31 Spišská Nová Ves-Novoveská Huta, Slovakia",16 mins,975,10.6 km,10583
Vítkovce,"[48.92398303, 20.72415103]","Vítkovce 13, 053 63 Vítkovce, Slovakia",Spišská Nová Ves,"[48.90804536, 20.52247749]","Novoveská cesta 7, 053 31 Spišská Nová Ves-Novoveská Huta, Slovakia",24 mins,1431,20.7 km,20696
Vojkovce,"[48.95583776, 20.87405183]","Vojkovce 134, 053 61 Vojkovce, Slovakia",Spišská Nová Ves,"[48.90804536, 20.52247749]","Novoveská cesta 7, 053 31 Spišská Nová Ves-Novoveská Huta, Slovakia",34 mins,2045,31.6 km,31599
Smižany,"[48.9243293, 20.46956187]","Unnamed Road, 053 11 Smižany, Slovakia",Spišská Nová Ves,"[48.90804536, 20.52247749]","Novoveská cesta 7, 053 31 Spišská Nová Ves-Novoveská Huta, Slovakia",28 mins,1658,12.6 km,12573
