Jatov,"[48.13759952, 18.00369361]","75, 941 10 Jatov, Slovakia",Nové Zámky,"[47.99336743, 18.163735]","Devínska 17, 940 02 Nové Zámky, Slovakia",20 mins,1170,20.9 km,20907
Kamenica nad Hronom,"[47.83599905, 18.73136497]","943 65 Kamenica nad Hronom, Slovakia",Nové Zámky,"[47.99336743, 18.163735]","Devínska 17, 940 02 Nové Zámky, Slovakia",50 mins,2978,55.3 km,55305
Kamenín,"[47.88689591, 18.63965549]","Kamenín 570, 943 57 Kamenín, Slovakia",Nové Zámky,"[47.99336743, 18.163735]","Devínska 17, 940 02 Nové Zámky, Slovakia",41 mins,2443,46.1 km,46073
Kamenný Most,"[47.84695284, 18.6393395]","Unnamed Road, 943 58 Kamenný Most, Slovakia",Nové Zámky,"[47.99336743, 18.163735]","Devínska 17, 940 02 Nové Zámky, Slovakia",46 mins,2756,46.3 km,46281
Kmeťovo,"[48.16820373, 18.27631065]","Kmeťovo 148, 941 62 Kmeťovo, Slovakia",Nové Zámky,"[47.99336743, 18.163735]","Devínska 17, 940 02 Nové Zámky, Slovakia",28 mins,1692,26.3 km,26278
Kolta,"[48.01834519, 18.41627852]","Kolta 607, 941 33 Kolta, Slovakia",Nové Zámky,"[47.99336743, 18.163735]","Devínska 17, 940 02 Nové Zámky, Slovakia",23 mins,1361,22.6 km,22622
Komjatice,"[48.14495368, 18.159345]","Cintorínska 835/17, 941 06 Komjatice, Slovakia",Nové Zámky,"[47.99336743, 18.163735]","Devínska 17, 940 02 Nové Zámky, Slovakia",16 mins,964,17.5 km,17470
Komoča,"[47.96206704, 18.04171522]","Unnamed Road, 941 21 Komoča, Slovakia",Nové Zámky,"[47.99336743, 18.163735]","Devínska 17, 940 02 Nové Zámky, Slovakia",19 mins,1110,15.2 km,15235
Leľa,"[47.85724789, 18.77486135]","Leľa 37, 943 65 Leľa, Slovakia",Nové Zámky,"[47.99336743, 18.163735]","Devínska 17, 940 02 Nové Zámky, Slovakia",56 mins,3385,60.9 km,60898
Lipová,"[48.11767489, 18.17348184]","1526, 941 02 Lipová, Slovakia",Nové Zámky,"[47.99336743, 18.163735]","Devínska 17, 940 02 Nové Zámky, Slovakia",17 mins,997,16.3 km,16268
Ľubá,"[47.8569959, 18.59652035]","1507, 943 53 Ľubá, Slovakia",Nové Zámky,"[47.99336743, 18.163735]","Devínska 17, 940 02 Nové Zámky, Slovakia",36 mins,2168,41.1 km,41117
Malá nad Hronom,"[47.85735303, 18.68323183]","Malá nad Hronom 138, 943 65 Malá nad Hronom, Slovakia",Nové Zámky,"[47.99336743, 18.163735]","Devínska 17, 940 02 Nové Zámky, Slovakia",48 mins,2884,52.2 km,52165
Malé Kosihy,"[47.92641565, 18.74272655]","564, 943 61 Malé Kosihy, Slovakia",Nové Zámky,"[47.99336743, 18.163735]","Devínska 17, 940 02 Nové Zámky, Slovakia",57 mins,3445,66.2 km,66204
Maňa,"[48.15257819, 18.29459922]","Dolinská 518/24, 941 45 Veľká Maňa, Slovakia",Nové Zámky,"[47.99336743, 18.163735]","Devínska 17, 940 02 Nové Zámky, Slovakia",32 mins,1905,26.6 km,26601
Michal nad Žitavou,"[48.18813024, 18.2678038]","Unnamed Road, 941 62 Michal nad Žitavou, Slovakia",Nové Zámky,"[47.99336743, 18.163735]","Devínska 17, 940 02 Nové Zámky, Slovakia",34 mins,2021,29.4 km,29427
Veľký Kýr,"[48.17674847, 18.14376814]","Unnamed Road, 941 07 Veľký Kýr, Slovakia",Nové Zámky,"[47.99336743, 18.163735]","Devínska 17, 940 02 Nové Zámky, Slovakia",24 mins,1440,23.3 km,23324
Mojzesovo,"[48.1367311, 18.23489892]","1641, 941 04 Mojzesovo, Slovakia",Nové Zámky,"[47.99336743, 18.163735]","Devínska 17, 940 02 Nové Zámky, Slovakia",25 mins,1476,21.3 km,21313
Mužla,"[47.79326283, 18.56979493]","63, 943 52 Mužla, Slovakia",Nové Zámky,"[47.99336743, 18.163735]","Devínska 17, 940 02 Nové Zámky, Slovakia",42 mins,2508,45.6 km,45627
Nová Vieska,"[47.86807547, 18.45633115]","1466, 943 42 Nová Vieska, Slovakia",Nové Zámky,"[47.99336743, 18.163735]","Devínska 17, 940 02 Nové Zámky, Slovakia",25 mins,1513,28.5 km,28526
Palárikovo,"[48.03631136, 18.05960553]","Jánošíkova 5-7, 941 11 Palárikovo, Slovakia",Nové Zámky,"[47.99336743, 18.163735]","Devínska 17, 940 02 Nové Zámky, Slovakia",15 mins,920,12.6 km,12647
