Bacúch,"[48.84199232, 19.79854722]","66, 976 64 Bacúch, Slovakia",Brezno,"[48.81930441, 19.67905838]","Padličkovo 1290/7, 977 01 Brezno-Bujakovo, Slovakia",10 mins,617,10.1 km,10135
Beňuš,"[48.81651234, 19.73462]","976 64 Beňuš, Slovakia",Brezno,"[48.81930441, 19.67905838]","Padličkovo 1290/7, 977 01 Brezno-Bujakovo, Slovakia",8 mins,488,5.4 km,5405
Braväcovo,"[48.85477928, 19.74875702]","Unnamed Road, 976 64 Braväcovo, Slovakia",Brezno,"[48.81930441, 19.67905838]","Padličkovo 1290/7, 977 01 Brezno-Bujakovo, Slovakia",25 mins,1514,10.9 km,10857
Brezno,"[48.81930441, 19.67905838]","Padličkovo 1290/7, 977 01 Brezno-Bujakovo, Slovakia",Brezno,"[48.81930441, 19.67905838]","Padličkovo 1290/7, 977 01 Brezno-Bujakovo, Slovakia",1 min,0,1 m,0
Čierny Balog,"[48.71396281, 19.68489285]","Unnamed Road, 976 52 Čierny Balog, Slovakia",Brezno,"[48.81930441, 19.67905838]","Padličkovo 1290/7, 977 01 Brezno-Bujakovo, Slovakia",33 mins,1988,21.3 km,21256
Dolná Lehota,"[48.89066566, 19.52726325]","Unnamed Road, 976 98 Dolná Lehota, Slovakia",Brezno,"[48.81930441, 19.67905838]","Padličkovo 1290/7, 977 01 Brezno-Bujakovo, Slovakia",32 mins,1907,22.4 km,22418
Drábsko,"[48.65805377, 19.66873462]","2724, 976 53 Drábsko, Slovakia",Brezno,"[48.81930441, 19.67905838]","Padličkovo 1290/7, 977 01 Brezno-Bujakovo, Slovakia",30 mins,1820,26.7 km,26698
Heľpa,"[48.86027082, 19.96723235]","Rovná 221/6, 976 68 Heľpa, Slovakia",Brezno,"[48.81930441, 19.67905838]","Padličkovo 1290/7, 977 01 Brezno-Bujakovo, Slovakia",24 mins,1434,23.7 km,23724
Horná Lehota,"[48.87772758, 19.57561664]","2373, 976 81 Horná Lehota, Slovakia",Brezno,"[48.81930441, 19.67905838]","Padličkovo 1290/7, 977 01 Brezno-Bujakovo, Slovakia",22 mins,1337,18.0 km,17990
Hronec,"[48.71517388, 19.52672475]","Unnamed Road, 976 45 Hronec, Slovakia",Brezno,"[48.81930441, 19.67905838]","Padličkovo 1290/7, 977 01 Brezno-Bujakovo, Slovakia",1 hour 23 mins,4987,36.0 km,35976
Jarabá,"[48.89419678, 19.70772474]","72, 977 01 Jarabá, Slovakia",Brezno,"[48.81930441, 19.67905838]","Padličkovo 1290/7, 977 01 Brezno-Bujakovo, Slovakia",15 mins,885,14.4 km,14426
Jasenie,"[48.89053517, 19.43948224]","Jasenie 126, 976 75 Jasenie, Slovakia",Brezno,"[48.81930441, 19.67905838]","Padličkovo 1290/7, 977 01 Brezno-Bujakovo, Slovakia",40 mins,2411,28.4 km,28375
Lom nad Rimavicou,"[48.64106178, 19.68745878]","2724, 976 53 Lom nad Rimavicou, Slovakia",Brezno,"[48.81930441, 19.67905838]","Padličkovo 1290/7, 977 01 Brezno-Bujakovo, Slovakia",32 mins,1948,28.3 km,28281
Michalová,"[48.78239472, 19.79395527]","Unnamed Road, 976 57 Michalová, Slovakia",Brezno,"[48.81930441, 19.67905838]","Padličkovo 1290/7, 977 01 Brezno-Bujakovo, Slovakia",26 mins,1561,19.5 km,19487
Mýto pod Ďumbierom,"[48.8533077, 19.63297403]","72, 976 44 Mýto pod Ďumbierom, Slovakia",Brezno,"[48.81930441, 19.67905838]","Padličkovo 1290/7, 977 01 Brezno-Bujakovo, Slovakia",11 mins,657,9.6 km,9621
Nemecká,"[48.80502776, 19.43197304]","Nemecká 404, 976 97 Nemecká, Slovakia",Brezno,"[48.81930441, 19.67905838]","Padličkovo 1290/7, 977 01 Brezno-Bujakovo, Slovakia",31 mins,1871,24.8 km,24752
Osrblie,"[48.74927965, 19.51275856]","Unnamed Road, 976 45 Osrblie, Slovakia",Brezno,"[48.81930441, 19.67905838]","Padličkovo 1290/7, 977 01 Brezno-Bujakovo, Slovakia",40 mins,2426,24.1 km,24111
Podbrezová,"[48.80418769, 19.51603605]","Sládkovičova 72/1, 976 81 Podbrezová, Slovakia",Brezno,"[48.81930441, 19.67905838]","Padličkovo 1290/7, 977 01 Brezno-Bujakovo, Slovakia",19 mins,1135,15.2 km,15188
Pohorelá,"[48.86352223, 20.02379969]","976 69 Pohorelá, Slovakia",Brezno,"[48.81930441, 19.67905838]","Padličkovo 1290/7, 977 01 Brezno-Bujakovo, Slovakia",32 mins,1897,29.6 km,29593
Pohronská Polhora,"[48.75413711, 19.83346933]","Unnamed Road, 976 56 Pohronská Polhora, Slovakia",Brezno,"[48.81930441, 19.67905838]","Padličkovo 1290/7, 977 01 Brezno-Bujakovo, Slovakia",25 mins,1476,20.6 km,20609
