Senica,"[48.67794212, 17.36447764]","Štúrova 15-17, 905 01 Senica, Slovakia",Senica,"[48.67794212, 17.36447764]","Štúrova 15-17, 905 01 Senica, Slovakia",1 min,0,1 m,0
Bílkove Humence,"[48.58919327, 17.24168963]","Bílkove Humence 98, 908 77 Bílkove Humence, Slovakia",Senica,"[48.67794212, 17.36447764]","Štúrova 15-17, 905 01 Senica, Slovakia",25 mins,1521,24.0 km,23995
Borský Svätý Jur,"[48.59646559, 17.0639784]","1145, 908 79 Borský Svätý Jur, Slovakia",Senica,"[48.67794212, 17.36447764]","Štúrova 15-17, 905 01 Senica, Slovakia",28 mins,1687,29.9 km,29885
Borský Mikuláš,"[48.62396141, 17.23273496]","Unnamed Road, 908 77 Borský Mikuláš, Slovakia",Senica,"[48.67794212, 17.36447764]","Štúrova 15-17, 905 01 Senica, Slovakia",23 mins,1406,20.8 km,20795
Cerová,"[48.5805444, 17.39211016]","1166, 906 33 Cerová, Slovakia",Senica,"[48.67794212, 17.36447764]","Štúrova 15-17, 905 01 Senica, Slovakia",18 mins,1093,15.7 km,15679
Čáry,"[48.66472483, 17.0776626]","Lachmannova 303, 908 43 Čáry, Slovakia",Senica,"[48.67794212, 17.36447764]","Štúrova 15-17, 905 01 Senica, Slovakia",26 mins,1544,23.9 km,23899
Častkov,"[48.75459529, 17.36019161]","Unnamed Road, 906 04 Častkov, Slovakia",Senica,"[48.67794212, 17.36447764]","Štúrova 15-17, 905 01 Senica, Slovakia",18 mins,1108,11.2 km,11194
Dojč,"[48.68371277, 17.25593307]","500, 906 02 Dojč, Slovakia",Senica,"[48.67794212, 17.36447764]","Štúrova 15-17, 905 01 Senica, Slovakia",10 mins,575,8.8 km,8801
Hlboké,"[48.65038748, 17.4130665]","Unnamed Road, 906 31 Hlboké, Slovakia",Senica,"[48.67794212, 17.36447764]","Štúrova 15-17, 905 01 Senica, Slovakia",10 mins,621,6.4 km,6375
Hradište pod Vrátnom,"[48.62518663, 17.49155501]","Hradište pod Vrátnom 119, 906 12 Hradište pod Vrátnom, Slovakia",Senica,"[48.67794212, 17.36447764]","Štúrova 15-17, 905 01 Senica, Slovakia",19 mins,1117,16.5 km,16480
Jablonica,"[48.60048737, 17.43332518]","Jablonica, Slovakia",Senica,"[48.67794212, 17.36447764]","Štúrova 15-17, 905 01 Senica, Slovakia",14 mins,857,12.3 km,12268
Koválov,"[48.70975587, 17.28185709]","Koválov 16, 906 03 Koválov, Slovakia",Senica,"[48.67794212, 17.36447764]","Štúrova 15-17, 905 01 Senica, Slovakia",13 mins,774,10.8 km,10841
Kuklov,"[48.62943856, 17.07984358]","908 78 Kuklov, Slovakia",Senica,"[48.67794212, 17.36447764]","Štúrova 15-17, 905 01 Senica, Slovakia",25 mins,1474,25.0 km,24979
Kúty,"[48.65635625, 17.00855578]","Hollého 413, 908 01 Kúty, Slovakia",Senica,"[48.67794212, 17.36447764]","Štúrova 15-17, 905 01 Senica, Slovakia",31 mins,1842,29.7 km,29722
Lakšárska Nová Ves,"[48.57629597, 17.16584228]","590, 908 76 Lakšárska Nová Ves, Slovakia",Senica,"[48.67794212, 17.36447764]","Štúrova 15-17, 905 01 Senica, Slovakia",25 mins,1478,26.0 km,25965
Moravský Svätý Ján,"[48.57187806, 16.98651252]","Moravský Svätý Ján 693, 908 71 Moravský Svätý Ján, Slovakia",Senica,"[48.67794212, 17.36447764]","Štúrova 15-17, 905 01 Senica, Slovakia",35 mins,2096,35.0 km,34977
Osuské,"[48.63885563, 17.45166169]","Družstevná, 906 12 Osuské, Slovakia",Senica,"[48.67794212, 17.36447764]","Štúrova 15-17, 905 01 Senica, Slovakia",17 mins,1046,14.5 km,14492
Plavecký Peter,"[48.53407035, 17.32410941]","Plavecký Peter 111, 906 35 Plavecký Peter, Slovakia",Senica,"[48.67794212, 17.36447764]","Štúrova 15-17, 905 01 Senica, Slovakia",27 mins,1619,24.4 km,24370
Podbranč,"[48.73174619, 17.45508113]","Zadrieňová, 906 05 Podbranč-Zadrieňová, Slovakia",Senica,"[48.67794212, 17.36447764]","Štúrova 15-17, 905 01 Senica, Slovakia",21 mins,1257,13.9 km,13879
Prietrž,"[48.6852704, 17.45555819]","1196, 906 11 Prietrž, Slovakia",Senica,"[48.67794212, 17.36447764]","Štúrova 15-17, 905 01 Senica, Slovakia",13 mins,793,9.4 km,9406
