Prievaly,"[48.55974882, 17.34615625]","501, 906 34 Prievaly, Slovakia",Senica,"[48.67794212, 17.36447764]","Štúrova 15-17, 905 01 Senica, Slovakia",22 mins,1322,20.3 km,20283
Rovensko,"[48.71732165, 17.37321066]","905 01 Rovensko, Slovakia",Senica,"[48.67794212, 17.36447764]","Štúrova 15-17, 905 01 Senica, Slovakia",11 mins,641,6.0 km,5962
Smolinské,"[48.68277994, 17.11765403]","Unnamed Road, 908 42 Smolinské, Slovakia",Senica,"[48.67794212, 17.36447764]","Štúrova 15-17, 905 01 Senica, Slovakia",26 mins,1583,23.7 km,23742
Smrdáky,"[48.72355713, 17.30605181]","Smrdáky 19, 906 03 Smrdáky, Slovakia",Senica,"[48.67794212, 17.36447764]","Štúrova 15-17, 905 01 Senica, Slovakia",12 mins,726,8.5 km,8504
Sobotište,"[48.74699524, 17.4157334]","1163, 906 05 Sobotište, Slovakia",Senica,"[48.67794212, 17.36447764]","Štúrova 15-17, 905 01 Senica, Slovakia",17 mins,997,11.2 km,11165
Šajdíkove Humence,"[48.6518774, 17.28917038]","Unnamed Road, 906 07 Šajdíkove Humence, Slovakia",Senica,"[48.67794212, 17.36447764]","Štúrova 15-17, 905 01 Senica, Slovakia",13 mins,766,6.8 km,6800
Šaštín-Stráže,"[48.63628658, 17.14400465]","Štúrova 1615/53, 908 41 Šaštín - Stráže-Šaštín, Slovakia",Senica,"[48.67794212, 17.36447764]","Štúrova 15-17, 905 01 Senica, Slovakia",20 mins,1177,19.6 km,19624
Štefanov,"[48.67694096, 17.20047502]","1136, 906 45 Štefanov, Slovakia",Senica,"[48.67794212, 17.36447764]","Štúrova 15-17, 905 01 Senica, Slovakia",15 mins,875,14.4 km,14364
Sekule,"[48.60905877, 16.98980377]","Sekule 444, 908 80 Sekule, Slovakia",Senica,"[48.67794212, 17.36447764]","Štúrova 15-17, 905 01 Senica, Slovakia",32 mins,1946,32.6 km,32614
Rohov,"[48.73146532, 17.33735685]","Rohov 29, 906 04 Rohov, Slovakia",Senica,"[48.67794212, 17.36447764]","Štúrova 15-17, 905 01 Senica, Slovakia",12 mins,736,8.4 km,8352
Rybky,"[48.71404246, 17.33422953]","1146, 906 04 Rybky, Slovakia",Senica,"[48.67794212, 17.36447764]","Štúrova 15-17, 905 01 Senica, Slovakia",9 mins,567,6.0 km,5961
