Brestovec,"[48.79907368, 17.5531299]","Unnamed Road, 907 01 Brestovec, Slovakia",Myjava,"[48.75026638, 17.53609825]","Myjava 326, 907 03 Myjava, Slovakia",16 mins,985,10.7 km,10675
Brezová pod Bradlom,"[48.66780128, 17.54436444]","V Jarku 3012, 906 13 Brezová pod Bradlom, Slovakia",Myjava,"[48.75026638, 17.53609825]","Myjava 326, 907 03 Myjava, Slovakia",16 mins,965,12.7 km,12663
Bukovec,"[48.70063995, 17.49402239]","1183, 906 14 Bukovec, Slovakia",Myjava,"[48.75026638, 17.53609825]","Myjava 326, 907 03 Myjava, Slovakia",13 mins,751,9.4 km,9420
Chvojnica,"[48.79825626, 17.40347912]","Chvojnica 157, 906 06 Chvojnica, Slovakia",Myjava,"[48.75026638, 17.53609825]","Myjava 326, 907 03 Myjava, Slovakia",19 mins,1162,14.1 km,14132
Jablonka,"[48.72812163, 17.61458315]","Jablonka 147, 906 21 Jablonka, Slovakia",Myjava,"[48.75026638, 17.53609825]","Myjava 326, 907 03 Myjava, Slovakia",14 mins,837,9.6 km,9634
Košariská,"[48.66705405, 17.60729221]","499, 906 15 Horné Košariská, Slovakia",Myjava,"[48.75026638, 17.53609825]","Myjava 326, 907 03 Myjava, Slovakia",18 mins,1104,14.7 km,14744
Myjava,"[48.75026638, 17.53609825]","Myjava 326, 907 03 Myjava, Slovakia",Myjava,"[48.75026638, 17.53609825]","Myjava 326, 907 03 Myjava, Slovakia",1 min,0,1 m,0
Polianka,"[48.71906911, 17.58122687]","1181, 907 01 Dolná Polianka, Slovakia",Myjava,"[48.75026638, 17.53609825]","Myjava 326, 907 03 Myjava, Slovakia",9 mins,524,6.9 km,6902
Poriadie,"[48.77895499, 17.60910704]","Poriadie 85, 906 22 Poriadie, Slovakia",Myjava,"[48.75026638, 17.53609825]","Myjava 326, 907 03 Myjava, Slovakia",12 mins,728,8.1 km,8145
Priepasné,"[48.69284771, 17.58375712]","906 15 Priepasné, Slovakia",Myjava,"[48.75026638, 17.53609825]","Myjava 326, 907 03 Myjava, Slovakia",15 mins,890,10.8 km,10841
Rudník,"[48.75722971, 17.62675422]","581, 906 23 Rudník, Slovakia",Myjava,"[48.75026638, 17.53609825]","Myjava 326, 907 03 Myjava, Slovakia",9 mins,529,8.0 km,7993
Stará Myjava,"[48.80832615, 17.59658369]","Mizerákovci 41, 907 01 Stará Myjava, Slovakia",Myjava,"[48.75026638, 17.53609825]","Myjava 326, 907 03 Myjava, Slovakia",17 mins,1002,11.3 km,11304
Vrbovce,"[48.80061419, 17.47025488]","500, 906 06 Vrbovce, Slovakia",Myjava,"[48.75026638, 17.53609825]","Myjava 326, 907 03 Myjava, Slovakia",11 mins,660,8.1 km,8135
Hrašné,"[48.75127021, 17.66899564]","581, 916 14 Hrašné, Slovakia",Myjava,"[48.75026638, 17.53609825]","Myjava 326, 907 03 Myjava, Slovakia",12 mins,714,11.3 km,11306
Kostolné,"[48.73345218, 17.68757365]","1186, 916 13 Kostolné, Slovakia",Myjava,"[48.75026638, 17.53609825]","Myjava 326, 907 03 Myjava, Slovakia",17 mins,1022,14.7 km,14739
Krajné,"[48.70406224, 17.6676789]","Krajné 385, 916 16 Krajné, Slovakia",Myjava,"[48.75026638, 17.53609825]","Myjava 326, 907 03 Myjava, Slovakia",18 mins,1080,14.4 km,14350
Podkylava,"[48.67973912, 17.650947]","Podkylava 251, 916 16 Podkylava, Slovakia",Myjava,"[48.75026638, 17.53609825]","Myjava 326, 907 03 Myjava, Slovakia",24 mins,1465,18.8 km,18844
