Višňové,"[49.15207752, 18.79917084]","Višňové 578, 013 23 Višňové, Slovakia",Žilina,"[49.22548275, 18.75052663]","Pavla Országha Hviezdoslava 36, 010 01 Žilina, Slovakia",17 mins,1019,11.2 km,11163
Zbyňov,"[49.12682636, 18.64654265]","013 19 Zbyňov, Slovakia",Žilina,"[49.22548275, 18.75052663]","Pavla Országha Hviezdoslava 36, 010 01 Žilina, Slovakia",31 mins,1832,23.2 km,23160
Bitarová,"[49.20752635, 18.67116201]","Bitarová 69, 010 04 Bitarová, Slovakia",Žilina,"[49.22548275, 18.75052663]","Pavla Országha Hviezdoslava 36, 010 01 Žilina, Slovakia",14 mins,852,8.1 km,8052
Brezany,"[49.18877664, 18.66573353]","010 04 Brezany, Slovakia",Žilina,"[49.22548275, 18.75052663]","Pavla Országha Hviezdoslava 36, 010 01 Žilina, Slovakia",16 mins,989,8.5 km,8499
Hričovské Podhradie,"[49.21677532, 18.61803128]","Hričovské Podhradie 48, 013 41 Hričovské Podhradie, Slovakia",Žilina,"[49.22548275, 18.75052663]","Pavla Országha Hviezdoslava 36, 010 01 Žilina, Slovakia",18 mins,1056,16.0 km,16033
Ovčiarsko,"[49.22475337, 18.66725472]","Ovčiarsko 97, 010 04 Ovčiarsko, Slovakia",Žilina,"[49.22548275, 18.75052663]","Pavla Országha Hviezdoslava 36, 010 01 Žilina, Slovakia",17 mins,1029,15.0 km,15034
Paština Závada,"[49.20376428, 18.62700864]","Paština Závada 51, 013 41 Paština Závada, Slovakia",Žilina,"[49.22548275, 18.75052663]","Pavla Országha Hviezdoslava 36, 010 01 Žilina, Slovakia",18 mins,1105,17.3 km,17328
Lietavská Lúčka,"[49.16958062, 18.72163898]","Žilinská cesta 63/68, 013 11 Lietavská Lúčka, Slovakia",Žilina,"[49.22548275, 18.75052663]","Pavla Országha Hviezdoslava 36, 010 01 Žilina, Slovakia",12 mins,694,8.9 km,8899
Porúbka,"[49.15187212, 18.72613945]","Porúbka 94, 013 11 Porúbka, Slovakia",Žilina,"[49.22548275, 18.75052663]","Pavla Országha Hviezdoslava 36, 010 01 Žilina, Slovakia",15 mins,874,11.0 km,11019
Ďurčiná,"[49.05508489, 18.66738371]","Ďurčiná 120, 015 01 Ďurčiná, Slovakia",Žilina,"[49.22548275, 18.75052663]","Pavla Országha Hviezdoslava 36, 010 01 Žilina, Slovakia",34 mins,2050,26.7 km,26739
Kľače,"[49.10352115, 18.65147005]","Kľače 84, 013 19 Kľače, Slovakia",Žilina,"[49.22548275, 18.75052663]","Pavla Országha Hviezdoslava 36, 010 01 Žilina, Slovakia",25 mins,1522,20.6 km,20608
Nezbudská Lúčka,"[49.17031196, 18.90646532]","E50, 013 24 Strečno, Slovakia",Žilina,"[49.22548275, 18.75052663]","Pavla Országha Hviezdoslava 36, 010 01 Žilina, Slovakia",14 mins,821,13.9 km,13872
Šuja,"[49.06638804, 18.63111967]","Šuja 40, 015 01 Šuja, Slovakia",Žilina,"[49.22548275, 18.75052663]","Pavla Országha Hviezdoslava 36, 010 01 Žilina, Slovakia",31 mins,1853,25.4 km,25435
