Žilina,"[49.22548275, 18.75052663]","Pavla Országha Hviezdoslava 36, 010 01 Žilina, Slovakia",Žilina,"[49.22548275, 18.75052663]","Pavla Országha Hviezdoslava 36, 010 01 Žilina, Slovakia",1 min,0,1 m,0
Belá,"[49.23977501, 18.9797375]","Unnamed Road, 013 06 Belá, Slovakia",Žilina,"[49.22548275, 18.75052663]","Pavla Országha Hviezdoslava 36, 010 01 Žilina, Slovakia",26 mins,1563,21.6 km,21566
Čičmany,"[48.96012033, 18.52039037]","Čičmany 70, 013 15 Čičmany, Slovakia",Žilina,"[49.22548275, 18.75052663]","Pavla Országha Hviezdoslava 36, 010 01 Žilina, Slovakia",46 mins,2786,42.3 km,42291
Divina,"[49.29582671, 18.68839364]","Hucerovci 385, 013 31 Divina, Slovakia",Žilina,"[49.22548275, 18.75052663]","Pavla Országha Hviezdoslava 36, 010 01 Žilina, Slovakia",17 mins,998,12.5 km,12459
Divinka,"[49.25916612, 18.70589836]","Divinka 39, 013 31 Divinka, Slovakia",Žilina,"[49.22548275, 18.75052663]","Pavla Országha Hviezdoslava 36, 010 01 Žilina, Slovakia",12 mins,702,8.3 km,8276
Dlhé Pole,"[49.32219316, 18.63327813]","Unnamed Road, 013 32 Dlhé Pole, Slovakia",Žilina,"[49.22548275, 18.75052663]","Pavla Országha Hviezdoslava 36, 010 01 Žilina, Slovakia",25 mins,1476,19.0 km,18987
Dolná Tižina,"[49.20622519, 18.94828477]","Unnamed Road, 013 04 Dolná Tižina, Slovakia",Žilina,"[49.22548275, 18.75052663]","Pavla Országha Hviezdoslava 36, 010 01 Žilina, Slovakia",25 mins,1483,17.9 km,17875
Dolný Hričov,"[49.23035882, 18.6325074]","Mládeže 270, 013 41 Dolný Hričov, Slovakia",Žilina,"[49.22548275, 18.75052663]","Pavla Országha Hviezdoslava 36, 010 01 Žilina, Slovakia",15 mins,896,14.2 km,14168
Fačkov,"[48.99130949, 18.60206911]","Unnamed Road, 013 15 Fačkov, Slovakia",Žilina,"[49.22548275, 18.75052663]","Pavla Országha Hviezdoslava 36, 010 01 Žilina, Slovakia",44 mins,2655,38.1 km,38094
Gbeľany,"[49.22118376, 18.85259575]","V Potokoch 79, 013 02 Gbeľany, Slovakia",Žilina,"[49.22548275, 18.75052663]","Pavla Országha Hviezdoslava 36, 010 01 Žilina, Slovakia",17 mins,1045,11.7 km,11697
Hôrky,"[49.2061911, 18.69010115]","Hôrky 56, 010 04 Hôrky, Slovakia",Žilina,"[49.22548275, 18.75052663]","Pavla Országha Hviezdoslava 36, 010 01 Žilina, Slovakia",12 mins,729,6.0 km,5962
Horný Hričov,"[49.25240481, 18.66294849]","E75, 013 42 Horný Hričov, Slovakia",Žilina,"[49.22548275, 18.75052663]","Pavla Országha Hviezdoslava 36, 010 01 Žilina, Slovakia",10 mins,575,10.0 km,9984
Jasenové,"[49.11210496, 18.62512048]","013 19 Jasenové, Slovakia",Žilina,"[49.22548275, 18.75052663]","Pavla Országha Hviezdoslava 36, 010 01 Žilina, Slovakia",29 mins,1758,22.0 km,21973
Kamenná Poruba,"[49.08177731, 18.69785819]","Unnamed Road, 013 14 Kamenná Poruba, Slovakia",Žilina,"[49.22548275, 18.75052663]","Pavla Országha Hviezdoslava 36, 010 01 Žilina, Slovakia",30 mins,1817,23.0 km,23005
Konská,"[49.11104685, 18.67406646]","Konská 164, 013 13 Konská, Slovakia",Žilina,"[49.22548275, 18.75052663]","Pavla Országha Hviezdoslava 36, 010 01 Žilina, Slovakia",24 mins,1410,18.8 km,18793
Kotrčiná Lúčka,"[49.25056508, 18.84178806]","Kotrčiná Lúčka 18, 013 02 Kotrčiná Lúčka, Slovakia",Žilina,"[49.22548275, 18.75052663]","Pavla Országha Hviezdoslava 36, 010 01 Žilina, Slovakia",18 mins,1065,13.5 km,13529
Krasňany,"[49.19553998, 18.92792467]","Unnamed Road, 013 03 Krasňany, Slovakia",Žilina,"[49.22548275, 18.75052663]","Pavla Országha Hviezdoslava 36, 010 01 Žilina, Slovakia",22 mins,1348,17.1 km,17081
Kunerad,"[49.07943327, 18.7555494]","013 13 Kunerad, Slovakia",Žilina,"[49.22548275, 18.75052663]","Pavla Országha Hviezdoslava 36, 010 01 Žilina, Slovakia",32 mins,1917,22.8 km,22807
Lietava,"[49.17277435, 18.66937245]","Lietava 237, 013 18 Lietava, Slovakia",Žilina,"[49.22548275, 18.75052663]","Pavla Országha Hviezdoslava 36, 010 01 Žilina, Slovakia",18 mins,1061,13.4 km,13450
Lietavská Svinná-Babkov,"[49.15054924, 18.65645257]","2104, 013 11 Lietavská Svinná - Babkov, Slovakia",Žilina,"[49.22548275, 18.75052663]","Pavla Országha Hviezdoslava 36, 010 01 Žilina, Slovakia",18 mins,1108,15.2 km,15156
