Košice-Lorinčík,"[48.68836841, 21.19227601]","Lorinčík, 040 11 Lorinčík, Slovakia",Košice II,Košice II,"Košice II, Slovakia",7 mins,440,6.4 km,6375
Košice-Pereš,"[48.68921728, 21.20975726]","Bystrická 860/53, 040 11 Pereš, Slovakia",Košice II,Košice II,"Košice II, Slovakia",5 mins,282,5.3 km,5339
Košice-Myslava,"[48.71326903, 21.19717349]","Pod horou 603/66, 040 16 Myslava, Slovakia",Košice II,Košice II,"Košice II, Slovakia",10 mins,584,9.4 km,9430
Košice-Západ,"[48.71207324, 21.23180663]","Markušova 273/9, 040 11 Košice, Slovakia",Košice II,Košice II,"Košice II, Slovakia",10 mins,580,8.9 km,8940
Košice-Šaca,"[48.62054736, 21.17942468]","Šaca, Slovakia",Košice II,Košice II,"Košice II, Slovakia",12 mins,705,12.5 km,12458
Košice-Poľov,"[48.66211616, 21.20764255]","E571, 040 15 Poľov, Slovakia",Košice II,Košice II,"Košice II, Slovakia",1 min,70,1.8 km,1815
Košice-Sídlisko KVP,"[48.71588978, 21.2125499]","Jasuschova 3112, 040 23 Košice, Slovakia",Košice II,Košice II,"Košice II, Slovakia",9 mins,520,9.1 km,9058
Košice-Luník IX,"[48.69347723, 21.22332663]","040 11 Luník IX, Slovakia",Košice II,Košice II,"Košice II, Slovakia",5 mins,303,5.6 km,5640
