Lutiše,"[49.29586264, 18.95818502]","Lutiše 70, 013 05 Lutiše, Slovakia",Žilina,"[49.22548275, 18.75052663]","Pavla Országha Hviezdoslava 36, 010 01 Žilina, Slovakia",30 mins,1802,28.5 km,28476
Lysica,"[49.25343424, 18.92666092]","Unnamed Road, 013 05 Lysica, Slovakia",Žilina,"[49.22548275, 18.75052663]","Pavla Országha Hviezdoslava 36, 010 01 Žilina, Slovakia",24 mins,1440,19.2 km,19214
Malá Čierna,"[49.10738861, 18.5987569]","Malá Čierna 43, 015 01 Malá Čierna, Slovakia",Žilina,"[49.22548275, 18.75052663]","Pavla Országha Hviezdoslava 36, 010 01 Žilina, Slovakia",35 mins,2121,28.2 km,28179
Mojš,"[49.20452618, 18.81921624]","010 01 Mojš, Slovakia",Žilina,"[49.22548275, 18.75052663]","Pavla Országha Hviezdoslava 36, 010 01 Žilina, Slovakia",9 mins,545,6.4 km,6444
Nededza,"[49.23050472, 18.84264456]","013 02 Nededza, Slovakia",Žilina,"[49.22548275, 18.75052663]","Pavla Országha Hviezdoslava 36, 010 01 Žilina, Slovakia",14 mins,866,10.9 km,10935
Podhorie,"[49.17397147, 18.63276849]","Podhorie 102, 013 18 Podhorie, Slovakia",Žilina,"[49.22548275, 18.75052663]","Pavla Országha Hviezdoslava 36, 010 01 Žilina, Slovakia",22 mins,1308,15.9 km,15916
Rajec,"[49.0879544, 18.63346207]","Kostolná 45/17, 015 01 Rajec, Slovakia",Žilina,"[49.22548275, 18.75052663]","Pavla Országha Hviezdoslava 36, 010 01 Žilina, Slovakia",27 mins,1635,23.0 km,22970
Rajecká Lesná,"[49.02348209, 18.66127111]","Unnamed Road, 013 15 Rajecká Lesná, Slovakia",Žilina,"[49.22548275, 18.75052663]","Pavla Országha Hviezdoslava 36, 010 01 Žilina, Slovakia",51 mins,3070,34.2 km,34155
Rajecké Teplice,"[49.1290897, 18.7274995]","Poluvsie 181, 013 13 Rajecké Teplice, Slovakia",Žilina,"[49.22548275, 18.75052663]","Pavla Országha Hviezdoslava 36, 010 01 Žilina, Slovakia",20 mins,1203,15.2 km,15184
Rosina,"[49.18134909, 18.76578773]","Prostredná, 013 22 Rosina, Slovakia",Žilina,"[49.22548275, 18.75052663]","Pavla Országha Hviezdoslava 36, 010 01 Žilina, Slovakia",10 mins,608,6.3 km,6315
Stráňavy,"[49.15950939, 18.83229631]","Unnamed Road, 013 25 Stráňavy, Slovakia",Žilina,"[49.22548275, 18.75052663]","Pavla Országha Hviezdoslava 36, 010 01 Žilina, Slovakia",20 mins,1192,13.5 km,13476
Stránske,"[49.10653372, 18.74373073]","Unnamed Road, 013 13 Rajecké Teplice, Slovakia",Žilina,"[49.22548275, 18.75052663]","Pavla Országha Hviezdoslava 36, 010 01 Žilina, Slovakia",41 mins,2458,23.2 km,23227
Stráža,"[49.22787777, 18.90997012]","Stráža 175, 013 04 Stráža, Slovakia",Žilina,"[49.22548275, 18.75052663]","Pavla Országha Hviezdoslava 36, 010 01 Žilina, Slovakia",18 mins,1082,15.3 km,15264
Strečno,"[49.16998184, 18.86201437]","Hradná, 013 24 Strečno, Slovakia",Žilina,"[49.22548275, 18.75052663]","Pavla Országha Hviezdoslava 36, 010 01 Žilina, Slovakia",16 mins,989,12.0 km,11953
Svederník,"[49.27083797, 18.64985948]","Svederník 79, 013 32 Svederník, Slovakia",Žilina,"[49.22548275, 18.75052663]","Pavla Országha Hviezdoslava 36, 010 01 Žilina, Slovakia",15 mins,915,11.8 km,11822
Teplička nad Váhom,"[49.22516793, 18.79859349]","Doktor Karola Kmeťku 1-3, 013 01 Teplička nad Váhom, Slovakia",Žilina,"[49.22548275, 18.75052663]","Pavla Országha Hviezdoslava 36, 010 01 Žilina, Slovakia",10 mins,604,6.1 km,6132
Terchová,"[49.2537902, 19.05295696]","Unnamed Road, 013 06 Terchová, Slovakia",Žilina,"[49.22548275, 18.75052663]","Pavla Országha Hviezdoslava 36, 010 01 Žilina, Slovakia",30 mins,1822,27.0 km,27015
Turie,"[49.13014637, 18.77406519]","Unnamed Road, 013 12 Rajecké Teplice, Slovakia",Žilina,"[49.22548275, 18.75052663]","Pavla Országha Hviezdoslava 36, 010 01 Žilina, Slovakia",25 mins,1527,13.5 km,13522
Varín,"[49.20170191, 18.88264214]","Antona Horeckého 959, 013 03 Varín, Slovakia",Žilina,"[49.22548275, 18.75052663]","Pavla Országha Hviezdoslava 36, 010 01 Žilina, Slovakia",16 mins,979,13.2 km,13199
Veľká Čierna,"[49.09282598, 18.58280846]","Veľká Čierna 64, 015 01 Veľká Čierna, Slovakia",Žilina,"[49.22548275, 18.75052663]","Pavla Országha Hviezdoslava 36, 010 01 Žilina, Slovakia",34 mins,2038,27.3 km,27324
