Baškovce,"[48.78563464, 22.19936125]","Unnamed Road, 073 01 Baškovce, Slovakia",Sobrance,"[48.74423463, 22.18099432]","3754 2-24, 073 01 Sobrance, Slovakia",11 mins,635,6.1 km,6148
Beňatina,"[48.80130519, 22.33644052]","Unnamed Road, 072 64 Beňatina, Slovakia",Sobrance,"[48.74423463, 22.18099432]","3754 2-24, 073 01 Sobrance, Slovakia",21 mins,1285,17.9 km,17940
Bežovce,"[48.64709383, 22.13553469]","Unnamed Road, 072 53 Bežovce, Slovakia",Sobrance,"[48.74423463, 22.18099432]","3754 2-24, 073 01 Sobrance, Slovakia",24 mins,1438,19.9 km,19870
Blatná Polianka,"[48.68865641, 22.10476049]","Blatná Polianka 30, 072 44 Blatná Polianka, Slovakia",Sobrance,"[48.74423463, 22.18099432]","3754 2-24, 073 01 Sobrance, Slovakia",15 mins,910,12.2 km,12161
Blatné Remety,"[48.70879511, 22.0974982]","Unnamed Road, 072 44 Blatné Remety, Slovakia",Sobrance,"[48.74423463, 22.18099432]","3754 2-24, 073 01 Sobrance, Slovakia",14 mins,851,10.8 km,10809
Blatné Revištia,"[48.7347442, 22.0762492]","072 43 Blatné Revištia, Slovakia",Sobrance,"[48.74423463, 22.18099432]","3754 2-24, 073 01 Sobrance, Slovakia",12 mins,706,9.8 km,9781
Bunkovce,"[48.72203871, 22.11861656]","3797, 072 44 Bunkovce, Slovakia",Sobrance,"[48.74423463, 22.18099432]","3754 2-24, 073 01 Sobrance, Slovakia",8 mins,506,7.6 km,7641
Fekišovce,"[48.77326095, 22.09225576]","Fekišovce 70, 072 33 Fekišovce, Slovakia",Sobrance,"[48.74423463, 22.18099432]","3754 2-24, 073 01 Sobrance, Slovakia",11 mins,630,8.7 km,8745
Hlivištia,"[48.82144316, 22.22582673]","Unnamed Road, 073 01 Hlivištia, Slovakia",Sobrance,"[48.74423463, 22.18099432]","3754 2-24, 073 01 Sobrance, Slovakia",17 mins,991,9.8 km,9776
Horňa,"[48.76427074, 22.20233208]","073 01 Horňa, Slovakia",Sobrance,"[48.74423463, 22.18099432]","3754 2-24, 073 01 Sobrance, Slovakia",9 mins,517,4.1 km,4141
Husák,"[48.69258811, 22.28992887]","Unnamed Road, 072 51 Husák, Slovakia",Sobrance,"[48.74423463, 22.18099432]","3754 2-24, 073 01 Sobrance, Slovakia",18 mins,1065,15.6 km,15603
Choňkovce,"[48.79728778, 22.25039592]","566, 072 63 Choňkovce, Slovakia",Sobrance,"[48.74423463, 22.18099432]","3754 2-24, 073 01 Sobrance, Slovakia",10 mins,589,9.6 km,9589
Inovce,"[48.82334315, 22.35915511]","Inovce 39, 072 64 Inovce, Slovakia",Sobrance,"[48.74423463, 22.18099432]","3754 2-24, 073 01 Sobrance, Slovakia",23 mins,1396,20.0 km,19952
Jasenov,"[48.79698943, 22.16777106]","582, 072 42 Jasenov, Slovakia",Sobrance,"[48.74423463, 22.18099432]","3754 2-24, 073 01 Sobrance, Slovakia",8 mins,486,6.6 km,6561
Jenkovce,"[48.65733161, 22.2068974]","3754, 072 52 Jenkovce, Slovakia",Sobrance,"[48.74423463, 22.18099432]","3754 2-24, 073 01 Sobrance, Slovakia",13 mins,790,11.8 km,11751
Kolibabovce,"[48.716617, 22.25026903]","072 61 Kolibabovce, Slovakia",Sobrance,"[48.74423463, 22.18099432]","3754 2-24, 073 01 Sobrance, Slovakia",11 mins,680,8.3 km,8320
Koňuš,"[48.77707637, 22.29947465]","Unnamed Road, 072 63 Priekopa, Slovakia",Sobrance,"[48.74423463, 22.18099432]","3754 2-24, 073 01 Sobrance, Slovakia",17 mins,1038,11.9 km,11889
Koromľa,"[48.72444239, 22.29778995]","Unnamed Road, 072 62 Koromľa, Slovakia",Sobrance,"[48.74423463, 22.18099432]","3754 2-24, 073 01 Sobrance, Slovakia",13 mins,766,10.1 km,10126
Krčava,"[48.68394103, 22.25086178]","Krčava 153, 072 51 Krčava, Slovakia",Sobrance,"[48.74423463, 22.18099432]","3754 2-24, 073 01 Sobrance, Slovakia",12 mins,692,9.8 km,9753
Kristy,"[48.68054953, 22.178894]","Unnamed Road, 072 55 Kristy, Slovakia",Sobrance,"[48.74423463, 22.18099432]","3754 2-24, 073 01 Sobrance, Slovakia",12 mins,707,8.7 km,8653
