Miková,"[49.30213327, 21.82770738]","Unnamed Road, 090 24 Miková, Slovakia",Stropkov,"[49.19780166, 21.6634867]","Hlinky 1800/45, 091 01 Stropkov, Slovakia",27 mins,1616,23.7 km,23695
Miňovce,"[49.12995108, 21.65792315]","15, 090 32 Miňovce, Slovakia",Stropkov,"[49.19780166, 21.6634867]","Hlinky 1800/45, 091 01 Stropkov, Slovakia",10 mins,624,8.7 km,8714
Mrázovce,"[49.11682774, 21.67543463]","3573, 090 34 Mrázovce, Slovakia",Stropkov,"[49.19780166, 21.6634867]","Hlinky 1800/45, 091 01 Stropkov, Slovakia",14 mins,841,11.7 km,11716
Nižná Olšava,"[49.14644364, 21.63147218]","3574, 090 32 Nižná Olšava, Slovakia",Stropkov,"[49.19780166, 21.6634867]","Hlinky 1800/45, 091 01 Stropkov, Slovakia",11 mins,689,8.6 km,8570
Oľšavka,"[49.29612428, 21.68826147]","Oľšavka 30, 090 22 Oľšavka, Slovakia",Stropkov,"[49.19780166, 21.6634867]","Hlinky 1800/45, 091 01 Stropkov, Slovakia",17 mins,1009,13.5 km,13525
Potôčky,"[49.20742761, 21.71966201]","Potôčky 15, 091 01 Potôčky, Slovakia",Stropkov,"[49.19780166, 21.6634867]","Hlinky 1800/45, 091 01 Stropkov, Slovakia",17 mins,1017,10.4 km,10425
Potoky,"[49.26361544, 21.63204303]","Potoky 50, 091 01 Potoky, Slovakia",Stropkov,"[49.19780166, 21.6634867]","Hlinky 1800/45, 091 01 Stropkov, Slovakia",13 mins,806,9.1 km,9075
Kručov,"[49.1178971, 21.60363083]","556, 090 32 Kručov, Slovakia",Stropkov,"[49.19780166, 21.6634867]","Hlinky 1800/45, 091 01 Stropkov, Slovakia",15 mins,924,14.7 km,14730
Soľník,"[49.21499016, 21.74536539]","Soľník 25, 090 31 Soľník, Slovakia",Stropkov,"[49.19780166, 21.6634867]","Hlinky 1800/45, 091 01 Stropkov, Slovakia",22 mins,1306,18.0 km,17978
Staškovce,"[49.27928121, 21.75522922]","3587, 090 23 Staškovce, Slovakia",Stropkov,"[49.19780166, 21.6634867]","Hlinky 1800/45, 091 01 Stropkov, Slovakia",18 mins,1063,15.3 km,15307
Stropkov,"[49.19780166, 21.6634867]","Hlinky 1800/45, 091 01 Stropkov, Slovakia",Stropkov,"[49.19780166, 21.6634867]","Hlinky 1800/45, 091 01 Stropkov, Slovakia",1 min,0,1 m,0
Šandal,"[49.18860496, 21.61684347]","Šandal 27, 091 01 Šandal, Slovakia",Stropkov,"[49.19780166, 21.6634867]","Hlinky 1800/45, 091 01 Stropkov, Slovakia",10 mins,607,5.6 km,5615
Tisinec,"[49.22165289, 21.64359714]","Tisinec 88, 091 01 Tisinec, Slovakia",Stropkov,"[49.19780166, 21.6634867]","Hlinky 1800/45, 091 01 Stropkov, Slovakia",7 mins,442,3.9 km,3902
Tokajík,"[49.11060801, 21.70407538]","Tokajík 17, 090 34 Tokajík, Slovakia",Stropkov,"[49.19780166, 21.6634867]","Hlinky 1800/45, 091 01 Stropkov, Slovakia",19 mins,1161,15.6 km,15575
Turany nad Ondavou,"[49.0894442, 21.66421155]","15, 090 33 Turany nad Ondavou, Slovakia",Stropkov,"[49.19780166, 21.6634867]","Hlinky 1800/45, 091 01 Stropkov, Slovakia",14 mins,843,13.3 km,13291
Varechovce,"[49.22375394, 21.79806889]","Unnamed Road, 090 23 Varechovce, Slovakia",Stropkov,"[49.19780166, 21.6634867]","Hlinky 1800/45, 091 01 Stropkov, Slovakia",29 mins,1760,23.3 km,23267
Veľkrop,"[49.2358471, 21.75188993]","Veľkrop 69, 091 01 Veľkrop, Slovakia",Stropkov,"[49.19780166, 21.6634867]","Hlinky 1800/45, 091 01 Stropkov, Slovakia",20 mins,1181,15.0 km,15041
Vislava,"[49.28227613, 21.65884709]","3586, 090 21 Vislava, Slovakia",Stropkov,"[49.19780166, 21.6634867]","Hlinky 1800/45, 091 01 Stropkov, Slovakia",15 mins,878,11.6 km,11619
Vladiča,"[49.3233426, 21.78110596]","Driečna 64, 090 23 Vladiča, Slovakia",Stropkov,"[49.19780166, 21.6634867]","Hlinky 1800/45, 091 01 Stropkov, Slovakia",30 mins,1808,22.7 km,22675
Vojtovce,"[49.20508926, 21.69609083]","Vojtovce 26, 091 01 Vojtovce, Slovakia",Stropkov,"[49.19780166, 21.6634867]","Hlinky 1800/45, 091 01 Stropkov, Slovakia",10 mins,627,7.0 km,7043
