Úbrež,"[48.7892304, 22.12183172]","072 42 Úbrež, Slovakia",Sobrance,"[48.74423463, 22.18099432]","3754 2-24, 073 01 Sobrance, Slovakia",10 mins,603,9.2 km,9211
Veľké Revištia,"[48.7485296, 22.10283537]","3792, 072 43 Veľké Revištia, Slovakia",Sobrance,"[48.74423463, 22.18099432]","3754 2-24, 073 01 Sobrance, Slovakia",7 mins,414,6.8 km,6787
Vojnatina,"[48.73453086, 22.23466447]","3801, 072 61 Vojnatina, Slovakia",Sobrance,"[48.74423463, 22.18099432]","3754 2-24, 073 01 Sobrance, Slovakia",6 mins,338,4.5 km,4453
Vyšná Rybnica,"[48.86907619, 22.2149048]","Unnamed Road, 072 41 Vyšná Rybnica, Slovakia",Sobrance,"[48.74423463, 22.18099432]","3754 2-24, 073 01 Sobrance, Slovakia",20 mins,1222,19.3 km,19255
Vyšné Nemecké,"[48.65984055, 22.26436027]","3791, 072 51 Vyšné Nemecké, Slovakia",Sobrance,"[48.74423463, 22.18099432]","3754 2-24, 073 01 Sobrance, Slovakia",13 mins,808,12.1 km,12135
Vyšné Remety,"[48.82406373, 22.16050229]","072 41 Vyšné Remety, Slovakia",Sobrance,"[48.74423463, 22.18099432]","3754 2-24, 073 01 Sobrance, Slovakia",14 mins,815,13.6 km,13566
Záhor,"[48.62847301, 22.20260356]","3809, 072 53 Záhor, Slovakia",Sobrance,"[48.74423463, 22.18099432]","3754 2-24, 073 01 Sobrance, Slovakia",17 mins,1019,15.3 km,15337
