Polomka,"[48.85330603, 19.86149827]","Osloboditeľov 1042/55, 976 66 Polomka, Slovakia",Brezno,"[48.81930441, 19.67905838]","Padličkovo 1290/7, 977 01 Brezno-Bujakovo, Slovakia",16 mins,940,15.5 km,15506
Predajná,"[48.79885719, 19.47557581]","Unnamed Road, 976 63 Predajná, Slovakia",Brezno,"[48.81930441, 19.67905838]","Padličkovo 1290/7, 977 01 Brezno-Bujakovo, Slovakia",29 mins,1710,22.1 km,22104
Ráztoka,"[48.828632, 19.39961747]","Ráztoka 216, 976 97 Ráztoka, Slovakia",Brezno,"[48.81930441, 19.67905838]","Padličkovo 1290/7, 977 01 Brezno-Bujakovo, Slovakia",31 mins,1834,26.7 km,26654
Sihla,"[48.66574925, 19.6095539]","Unnamed Road, 976 53 Sihla, Slovakia",Brezno,"[48.81930441, 19.67905838]","Padličkovo 1290/7, 977 01 Brezno-Bujakovo, Slovakia",37 mins,2212,28.6 km,28565
Šumiac,"[48.83817372, 20.11220753]","Studnička 727, 976 71 Šumiac, Slovakia",Brezno,"[48.81930441, 19.67905838]","Padličkovo 1290/7, 977 01 Brezno-Bujakovo, Slovakia",43 mins,2596,39.9 km,39902
Telgárt,"[48.85549469, 20.19659267]","Telgárt 112, 976 73 Telgárt, Slovakia",Brezno,"[48.81930441, 19.67905838]","Padličkovo 1290/7, 977 01 Brezno-Bujakovo, Slovakia",43 mins,2606,44.4 km,44389
Valaská,"[48.74089602, 19.56431793]","Unnamed Road, 976 46 Valaská, Slovakia",Brezno,"[48.81930441, 19.67905838]","Padličkovo 1290/7, 977 01 Brezno-Bujakovo, Slovakia",59 mins,3517,22.1 km,22147
Vaľkovňa,"[48.81955122, 20.03786725]","Unnamed Road, 976 69 Vaľkovňa, Slovakia",Brezno,"[48.81930441, 19.67905838]","Padličkovo 1290/7, 977 01 Brezno-Bujakovo, Slovakia",38 mins,2301,32.7 km,32697
Závadka nad Hronom,"[48.83512211, 19.93053286]","Unnamed Road, 976 67 Závadka nad Hronom, Slovakia",Brezno,"[48.81930441, 19.67905838]","Padličkovo 1290/7, 977 01 Brezno-Bujakovo, Slovakia",32 mins,1916,22.1 km,22085
Bystrá,"[48.88930402, 19.61688488]","584, Horná Lehota, Slovakia",Brezno,"[48.81930441, 19.67905838]","Padličkovo 1290/7, 977 01 Brezno-Bujakovo, Slovakia",19 mins,1169,17.1 km,17084
