Čadca,"[49.44263883, 18.79958293]","Čadca 2712, 022 01 Čadca, Slovakia",Čadca,"[49.44263883, 18.79958293]","Čadca 2712, 022 01 Čadca, Slovakia",1 min,0,1 m,0
Čierne,"[49.49813542, 18.83672278]","12, 023 13 Čierne, Slovakia",Čadca,"[49.44263883, 18.79958293]","Čadca 2712, 022 01 Čadca, Slovakia",19 mins,1154,12.5 km,12461
Dlhá nad Kysucou,"[49.37162105, 18.6573109]","Unnamed Road, 023 54 Dlhá nad Kysucou, Slovakia",Čadca,"[49.44263883, 18.79958293]","Čadca 2712, 022 01 Čadca, Slovakia",37 mins,2231,24.0 km,24043
Dunajov,"[49.36738832, 18.80584558]","Unnamed Road, 023 02 Dunajov, Slovakia",Čadca,"[49.44263883, 18.79958293]","Čadca 2712, 022 01 Čadca, Slovakia",24 mins,1449,14.7 km,14745
Klokočov,"[49.46736268, 18.58204412]","Klokočov 942, 023 22 Klokočov, Slovakia",Čadca,"[49.44263883, 18.79958293]","Čadca 2712, 022 01 Čadca, Slovakia",37 mins,2208,24.3 km,24341
Klubina,"[49.37921417, 18.91587352]","Unnamed Road, 023 04 Klubina, Slovakia",Čadca,"[49.44263883, 18.79958293]","Čadca 2712, 022 01 Čadca, Slovakia",31 mins,1888,19.2 km,19152
Korňa,"[49.41932415, 18.54340568]","023 21 Korňa, Slovakia",Čadca,"[49.44263883, 18.79958293]","Čadca 2712, 022 01 Čadca, Slovakia",39 mins,2329,26.3 km,26344
Krásno nad Kysucou,"[49.38973555, 18.83785843]","E75, 023 02 Krásno nad Kysucou, Slovakia",Čadca,"[49.44263883, 18.79958293]","Čadca 2712, 022 01 Čadca, Slovakia",13 mins,755,10.1 km,10083
Makov,"[49.35878555, 18.43999633]","2019, 023 56 Makov, Slovakia",Čadca,"[49.44263883, 18.79958293]","Čadca 2712, 022 01 Čadca, Slovakia",47 mins,2810,33.9 km,33940
Nová Bystrica,"[49.35490764, 19.06048912]","Unnamed Road, 023 05 Nová Bystrica, Slovakia",Čadca,"[49.44263883, 18.79958293]","Čadca 2712, 022 01 Čadca, Slovakia",37 mins,2213,30.3 km,30332
Olešná,"[49.43046643, 18.65225765]","Unnamed Road, 023 52 Olešná, Slovakia",Čadca,"[49.44263883, 18.79958293]","Čadca 2712, 022 01 Čadca, Slovakia",29 mins,1716,17.0 km,16989
Oščadnica,"[49.43996651, 18.91314387]","Oščadnica 1444, 023 01 Oščadnica, Slovakia",Čadca,"[49.44263883, 18.79958293]","Čadca 2712, 022 01 Čadca, Slovakia",18 mins,1105,12.7 km,12745
Podvysoká,"[49.4051046, 18.66288868]","Podvysoká, Slovakia",Čadca,"[49.44263883, 18.79958293]","Čadca 2712, 022 01 Čadca, Slovakia",27 mins,1591,15.9 km,15875
Radôstka,"[49.32051357, 18.93884667]","Kadašovci 273, 023 04 Radôstka, Slovakia",Čadca,"[49.44263883, 18.79958293]","Čadca 2712, 022 01 Čadca, Slovakia",28 mins,1691,21.9 km,21872
Raková,"[49.45948213, 18.71641284]","Smerečkovci 1215, 023 51 Raková, Slovakia",Čadca,"[49.44263883, 18.79958293]","Čadca 2712, 022 01 Čadca, Slovakia",19 mins,1142,10.2 km,10242
Skalité,"[49.49490645, 18.91691131]","12, 023 14 Skalité, Slovakia",Čadca,"[49.44263883, 18.79958293]","Čadca 2712, 022 01 Čadca, Slovakia",28 mins,1661,19.8 km,19799
Stará Bystrica,"[49.35616501, 18.94235184]","Unnamed Road, 023 04 Stará Bystrica, Slovakia",Čadca,"[49.44263883, 18.79958293]","Čadca 2712, 022 01 Čadca, Slovakia",29 mins,1711,21.1 km,21060
Staškov,"[49.44424183, 18.68155474]","Staškov 784, 023 53 Staškov, Slovakia",Čadca,"[49.44263883, 18.79958293]","Čadca 2712, 022 01 Čadca, Slovakia",24 mins,1433,13.2 km,13199
Svrčinovec,"[49.48249204, 18.79000546]","Svrčinovec 353, 023 12 Svrčinovec, Slovakia",Čadca,"[49.44263883, 18.79958293]","Čadca 2712, 022 01 Čadca, Slovakia",17 mins,990,9.3 km,9308
Turzovka,"[49.39888224, 18.61214445]","Vyšný Koniec, 023 54 Turzovka, Slovakia",Čadca,"[49.44263883, 18.79958293]","Čadca 2712, 022 01 Čadca, Slovakia",32 mins,1897,19.6 km,19571
