Záhorie (vojenský obvod),"[48.52545862, 17.19701568]","Unnamed Road, 901 01, Slovakia",Malacky,"[48.43849704, 17.02211008]","Na brehu 4, 901 01 Malacky, Slovakia",21 mins,1247,16.3 km,16284
Malé Leváre,"[48.50481284, 16.95614211]","Unnamed Road, 908 74 Malé Leváre, Slovakia",Malacky,"[48.43849704, 17.02211008]","Na brehu 4, 901 01 Malacky, Slovakia",17 mins,1010,11.9 km,11920
Plavecké Podhradie,"[48.48104521, 17.27364599]","Plavecké Podhradie 171, 906 36 Plavecké Podhradie, Slovakia",Malacky,"[48.43849704, 17.02211008]","Na brehu 4, 901 01 Malacky, Slovakia",24 mins,1469,22.2 km,22156
Plavecký Mikuláš,"[48.50952831, 17.30104307]","Plavecký Mikuláš 386, 906 35 Plavecký Mikuláš, Slovakia",Malacky,"[48.43849704, 17.02211008]","Na brehu 4, 901 01 Malacky, Slovakia",29 mins,1717,26.0 km,26022
Rohožník,"[48.43960152, 17.19492559]","Unnamed Road, Sološnica, Slovakia",Malacky,"[48.43849704, 17.02211008]","Na brehu 4, 901 01 Malacky, Slovakia",28 mins,1663,21.2 km,21177
Sološnica,"[48.46150621, 17.23673401]","Sološnica 229, 906 37 Sološnica, Slovakia",Malacky,"[48.43849704, 17.02211008]","Na brehu 4, 901 01 Malacky, Slovakia",21 mins,1237,18.1 km,18092
Studienka,"[48.52953615, 17.13628441]","Studienka 291, 908 75 Studienka, Slovakia",Malacky,"[48.43849704, 17.02211008]","Na brehu 4, 901 01 Malacky, Slovakia",16 mins,963,14.9 km,14857
Veľké Leváre,"[48.50716831, 17.00296263]","Družstevná 615, 908 73 Veľké Leváre, Slovakia",Malacky,"[48.43849704, 17.02211008]","Na brehu 4, 901 01 Malacky, Slovakia",11 mins,639,8.8 km,8763
Závod,"[48.54526049, 17.05157863]","Unnamed Road, 908 72 Závod, Slovakia",Malacky,"[48.43849704, 17.02211008]","Na brehu 4, 901 01 Malacky, Slovakia",20 mins,1216,15.2 km,15216
Borinka,"[48.2514619, 17.10705607]","Borinka 404, 900 32 Borinka, Slovakia",Malacky,"[48.43849704, 17.02211008]","Na brehu 4, 901 01 Malacky, Slovakia",27 mins,1612,27.2 km,27237
Gajary,"[48.45940871, 16.91508932]","Unnamed Road, 900 61 Gajary, Slovakia",Malacky,"[48.43849704, 17.02211008]","Na brehu 4, 901 01 Malacky, Slovakia",14 mins,853,9.5 km,9536
Jablonové,"[48.34810938, 17.09305682]","Jablonové 290, 900 54 Jablonové, Slovakia",Malacky,"[48.43849704, 17.02211008]","Na brehu 4, 901 01 Malacky, Slovakia",18 mins,1079,16.8 km,16810
Jakubov,"[48.41053828, 16.92873849]","Jakubov, Slovakia",Malacky,"[48.43849704, 17.02211008]","Na brehu 4, 901 01 Malacky, Slovakia",12 mins,747,9.4 km,9398
Kostolište,"[48.44617843, 16.98261765]","Kostolište 200, 900 62 Kostolište, Slovakia",Malacky,"[48.43849704, 17.02211008]","Na brehu 4, 901 01 Malacky, Slovakia",7 mins,446,3.5 km,3491
Kuchyňa,"[48.40518242, 17.18063581]","Unnamed Road, 900 52 Kuchyňa, Slovakia",Malacky,"[48.43849704, 17.02211008]","Na brehu 4, 901 01 Malacky, Slovakia",23 mins,1390,19.4 km,19367
Láb,"[48.36050999, 16.9560403]","Unnamed Road, 900 67 Láb, Slovakia",Malacky,"[48.43849704, 17.02211008]","Na brehu 4, 901 01 Malacky, Slovakia",22 mins,1321,13.6 km,13594
Lozorno,"[48.31916891, 17.07313008]","Unnamed Road, 900 55 Lozorno, Slovakia",Malacky,"[48.43849704, 17.02211008]","Na brehu 4, 901 01 Malacky, Slovakia",23 mins,1354,19.4 km,19364
Malacky,"[48.43849704, 17.02211008]","Na brehu 4, 901 01 Malacky, Slovakia",Malacky,"[48.43849704, 17.02211008]","Na brehu 4, 901 01 Malacky, Slovakia",1 min,0,1 m,0
Marianka,"[48.24691035, 17.06452874]","Lesná 13, 900 33 Marianka, Slovakia",Malacky,"[48.43849704, 17.02211008]","Na brehu 4, 901 01 Malacky, Slovakia",26 mins,1551,29.3 km,29331
Pernek,"[48.36667673, 17.15310375]","Pernek 126, 900 53 Pernek, Slovakia",Malacky,"[48.43849704, 17.02211008]","Na brehu 4, 901 01 Malacky, Slovakia",14 mins,861,13.4 km,13416
