Lekárovce,"[48.60105521, 22.15204501]","Lekárovce 497, 072 54 Lekárovce, Slovakia",Sobrance,"[48.74423463, 22.18099432]","3754 2-24, 073 01 Sobrance, Slovakia",24 mins,1412,21.5 km,21474
Nižná Rybnica,"[48.74843061, 22.14313354]","073 01 Nižná Rybnica, Slovakia",Sobrance,"[48.74423463, 22.18099432]","3754 2-24, 073 01 Sobrance, Slovakia",5 mins,322,3.4 km,3414
Nižné Nemecké,"[48.6497997, 22.23760123]","3805, 072 52 Nižné Nemecké, Slovakia",Sobrance,"[48.74423463, 22.18099432]","3754 2-24, 073 01 Sobrance, Slovakia",17 mins,1012,15.3 km,15280
Orechová,"[48.70762021, 22.22827148]","Orechová 65, 072 51 Orechová, Slovakia",Sobrance,"[48.74423463, 22.18099432]","3754 2-24, 073 01 Sobrance, Slovakia",8 mins,479,6.7 km,6662
Ostrov,"[48.71819263, 22.16138024]","Ostrov 76, 072 55 Ostrov, Slovakia",Sobrance,"[48.74423463, 22.18099432]","3754 2-24, 073 01 Sobrance, Slovakia",6 mins,361,3.5 km,3512
Petrovce,"[48.71166683, 22.33295655]","072 62 Petrovce, Slovakia",Sobrance,"[48.74423463, 22.18099432]","3754 2-24, 073 01 Sobrance, Slovakia",18 mins,1061,13.8 km,13842
Pinkovce,"[48.61238749, 22.18218917]","072 54 Pinkovce, Slovakia",Sobrance,"[48.74423463, 22.18099432]","3754 2-24, 073 01 Sobrance, Slovakia",20 mins,1227,17.8 km,17757
Podhoroď,"[48.82865196, 22.29145853]","Unnamed Road, 072 64 Podhoroď, Slovakia",Sobrance,"[48.74423463, 22.18099432]","3754 2-24, 073 01 Sobrance, Slovakia",19 mins,1111,15.7 km,15687
Porostov,"[48.69844787, 22.16874399]","Porostov 45, 072 55 Porostov, Slovakia",Sobrance,"[48.74423463, 22.18099432]","3754 2-24, 073 01 Sobrance, Slovakia",9 mins,520,6.2 km,6172
Porúbka,"[48.7397044, 22.28983393]","Unnamed Road, 072 61 Porúbka, Slovakia",Sobrance,"[48.74423463, 22.18099432]","3754 2-24, 073 01 Sobrance, Slovakia",11 mins,665,8.3 km,8338
Priekopa,"[48.75605721, 22.29259048]","Unnamed Road, 072 61 Priekopa, Slovakia",Sobrance,"[48.74423463, 22.18099432]","3754 2-24, 073 01 Sobrance, Slovakia",19 mins,1166,12.1 km,12113
Remetské Hámre,"[48.88128315, 22.1815632]","Unnamed Road, 072 41 Vyšná Rybnica, Slovakia",Sobrance,"[48.74423463, 22.18099432]","3754 2-24, 073 01 Sobrance, Slovakia",19 mins,1150,18.4 km,18389
Ruská Bystrá,"[48.85615601, 22.29277787]","Ruská Bystrá 59, 072 64 Ruská Bystrá, Slovakia",Sobrance,"[48.74423463, 22.18099432]","3754 2-24, 073 01 Sobrance, Slovakia",26 mins,1574,25.5 km,25524
Ruskovce,"[48.77358212, 22.15931353]","Ruskovce 33, 072 42 Ruskovce, Slovakia",Sobrance,"[48.74423463, 22.18099432]","3754 2-24, 073 01 Sobrance, Slovakia",7 mins,420,4.5 km,4548
Ruský Hrabovec,"[48.85375827, 22.3487761]","Ruský Hrabovec 109, 072 64 Ruský Hrabovec, Slovakia",Sobrance,"[48.74423463, 22.18099432]","3754 2-24, 073 01 Sobrance, Slovakia",22 mins,1309,20.8 km,20802
Sejkov,"[48.68992384, 22.21666156]","Unnamed Road, 072 51 Sejkov, Slovakia",Sobrance,"[48.74423463, 22.18099432]","3754 2-24, 073 01 Sobrance, Slovakia",14 mins,848,10.8 km,10795
Sobrance,"[48.74423463, 22.18099432]","3754 2-24, 073 01 Sobrance, Slovakia",Sobrance,"[48.74423463, 22.18099432]","3754 2-24, 073 01 Sobrance, Slovakia",1 min,0,1 m,0
Svätuš,"[48.68398283, 22.1385774]","3743, 072 55 Svätuš, Slovakia",Sobrance,"[48.74423463, 22.18099432]","3754 2-24, 073 01 Sobrance, Slovakia",12 mins,748,11.1 km,11122
Tašuľa,"[48.66482832, 22.15809696]","Unnamed Road, 072 52 Tašuľa, Slovakia",Sobrance,"[48.74423463, 22.18099432]","3754 2-24, 073 01 Sobrance, Slovakia",28 mins,1674,24.2 km,24212
Tibava,"[48.73640495, 22.21308797]","3801, 073 01 Tibava, Slovakia",Sobrance,"[48.74423463, 22.18099432]","3754 2-24, 073 01 Sobrance, Slovakia",4 mins,228,2.7 km,2696
