Košice-Barca,"[48.66994542, 21.26203675]","Košice-Barca, Slovakia",Košice IV,Košice IV,"Košice IV, Slovakia",13 mins,778,6.5 km,6453
Košice-Šebastovce,"[48.65393953, 21.26538679]","Rozmarínová 22, 040 17 Šebastovce, Slovakia",Košice IV,Košice IV,"Košice IV, Slovakia",14 mins,824,8.6 km,8560
Košice-Krásna,"[48.67865383, 21.32228572]","Rešov majer, 040 18 Krásna, Slovakia",Košice IV,Košice IV,"Košice IV, Slovakia",7 mins,414,3.9 km,3859
Košice-Nad jazerom,"[48.68361962, 21.28837916]","Slanecká, 040 12 Nad jazerom, Slovakia",Košice IV,Košice IV,"Košice IV, Slovakia",4 mins,215,2.1 km,2089
Košice-Juh,"[48.70010275, 21.25996073]","Rastislavova 1608/94, 040 01 Košice, Slovakia",Košice IV,Košice IV,"Košice IV, Slovakia",9 mins,560,5.6 km,5607
Košice-Vyšné Opátske,"[48.7107084, 21.28663095]","Nižný Heringeš 2029/2, 040 01 Košice, Slovakia",Košice IV,Košice IV,"Košice IV, Slovakia",14 mins,868,7.5 km,7493
