Baňa,"[49.21680509, 21.60777435]","Baňa 50, 091 01 Baňa, Slovakia",Stropkov,"[49.19780166, 21.6634867]","Hlinky 1800/45, 091 01 Stropkov, Slovakia",17 mins,1004,7.4 km,7444
Breznica,"[49.16051579, 21.66721909]","Breznica 273, 091 01 Breznica, Slovakia",Stropkov,"[49.19780166, 21.6634867]","Hlinky 1800/45, 091 01 Stropkov, Slovakia",8 mins,482,5.3 km,5294
Breznička,"[49.22518681, 21.70863567]","Breznička 44, 091 01 Breznička, Slovakia",Stropkov,"[49.19780166, 21.6634867]","Hlinky 1800/45, 091 01 Stropkov, Slovakia",13 mins,786,9.5 km,9456
Brusnica,"[49.14953258, 21.70364169]","Brusnica 66, 090 31 Brusnica, Slovakia",Stropkov,"[49.19780166, 21.6634867]","Hlinky 1800/45, 091 01 Stropkov, Slovakia",12 mins,730,9.3 km,9268
Bukovce,"[49.26876493, 21.71318689]","575, 090 22 Bukovce, Slovakia",Stropkov,"[49.19780166, 21.6634867]","Hlinky 1800/45, 091 01 Stropkov, Slovakia",13 mins,766,10.6 km,10636
Bystrá,"[49.24590752, 21.82045492]","090 23 Bystrá, Slovakia",Stropkov,"[49.19780166, 21.6634867]","Hlinky 1800/45, 091 01 Stropkov, Slovakia",23 mins,1393,19.7 km,19737
Bžany,"[49.0710319, 21.64023478]","Unnamed Road, 090 33 Bžany, Slovakia",Stropkov,"[49.19780166, 21.6634867]","Hlinky 1800/45, 091 01 Stropkov, Slovakia",18 mins,1089,15.8 km,15782
Duplín,"[49.23661592, 21.62274299]","Duplín 29, 091 01 Duplín, Slovakia",Stropkov,"[49.19780166, 21.6634867]","Hlinky 1800/45, 091 01 Stropkov, Slovakia",9 mins,544,6.0 km,6003
Gribov,"[49.29998838, 21.72065262]","3546, 090 22 Gribov, Slovakia",Stropkov,"[49.19780166, 21.6634867]","Hlinky 1800/45, 091 01 Stropkov, Slovakia",17 mins,1045,13.9 km,13929
Havaj,"[49.25857686, 21.79343426]","575, 090 23 Havaj, Slovakia",Stropkov,"[49.19780166, 21.6634867]","Hlinky 1800/45, 091 01 Stropkov, Slovakia",18 mins,1101,16.9 km,16898
Chotča,"[49.24142465, 21.69532432]","Unnamed Road, 090 21 Chotča, Slovakia",Stropkov,"[49.19780166, 21.6634867]","Hlinky 1800/45, 091 01 Stropkov, Slovakia",17 mins,1005,9.1 km,9069
Jakušovce,"[49.15716165, 21.75327424]","Jakušovce 20, 090 31 Jakušovce, Slovakia",Stropkov,"[49.19780166, 21.6634867]","Hlinky 1800/45, 091 01 Stropkov, Slovakia",20 mins,1219,13.9 km,13856
Kolbovce,"[49.17390485, 21.7339865]","3577, 090 31 Kolbovce, Slovakia",Stropkov,"[49.19780166, 21.6634867]","Hlinky 1800/45, 091 01 Stropkov, Slovakia",16 mins,960,12.9 km,12903
Korunková,"[49.19858886, 21.7575759]","3578, 090 31 Korunková, Slovakia",Stropkov,"[49.19780166, 21.6634867]","Hlinky 1800/45, 091 01 Stropkov, Slovakia",22 mins,1297,17.1 km,17081
Kožuchovce,"[49.3245896, 21.70302818]","090 22 Kožuchovce, Slovakia",Stropkov,"[49.19780166, 21.6634867]","Hlinky 1800/45, 091 01 Stropkov, Slovakia",21 mins,1262,17.0 km,17012
Krišľovce,"[49.13705511, 21.72531315]","Krišľovce 19, 090 31 Krišľovce, Slovakia",Stropkov,"[49.19780166, 21.6634867]","Hlinky 1800/45, 091 01 Stropkov, Slovakia",20 mins,1206,12.1 km,12107
Krušinec,"[49.23692685, 21.65740092]","091 01 Krušinec, Slovakia",Stropkov,"[49.19780166, 21.6634867]","Hlinky 1800/45, 091 01 Stropkov, Slovakia",11 mins,650,5.6 km,5635
Lomné,"[49.10694489, 21.62817751]","Lomné 37, 090 33 Lomné, Slovakia",Stropkov,"[49.19780166, 21.6634867]","Hlinky 1800/45, 091 01 Stropkov, Slovakia",16 mins,972,13.2 km,13234
Makovce,"[49.25600329, 21.74784331]","Makovce 53, 090 23 Makovce, Slovakia",Stropkov,"[49.19780166, 21.6634867]","Hlinky 1800/45, 091 01 Stropkov, Slovakia",17 mins,1020,13.9 km,13869
Malá Poľana,"[49.27978932, 21.82743964]","575, 090 24 Malá Poľana, Slovakia",Stropkov,"[49.19780166, 21.6634867]","Hlinky 1800/45, 091 01 Stropkov, Slovakia",21 mins,1285,20.8 km,20768
