Plavecký Štvrtok,"[48.39286288, 16.97932853]","Unnamed Road, 900 68 Plavecký Štvrtok, Slovakia",Malacky,"[48.43849704, 17.02211008]","Na brehu 4, 901 01 Malacky, Slovakia",14 mins,832,6.9 km,6911
Stupava,"[48.28023445, 17.02859785]","Pažitná 141/6, 900 31 Stupava, Slovakia",Malacky,"[48.43849704, 17.02211008]","Na brehu 4, 901 01 Malacky, Slovakia",17 mins,999,19.8 km,19848
Suchohrad,"[48.405087, 16.87935477]","Unnamed Road, 900 64 Suchohrad, Slovakia",Malacky,"[48.43849704, 17.02211008]","Na brehu 4, 901 01 Malacky, Slovakia",16 mins,962,13.9 km,13947
Vysoká pri Morave,"[48.32862498, 16.90717604]","Zemianske III. 167/1, 900 66 Vysoká pri Morave, Slovakia",Malacky,"[48.43849704, 17.02211008]","Na brehu 4, 901 01 Malacky, Slovakia",28 mins,1665,24.3 km,24332
Záhorská Ves,"[48.37579541, 16.86788117]","1106, 900 65 Záhorská Ves, Slovakia",Malacky,"[48.43849704, 17.02211008]","Na brehu 4, 901 01 Malacky, Slovakia",19 mins,1154,17.8 km,17839
Zohor,"[48.31974728, 16.97589083]","Na pasienkoch 5, 900 51 Zohor, Slovakia",Malacky,"[48.43849704, 17.02211008]","Na brehu 4, 901 01 Malacky, Slovakia",17 mins,1035,18.6 km,18595
