Martin,"[49.08433868, 18.89086064]","Korunovo 10-15, 036 01 Martin, Slovakia",Martin,"[49.08433868, 18.89086064]","Korunovo 10-15, 036 01 Martin, Slovakia",1 min,0,1 m,0
Belá-Dulice,"[48.97988738, 19.05017632]","Unnamed Road, 038 11 Belá - Dulice, Slovakia",Martin,"[49.08433868, 18.89086064]","Korunovo 10-15, 036 01 Martin, Slovakia",43 mins,2559,23.4 km,23411
Benice,"[48.99184651, 18.86706653]","519, 038 42 Benice, Slovakia",Martin,"[49.08433868, 18.89086064]","Korunovo 10-15, 036 01 Martin, Slovakia",16 mins,963,13.5 km,13506
Blatnica,"[48.92072653, 18.99102103]","Unnamed Road, 038 15 Blatnica, Slovakia",Martin,"[49.08433868, 18.89086064]","Korunovo 10-15, 036 01 Martin, Slovakia",52 mins,3146,29.3 km,29253
Bystrička,"[49.05683348, 18.84220717]","Unnamed Road, 038 04 Bystrička, Slovakia",Martin,"[49.08433868, 18.89086064]","Korunovo 10-15, 036 01 Martin, Slovakia",18 mins,1109,7.3 km,7295
Ďanová,"[48.97819924, 18.92256979]","2140, 038 42 Ďanová, Slovakia",Martin,"[49.08433868, 18.89086064]","Korunovo 10-15, 036 01 Martin, Slovakia",18 mins,1101,15.8 km,15775
Diaková,"[49.05714545, 18.97030612]","Unnamed Road, 038 02 Diaková, Slovakia",Martin,"[49.08433868, 18.89086064]","Korunovo 10-15, 036 01 Martin, Slovakia",19 mins,1119,9.0 km,8952
Dolný Kalník,"[49.04052686, 18.96458061]","Dolný Kalník 19, 038 02 Dolný Kalník, Slovakia",Martin,"[49.08433868, 18.89086064]","Korunovo 10-15, 036 01 Martin, Slovakia",15 mins,895,9.0 km,9046
Dražkovce,"[49.04911815, 18.95107404]","2145, 038 02 Dražkovce, Slovakia",Martin,"[49.08433868, 18.89086064]","Korunovo 10-15, 036 01 Martin, Slovakia",12 mins,707,7.5 km,7471
Folkušová,"[48.97122902, 18.95648176]","2132, Necpaly, Slovakia",Martin,"[49.08433868, 18.89086064]","Korunovo 10-15, 036 01 Martin, Slovakia",22 mins,1303,18.7 km,18720
Horný Kalník,"[49.03044594, 18.96559074]","Horný Kalník 30, 038 02 Horný Kalník, Slovakia",Martin,"[49.08433868, 18.89086064]","Korunovo 10-15, 036 01 Martin, Slovakia",18 mins,1070,10.2 km,10221
Karlová,"[48.95997649, 18.90223065]","65, 038 15 Karlová, Slovakia",Martin,"[49.08433868, 18.89086064]","Korunovo 10-15, 036 01 Martin, Slovakia",17 mins,1010,16.2 km,16227
Kláštor pod Znievom,"[48.97981813, 18.7759275]","1796, 038 43 Kláštor pod Znievom, Slovakia",Martin,"[49.08433868, 18.89086064]","Korunovo 10-15, 036 01 Martin, Slovakia",25 mins,1527,23.3 km,23348
Košťany nad Turcom,"[49.02138912, 18.9070989]","65, 038 41 Košťany nad Turcom, Slovakia",Martin,"[49.08433868, 18.89086064]","Korunovo 10-15, 036 01 Martin, Slovakia",11 mins,674,8.7 km,8681
Krpeľany,"[49.12396125, 19.11119721]","Unnamed Road, 038 54 Krpeľany, Slovakia",Martin,"[49.08433868, 18.89086064]","Korunovo 10-15, 036 01 Martin, Slovakia",28 mins,1672,25.1 km,25086
Laskár,"[48.95965862, 18.88624108]","2154, Laskár, Slovakia",Martin,"[49.08433868, 18.89086064]","Korunovo 10-15, 036 01 Martin, Slovakia",19 mins,1154,18.1 km,18125
Ležiachov,"[48.98203932, 18.852575]","519, 038 42 Ležiachov, Slovakia",Martin,"[49.08433868, 18.89086064]","Korunovo 10-15, 036 01 Martin, Slovakia",26 mins,1553,22.9 km,22899
Lipovec,"[49.14778412, 18.917848]","Unnamed Road, Lipovec, Slovakia",Martin,"[49.08433868, 18.89086064]","Korunovo 10-15, 036 01 Martin, Slovakia",36 mins,2150,17.4 km,17448
Necpaly,"[48.96552082, 19.01215458]","Unnamed Road, 038 12 Necpaly, Slovakia",Martin,"[49.08433868, 18.89086064]","Korunovo 10-15, 036 01 Martin, Slovakia",36 mins,2136,19.6 km,19647
Nolčovo,"[49.08872429, 19.09740503]","Unnamed Road, 038 54 Nolčovo, Slovakia",Martin,"[49.08433868, 18.89086064]","Korunovo 10-15, 036 01 Martin, Slovakia",32 mins,1907,28.3 km,28331
