Nové Mesto nad Váhom,"[48.75591354, 17.82260117]","Poľovnícka 10-11, 915 01 Nové Mesto nad Váhom, Slovakia",Nové Mesto nad Váhom,"[48.75591354, 17.82260117]","Poľovnícka 10-11, 915 01 Nové Mesto nad Váhom, Slovakia",1 min,0,1 m,0
Očkov,"[48.65472126, 17.75543814]","504, 916 22 Očkov, Slovakia",Nové Mesto nad Váhom,"[48.75591354, 17.82260117]","Poľovnícka 10-11, 915 01 Nové Mesto nad Váhom, Slovakia",16 mins,951,13.5 km,13461
Pobedim,"[48.65356138, 17.8078967]","Pobedim 336, 916 23 Pobedim, Slovakia",Nové Mesto nad Váhom,"[48.75591354, 17.82260117]","Poľovnícka 10-11, 915 01 Nové Mesto nad Váhom, Slovakia",19 mins,1142,15.5 km,15465
Podolie,"[48.67213276, 17.76174061]","504, 916 22 Podolie, Slovakia",Nové Mesto nad Váhom,"[48.75591354, 17.82260117]","Poľovnícka 10-11, 915 01 Nové Mesto nad Váhom, Slovakia",14 mins,844,11.5 km,11455
Potvorice,"[48.69017396, 17.85310074]","Potvorice 21, 916 25 Potvorice, Slovakia",Nové Mesto nad Váhom,"[48.75591354, 17.82260117]","Poľovnícka 10-11, 915 01 Nové Mesto nad Váhom, Slovakia",13 mins,803,9.4 km,9396
Považany,"[48.70927134, 17.84882748]","Považany 134, 916 26 Považany, Slovakia",Nové Mesto nad Váhom,"[48.75591354, 17.82260117]","Poľovnícka 10-11, 915 01 Nové Mesto nad Váhom, Slovakia",11 mins,650,6.8 km,6848
Stará Lehota,"[48.64190988, 17.95742886]","Stará Lehota 138, 916 35 Stará Lehota, Slovakia",Nové Mesto nad Váhom,"[48.75591354, 17.82260117]","Poľovnícka 10-11, 915 01 Nové Mesto nad Váhom, Slovakia",32 mins,1902,28.5 km,28489
Stará Turá,"[48.8019929, 17.66086051]","1237, 916 01 Stará Turá-Topolecká, Slovakia",Nové Mesto nad Váhom,"[48.75591354, 17.82260117]","Poľovnícka 10-11, 915 01 Nové Mesto nad Váhom, Slovakia",19 mins,1128,16.8 km,16785
Trenčianske Bohuslavice,"[48.79650589, 17.85957744]","1223, 913 07 Trenčianske Bohuslavice, Slovakia",Nové Mesto nad Váhom,"[48.75591354, 17.82260117]","Poľovnícka 10-11, 915 01 Nové Mesto nad Váhom, Slovakia",9 mins,559,7.4 km,7392
Vaďovce,"[48.7481363, 17.72687988]","Unnamed Road, 916 13 Vaďovce, Slovakia",Nové Mesto nad Váhom,"[48.75591354, 17.82260117]","Poľovnícka 10-11, 915 01 Nové Mesto nad Váhom, Slovakia",19 mins,1152,17.8 km,17768
Višňové,"[48.73509718, 17.7533955]","1229, 916 16 Višňové, Slovakia",Nové Mesto nad Váhom,"[48.75591354, 17.82260117]","Poľovnícka 10-11, 915 01 Nové Mesto nad Váhom, Slovakia",13 mins,775,10.1 km,10066
Haluzice,"[48.83495196, 17.86400046]","Unnamed Road, 913 05 Ivanovce, Slovakia",Nové Mesto nad Váhom,"[48.75591354, 17.82260117]","Poľovnícka 10-11, 915 01 Nové Mesto nad Váhom, Slovakia",18 mins,1091,13.6 km,13628
Zemianske Podhradie,"[48.85234636, 17.81910142]","1223, 913 07 Zemianske Podhradie, Slovakia",Nové Mesto nad Váhom,"[48.75591354, 17.82260117]","Poľovnícka 10-11, 915 01 Nové Mesto nad Váhom, Slovakia",18 mins,1082,14.9 km,14874
Nová Ves nad Váhom,"[48.72885928, 17.90042009]","Unnamed Road, 916 31 Nová Ves nad Váhom, Slovakia",Nové Mesto nad Váhom,"[48.75591354, 17.82260117]","Poľovnícka 10-11, 915 01 Nové Mesto nad Váhom, Slovakia",16 mins,986,10.8 km,10788
