Runina,"[49.07502169, 22.41072219]","3884, 067 65 Runina, Slovakia",Snina,"[48.99068324, 22.15868694]","Budovateľská 1430/1, 069 01 Snina, Slovakia",38 mins,2287,32.3 km,32339
Ruská Volová,"[48.95476135, 22.36913019]","566, 067 72 Ruská Volová, Slovakia",Snina,"[48.99068324, 22.15868694]","Budovateľská 1430/1, 069 01 Snina, Slovakia",30 mins,1795,24.0 km,24041
Ruský Potok,"[49.03028703, 22.41203608]","Ruský Potok 61, 067 66 Ruský Potok, Slovakia",Snina,"[48.99068324, 22.15868694]","Budovateľská 1430/1, 069 01 Snina, Slovakia",37 mins,2198,31.9 km,31895
Snina,"[48.99068324, 22.15868694]","Budovateľská 1430/1, 069 01 Snina, Slovakia",Snina,"[48.99068324, 22.15868694]","Budovateľská 1430/1, 069 01 Snina, Slovakia",1 min,0,1 m,0
Stakčínska Roztoka,"[49.01141361, 22.29356672]","Unnamed Road, 067 61 Stakčínska Roztoka, Slovakia",Snina,"[48.99068324, 22.15868694]","Budovateľská 1430/1, 069 01 Snina, Slovakia",18 mins,1071,13.0 km,12961
Stakčín,"[49.07594465, 22.27780137]","Unnamed Road, 067 61 Stakčín, Slovakia",Snina,"[48.99068324, 22.15868694]","Budovateľská 1430/1, 069 01 Snina, Slovakia",42 mins,2495,20.5 km,20498
Strihovce,"[48.89769727, 22.26581161]","Strihovce 91, 067 73 Strihovce, Slovakia",Snina,"[48.99068324, 22.15868694]","Budovateľská 1430/1, 069 01 Snina, Slovakia",42 mins,2529,38.5 km,38485
Šmigovec,"[48.89388712, 22.31524224]","3895, 067 73 Šmigovec, Slovakia",Snina,"[48.99068324, 22.15868694]","Budovateľská 1430/1, 069 01 Snina, Slovakia",37 mins,2201,34.8 km,34764
Topoľa,"[49.05001947, 22.35949366]","3884, 067 65 Topoľa, Slovakia",Snina,"[48.99068324, 22.15868694]","Budovateľská 1430/1, 069 01 Snina, Slovakia",30 mins,1774,25.6 km,25640
Ubľa,"[48.90632043, 22.39113265]","Ubľa 120, 067 73 Ubľa, Slovakia",Snina,"[48.99068324, 22.15868694]","Budovateľská 1430/1, 069 01 Snina, Slovakia",28 mins,1678,27.2 km,27152
Ulič,"[48.96561081, 22.41740812]","558, 067 67 Ulič, Slovakia",Snina,"[48.99068324, 22.15868694]","Budovateľská 1430/1, 069 01 Snina, Slovakia",33 mins,2006,31.7 km,31720
Uličské Krivé,"[48.99841015, 22.44497683]","3886, 067 67 Uličské Krivé, Slovakia",Snina,"[48.99068324, 22.15868694]","Budovateľská 1430/1, 069 01 Snina, Slovakia",39 mins,2340,37.0 km,37033
Zboj,"[49.04434054, 22.4752731]","Unnamed Road, 067 68 Zboj, Slovakia",Snina,"[48.99068324, 22.15868694]","Budovateľská 1430/1, 069 01 Snina, Slovakia",52 mins,3091,43.9 km,43906
Zemplínske Hámre,"[48.95102751, 22.16560916]","Nad gichtou 205/12, 067 77 Zemplínske Hámre, Slovakia",Snina,"[48.99068324, 22.15868694]","Budovateľská 1430/1, 069 01 Snina, Slovakia",10 mins,618,6.2 km,6188
