Hucín,"[48.56710742, 20.30631739]","Hucín 209, 049 13 Hucín, Slovakia",Revúca,"[48.69877824, 20.11286676]","M. Bodického 1510/7, 050 01 Revúca, Slovakia",28 mins,1684,22.7 km,22683
Chyžné,"[48.69508425, 20.20292456]","049 18 Chyžné, Slovakia",Revúca,"[48.69877824, 20.11286676]","M. Bodického 1510/7, 050 01 Revúca, Slovakia",24 mins,1434,14.2 km,14164
Jelšava,"[48.63573713, 20.24328818]","9. Mája 685, 049 16 Jelšava, Slovakia",Revúca,"[48.69877824, 20.11286676]","M. Bodického 1510/7, 050 01 Revúca, Slovakia",20 mins,1229,14.1 km,14118
Kameňany,"[48.57541507, 20.18281605]","Kameňany 223, 049 62 Kameňany, Slovakia",Revúca,"[48.69877824, 20.11286676]","M. Bodického 1510/7, 050 01 Revúca, Slovakia",35 mins,2087,27.1 km,27111
Licince,"[48.53394623, 20.29318696]","Licince 172, 049 14 Licince, Slovakia",Revúca,"[48.69877824, 20.11286676]","M. Bodického 1510/7, 050 01 Revúca, Slovakia",30 mins,1800,25.5 km,25516
Lubeník,"[48.6538026, 20.17717184]","2842, 049 18 Lubeník, Slovakia",Revúca,"[48.69877824, 20.11286676]","M. Bodického 1510/7, 050 01 Revúca, Slovakia",13 mins,807,8.2 km,8170
Magnezitovce,"[48.67807198, 20.24122987]","Kopráš 20, 049 16 Magnezitovce, Slovakia",Revúca,"[48.69877824, 20.11286676]","M. Bodického 1510/7, 050 01 Revúca, Slovakia",23 mins,1370,15.2 km,15233
Muráň,"[48.75835803, 20.01491532]","Unnamed Road, 049 01 Muráň, Slovakia",Revúca,"[48.69877824, 20.11286676]","M. Bodického 1510/7, 050 01 Revúca, Slovakia",18 mins,1098,11.3 km,11329
Muránska Dlhá Lúka,"[48.71946266, 20.0793538]","532, 050 01 Muránska Dlhá Lúka, Slovakia",Revúca,"[48.69877824, 20.11286676]","M. Bodického 1510/7, 050 01 Revúca, Slovakia",10 mins,581,6.2 km,6171
Muránska Huta,"[48.77498761, 20.12143519]","049 01 Muránska Huta, Slovakia",Revúca,"[48.69877824, 20.11286676]","M. Bodického 1510/7, 050 01 Revúca, Slovakia",26 mins,1582,18.8 km,18839
Muránska Lehota,"[48.71550486, 20.0357023]","Muránska Lehota 48, 049 01 Muránska Lehota, Slovakia",Revúca,"[48.69877824, 20.11286676]","M. Bodického 1510/7, 050 01 Revúca, Slovakia",21 mins,1272,14.3 km,14294
Muránska Zdychava,"[48.76009965, 20.16078487]","Unnamed Road, 050 01 Muránska Zdychava, Slovakia",Revúca,"[48.69877824, 20.11286676]","M. Bodického 1510/7, 050 01 Revúca, Slovakia",30 mins,1829,13.0 km,13035
Nandraž,"[48.61480997, 20.18362609]","Nandraž 37, 049 61 Nandraž, Slovakia",Revúca,"[48.69877824, 20.11286676]","M. Bodického 1510/7, 050 01 Revúca, Slovakia",27 mins,1630,20.0 km,19955
Prihradzany,"[48.5814768, 20.24355082]","2836, 049 14 Prihradzany, Slovakia",Revúca,"[48.69877824, 20.11286676]","M. Bodického 1510/7, 050 01 Revúca, Slovakia",27 mins,1631,22.0 km,22046
Rákoš,"[48.60185803, 20.1423352]","Unnamed Road, 049 61 Rákoš, Slovakia",Revúca,"[48.69877824, 20.11286676]","M. Bodického 1510/7, 050 01 Revúca, Slovakia",33 mins,1998,24.5 km,24502
Revúca,"[48.69877824, 20.11286676]","M. Bodického 1510/7, 050 01 Revúca, Slovakia",Revúca,"[48.69877824, 20.11286676]","M. Bodického 1510/7, 050 01 Revúca, Slovakia",1 min,0,1 m,0
Revúcka Lehota,"[48.67930784, 20.17722878]","Revúcka Lehota 138, 049 18 Revúcka Lehota, Slovakia",Revúca,"[48.69877824, 20.11286676]","M. Bodického 1510/7, 050 01 Revúca, Slovakia",14 mins,839,8.1 km,8089
Sirk,"[48.63440822, 20.09925391]","Unnamed Road, 049 64 Sirk, Slovakia",Revúca,"[48.69877824, 20.11286676]","M. Bodického 1510/7, 050 01 Revúca, Slovakia",35 mins,2121,11.7 km,11697
Šivetice,"[48.57321502, 20.26938124]","Unnamed Road, 049 14 Šivetice, Slovakia",Revúca,"[48.69877824, 20.11286676]","M. Bodického 1510/7, 050 01 Revúca, Slovakia",27 mins,1623,20.8 km,20828
Turčok,"[48.6394366, 20.14162153]","2842, 049 18 Turčok, Slovakia",Revúca,"[48.69877824, 20.11286676]","M. Bodického 1510/7, 050 01 Revúca, Slovakia",21 mins,1260,13.5 km,13488
