Brodské,"[48.69469139, 17.0230505]","Nádražná 315/10, 908 85 Brodské, Slovakia",Skalica,"[48.83811873, 17.25655362]","Krátke vysoké pole, 909 01 Skalica, Slovakia",33 mins,1961,28.4 km,28391
Dubovce,"[48.76391055, 17.24296185]","Unnamed Road, 908 62 Dubovce, Slovakia",Skalica,"[48.83811873, 17.25655362]","Krátke vysoké pole, 909 01 Skalica, Slovakia",20 mins,1220,14.1 km,14119
Gbely,"[48.72772452, 17.09426765]","Unnamed Road, 908 45 Gbely, Slovakia",Skalica,"[48.83811873, 17.25655362]","Krátke vysoké pole, 909 01 Skalica, Slovakia",33 mins,1958,27.0 km,26950
Holíč,"[48.80352756, 17.15170685]","Márie Terézie, 908 51 Holíč, Slovakia",Skalica,"[48.83811873, 17.25655362]","Krátke vysoké pole, 909 01 Skalica, Slovakia",20 mins,1196,11.3 km,11257
Chropov,"[48.79019618, 17.35229398]","Unnamed Road, 908 64 Chropov, Slovakia",Skalica,"[48.83811873, 17.25655362]","Krátke vysoké pole, 909 01 Skalica, Slovakia",26 mins,1569,16.7 km,16723
Kátov,"[48.83510743, 17.16915763]","Kátov 129, 908 49 Kátov, Slovakia",Skalica,"[48.83811873, 17.25655362]","Krátke vysoké pole, 909 01 Skalica, Slovakia",17 mins,1039,8.9 km,8909
Kopčany,"[48.77686396, 17.10743896]","908 48 Kopčany, Slovakia",Skalica,"[48.83811873, 17.25655362]","Krátke vysoké pole, 909 01 Skalica, Slovakia",24 mins,1426,16.3 km,16339
Koválovec,"[48.79600105, 17.3186421]","Koválovec 301, 908 63 Koválovec, Slovakia",Skalica,"[48.83811873, 17.25655362]","Krátke vysoké pole, 909 01 Skalica, Slovakia",20 mins,1206,14.4 km,14369
Letničie,"[48.70958326, 17.18352934]","Letničie 135, 908 44 Letničie, Slovakia",Skalica,"[48.83811873, 17.25655362]","Krátke vysoké pole, 909 01 Skalica, Slovakia",29 mins,1726,22.9 km,22891
Lopašov,"[48.75592831, 17.3254848]","51, 908 63 Lopašov, Slovakia",Skalica,"[48.83811873, 17.25655362]","Krátke vysoké pole, 909 01 Skalica, Slovakia",16 mins,975,14.1 km,14069
Mokrý Háj,"[48.8082647, 17.25102475]","Mokrý Háj 103, 908 65 Mokrý Háj, Slovakia",Skalica,"[48.83811873, 17.25655362]","Krátke vysoké pole, 909 01 Skalica, Slovakia",10 mins,583,5.3 km,5309
Oreské,"[48.74361024, 17.30421862]","1146, 908 63 Oreské, Slovakia",Skalica,"[48.83811873, 17.25655362]","Krátke vysoké pole, 909 01 Skalica, Slovakia",19 mins,1119,14.1 km,14110
Petrova Ves,"[48.72171125, 17.16406156]","Petrova Ves 332, 908 44 Petrova Ves, Slovakia",Skalica,"[48.83811873, 17.25655362]","Krátke vysoké pole, 909 01 Skalica, Slovakia",26 mins,1569,20.6 km,20639
Popudinské Močidľany,"[48.78424406, 17.21677223]","Močidľany 63, 908 61 Popudinské Močidľany, Slovakia",Skalica,"[48.83811873, 17.25655362]","Krátke vysoké pole, 909 01 Skalica, Slovakia",18 mins,1082,15.0 km,14951
Prietržka,"[48.8067204, 17.20754945]","Unnamed Road, 908 49 Prietržka, Slovakia",Skalica,"[48.83811873, 17.25655362]","Krátke vysoké pole, 909 01 Skalica, Slovakia",17 mins,990,9.7 km,9693
Radimov,"[48.75167015, 17.21395755]","Radimov 82, 908 47 Radimov, Slovakia",Skalica,"[48.83811873, 17.25655362]","Krátke vysoké pole, 909 01 Skalica, Slovakia",25 mins,1481,18.7 km,18686
Radošovce,"[48.77252097, 17.27725759]","1146 101, 908 63 Radošovce, Slovakia",Skalica,"[48.83811873, 17.25655362]","Krátke vysoké pole, 909 01 Skalica, Slovakia",13 mins,756,9.8 km,9830
Skalica,"[48.83811873, 17.25655362]","Krátke vysoké pole, 909 01 Skalica, Slovakia",Skalica,"[48.83811873, 17.25655362]","Krátke vysoké pole, 909 01 Skalica, Slovakia",1 min,0,1 m,0
Trnovec,"[48.79535234, 17.18952904]","Trnovec 16, 908 51 Trnovec, Slovakia",Skalica,"[48.83811873, 17.25655362]","Krátke vysoké pole, 909 01 Skalica, Slovakia",19 mins,1137,11.2 km,11243
Unín,"[48.72487258, 17.22196374]","Unín 84, 908 46 Unín, Slovakia",Skalica,"[48.83811873, 17.25655362]","Krátke vysoké pole, 909 01 Skalica, Slovakia",29 mins,1761,22.1 km,22143
