Abrahámovce,"[49.042907, 20.45324236]","Abrahámovce 94, 059 72 Abrahámovce, Slovakia",Kežmarok,"[49.14966643, 20.4342774]","Michalská 2153, 060 01 Kežmarok, Slovakia",20 mins,1182,14.9 km,14927
Bušovce,"[49.21982457, 20.47834113]","Bušovce 103, 059 93 Bušovce, Slovakia",Kežmarok,"[49.14966643, 20.4342774]","Michalská 2153, 060 01 Kežmarok, Slovakia",13 mins,771,10.1 km,10137
Červený Kláštor,"[49.39384673, 20.41276876]","543, 059 06 Červený Kláštor, Slovakia",Kežmarok,"[49.14966643, 20.4342774]","Michalská 2153, 060 01 Kežmarok, Slovakia",40 mins,2383,35.2 km,35187
Havka,"[49.34184724, 20.40480472]","Havka 41, 061 01 Havka, Slovakia",Kežmarok,"[49.14966643, 20.4342774]","Michalská 2153, 060 01 Kežmarok, Slovakia",45 mins,2709,39.9 km,39867
Holumnica,"[49.23118429, 20.51978308]","Holumnica 142, 059 94 Holumnica, Slovakia",Kežmarok,"[49.14966643, 20.4342774]","Michalská 2153, 060 01 Kežmarok, Slovakia",18 mins,1094,15.9 km,15900
Hradisko,"[49.055514, 20.52728151]","059 56 Hradisko, Slovakia",Kežmarok,"[49.14966643, 20.4342774]","Michalská 2153, 060 01 Kežmarok, Slovakia",22 mins,1302,16.8 km,16786
Huncovce,"[49.1266192, 20.37257682]","Železničná 355/42, Rómska osada, 059 92 Huncovce, Slovakia",Kežmarok,"[49.14966643, 20.4342774]","Michalská 2153, 060 01 Kežmarok, Slovakia",11 mins,688,7.3 km,7298
Ihľany,"[49.18147444, 20.53478974]","Unnamed Road, 059 94 Ihľany, Slovakia",Kežmarok,"[49.14966643, 20.4342774]","Michalská 2153, 060 01 Kežmarok, Slovakia",27 mins,1634,23.0 km,23047
Jezersko,"[49.29258762, 20.3381128]","Jezersko 48, 059 04 Jezersko, Slovakia",Kežmarok,"[49.14966643, 20.4342774]","Michalská 2153, 060 01 Kežmarok, Slovakia",34 mins,2052,29.1 km,29055
Jurské,"[49.20475194, 20.52925926]","3099, 059 94 Jurské, Slovakia",Kežmarok,"[49.14966643, 20.4342774]","Michalská 2153, 060 01 Kežmarok, Slovakia",22 mins,1299,19.2 km,19174
Kežmarok,"[49.14966643, 20.4342774]","Michalská 2153, 060 01 Kežmarok, Slovakia",Kežmarok,"[49.14966643, 20.4342774]","Michalská 2153, 060 01 Kežmarok, Slovakia",1 min,0,1 m,0
Krížová Ves,"[49.18843896, 20.4969131]","Krížová Ves 62, 059 01 Krížová Ves, Slovakia",Kežmarok,"[49.14966643, 20.4342774]","Michalská 2153, 060 01 Kežmarok, Slovakia",14 mins,837,9.0 km,8980
Lechnica,"[49.37506207, 20.41433837]","Unnamed Road, 059 06 Lechnica, Slovakia",Kežmarok,"[49.14966643, 20.4342774]","Michalská 2153, 060 01 Kežmarok, Slovakia",45 mins,2696,37.6 km,37577
Lendak,"[49.25054758, 20.34770268]","Unnamed Road, 059 07 Lendak, Slovakia",Kežmarok,"[49.14966643, 20.4342774]","Michalská 2153, 060 01 Kežmarok, Slovakia",23 mins,1406,18.6 km,18573
Majere,"[49.39855896, 20.37677589]","Majere 20, 061 01 Majere, Slovakia",Kežmarok,"[49.14966643, 20.4342774]","Michalská 2153, 060 01 Kežmarok, Slovakia",42 mins,2506,38.2 km,38182
Ľubica,"[49.13107855, 20.47052856]","Unnamed Road, 059 56 Ľubica, Slovakia",Kežmarok,"[49.14966643, 20.4342774]","Michalská 2153, 060 01 Kežmarok, Slovakia",11 mins,645,5.5 km,5517
Matiašovce,"[49.34889365, 20.35752725]","542, 059 04 Matiašovce, Slovakia",Kežmarok,"[49.14966643, 20.4342774]","Michalská 2153, 060 01 Kežmarok, Slovakia",34 mins,2033,31.1 km,31103
Mlynčeky,"[49.17069481, 20.39546847]","3101, 059 76 Mlynčeky, Slovakia",Kežmarok,"[49.14966643, 20.4342774]","Michalská 2153, 060 01 Kežmarok, Slovakia",7 mins,391,4.7 km,4746
Osturňa,"[49.31806232, 20.23335762]","Unnamed Road, 059 79 Osturňa, Slovakia",Kežmarok,"[49.14966643, 20.4342774]","Michalská 2153, 060 01 Kežmarok, Slovakia",49 mins,2920,41.7 km,41654
Podhorany,"[49.24280098, 20.47445177]","3106, 059 93 Podhorany, Slovakia",Kežmarok,"[49.14966643, 20.4342774]","Michalská 2153, 060 01 Kežmarok, Slovakia",16 mins,945,13.3 km,13286
