Rakovec nad Ondavou,"[48.77147977, 21.79102253]","Unnamed Road, 072 03 Rakovec nad Ondavou, Slovakia",Michalovce,"[48.75447002, 21.91377741]","Špitálska 1255/3, 071 01 Michalovce, Slovakia",23 mins,1388,19.5 km,19546
Senné,"[48.66777954, 22.03844115]","Unnamed Road, 072 13 Senné, Slovakia",Michalovce,"[48.75447002, 21.91377741]","Špitálska 1255/3, 071 01 Michalovce, Slovakia",29 mins,1750,18.5 km,18486
Slavkovce,"[48.60690202, 21.91232295]","Unnamed Road, 072 17 Slavkovce, Slovakia",Michalovce,"[48.75447002, 21.91377741]","Špitálska 1255/3, 071 01 Michalovce, Slovakia",24 mins,1410,20.7 km,20694
Sliepkovce,"[48.65698021, 21.9414985]","3744, 072 37 Sliepkovce, Slovakia",Michalovce,"[48.75447002, 21.91377741]","Špitálska 1255/3, 071 01 Michalovce, Slovakia",14 mins,856,12.9 km,12855
Staré,"[48.85725164, 21.87791247]","Staré 153, 072 23 Staré, Slovakia",Michalovce,"[48.75447002, 21.91377741]","Špitálska 1255/3, 071 01 Michalovce, Slovakia",16 mins,965,13.8 km,13754
Strážske,"[48.87638338, 21.82509989]","Agátová 211, 072 22 Strážske, Slovakia",Michalovce,"[48.75447002, 21.91377741]","Špitálska 1255/3, 071 01 Michalovce, Slovakia",19 mins,1153,18.0 km,17951
Stretava,"[48.64073309, 21.99466273]","072 13 Stretava, Slovakia",Michalovce,"[48.75447002, 21.91377741]","Špitálska 1255/3, 071 01 Michalovce, Slovakia",21 mins,1255,16.7 km,16662
Stretavka,"[48.61685316, 21.98629346]","Stretavka 34, 072 13 Stretavka, Slovakia",Michalovce,"[48.75447002, 21.91377741]","Špitálska 1255/3, 071 01 Michalovce, Slovakia",23 mins,1363,19.2 km,19186
Suché,"[48.77007659, 21.83723899]","3732, 071 01 Suché, Slovakia",Michalovce,"[48.75447002, 21.91377741]","Špitálska 1255/3, 071 01 Michalovce, Slovakia",10 mins,628,8.6 km,8648
Šamudovce,"[48.70631112, 21.87793182]","Unnamed Road, 072 01 Šamudovce, Slovakia",Michalovce,"[48.75447002, 21.91377741]","Špitálska 1255/3, 071 01 Michalovce, Slovakia",13 mins,798,7.1 km,7064
Trhovište,"[48.69966112, 21.80760891]","Trhovište 402, 072 04 Trhovište, Slovakia",Michalovce,"[48.75447002, 21.91377741]","Špitálska 1255/3, 071 01 Michalovce, Slovakia",20 mins,1217,15.6 km,15606
Trnava pri Laborci,"[48.82731204, 21.93008076]","Trnava pri Laborci 205, 072 31 Trnava pri Laborci, Slovakia",Michalovce,"[48.75447002, 21.91377741]","Špitálska 1255/3, 071 01 Michalovce, Slovakia",17 mins,1047,10.6 km,10630
Tušice,"[48.72920241, 21.74414684]","3737, 072 02 Tušice, Slovakia",Michalovce,"[48.75447002, 21.91377741]","Špitálska 1255/3, 071 01 Michalovce, Slovakia",23 mins,1386,17.7 km,17733
Tušická Nová Ves,"[48.71661544, 21.75362972]","Tušická Nová Ves 144, 072 02 Tušická Nová Ves, Slovakia",Michalovce,"[48.75447002, 21.91377741]","Špitálska 1255/3, 071 01 Michalovce, Slovakia",20 mins,1208,16.1 km,16138
Zalužice,"[48.75831125, 21.98923111]","Zalužice 450, 072 34 Zalužice, Slovakia",Michalovce,"[48.75447002, 21.91377741]","Špitálska 1255/3, 071 01 Michalovce, Slovakia",13 mins,756,7.4 km,7446
Vinné,"[48.80817533, 21.96817335]","Vinné 454, 072 31 Vinné, Slovakia",Michalovce,"[48.75447002, 21.91377741]","Špitálska 1255/3, 071 01 Michalovce, Slovakia",12 mins,706,8.8 km,8777
Voľa,"[48.84207257, 21.84355935]","3731, 072 21 Voľa, Slovakia",Michalovce,"[48.75447002, 21.91377741]","Špitálska 1255/3, 071 01 Michalovce, Slovakia",15 mins,914,13.9 km,13897
Vrbnica,"[48.68662311, 21.87818998]","072 16 Vrbnica, Slovakia",Michalovce,"[48.75447002, 21.91377741]","Špitálska 1255/3, 071 01 Michalovce, Slovakia",15 mins,894,10.5 km,10462
Vysoká nad Uhom,"[48.63014242, 22.09866606]","Vysoká nad Uhom 350, 072 14 Vysoká nad Uhom, Slovakia",Michalovce,"[48.75447002, 21.91377741]","Špitálska 1255/3, 071 01 Michalovce, Slovakia",26 mins,1559,24.6 km,24553
Závadka,"[48.76081872, 22.06864781]","Unnamed Road, 072 33 Závadka, Slovakia",Michalovce,"[48.75447002, 21.91377741]","Špitálska 1255/3, 071 01 Michalovce, Slovakia",16 mins,983,13.2 km,13150
