Zbudza,"[48.81564681, 21.89784935]","Zbudza 51, 072 23 Zbudza, Slovakia",Michalovce,"[48.75447002, 21.91377741]","Špitálska 1255/3, 071 01 Michalovce, Slovakia",13 mins,752,9.0 km,8964
Zemplínska Široká,"[48.69679065, 21.97332578]","Zemplínska Široká 31, 072 13 Zemplínska Široká, Slovakia",Michalovce,"[48.75447002, 21.91377741]","Špitálska 1255/3, 071 01 Michalovce, Slovakia",12 mins,720,8.9 km,8884
Žbince,"[48.67449264, 21.89447965]","Rómska osada 227, 072 16 Žbince, Slovakia",Michalovce,"[48.75447002, 21.91377741]","Špitálska 1255/3, 071 01 Michalovce, Slovakia",15 mins,900,11.1 km,11128
Beša,"[48.52699705, 21.94726557]","Beša 8, 076 72 Beša, Slovakia",Michalovce,"[48.75447002, 21.91377741]","Špitálska 1255/3, 071 01 Michalovce, Slovakia",36 mins,2135,32.2 km,32176
Čičarovce,"[48.53628892, 22.01174523]","Unnamed Road, 076 71 Čičarovce, Slovakia",Michalovce,"[48.75447002, 21.91377741]","Špitálska 1255/3, 071 01 Michalovce, Slovakia",35 mins,2115,31.1 km,31137
Čierne Pole,"[48.58165608, 22.07191532]","3754, 079 01 Čierne Pole, Slovakia",Michalovce,"[48.75447002, 21.91377741]","Špitálska 1255/3, 071 01 Michalovce, Slovakia",27 mins,1604,26.5 km,26479
Drahňov,"[48.58894126, 21.96589897]","Drahňov 32, 076 74 Drahňov, Slovakia",Michalovce,"[48.75447002, 21.91377741]","Špitálska 1255/3, 071 01 Michalovce, Slovakia",24 mins,1461,22.4 km,22417
Ižkovce,"[48.55531039, 21.95159581]","Ižkovce 59, 076 72 Ižkovce, Slovakia",Michalovce,"[48.75447002, 21.91377741]","Špitálska 1255/3, 071 01 Michalovce, Slovakia",31 mins,1885,29.5 km,29474
Kapušianske Kľačany,"[48.51047884, 22.0963879]","Unnamed Road, 079 01 Kapušianske Kľačany, Slovakia",Michalovce,"[48.75447002, 21.91377741]","Špitálska 1255/3, 071 01 Michalovce, Slovakia",44 mins,2618,37.3 km,37258
Krišovská Liesková,"[48.58811395, 22.02869036]","3753, 079 01 Krišovská Liesková, Slovakia",Michalovce,"[48.75447002, 21.91377741]","Špitálska 1255/3, 071 01 Michalovce, Slovakia",32 mins,1900,29.9 km,29884
Maťovské Vojkovce,"[48.57223081, 22.1329699]","3760, 079 01 Maťovské Vojkovce, Slovakia",Michalovce,"[48.75447002, 21.91377741]","Špitálska 1255/3, 071 01 Michalovce, Slovakia",30 mins,1775,30.4 km,30368
Oborín,"[48.5144529, 21.86472459]","Unnamed Road, 076 75 Oborín, Slovakia",Michalovce,"[48.75447002, 21.91377741]","Špitálska 1255/3, 071 01 Michalovce, Slovakia",43 mins,2582,32.7 km,32724
Ptrukša,"[48.47322966, 22.13449009]","Unnamed Road, 076 77 Ptrukša, Slovakia",Michalovce,"[48.75447002, 21.91377741]","Špitálska 1255/3, 071 01 Michalovce, Slovakia",46 mins,2781,42.7 km,42724
Ruská,"[48.53490426, 22.13954387]","3757, 076 77 Ruská, Slovakia",Michalovce,"[48.75447002, 21.91377741]","Špitálska 1255/3, 071 01 Michalovce, Slovakia",35 mins,2103,34.8 km,34803
Veľké Kapušany,"[48.54333035, 22.0730318]","555, 079 01 Veľké Kapušany, Slovakia",Michalovce,"[48.75447002, 21.91377741]","Špitálska 1255/3, 071 01 Michalovce, Slovakia",34 mins,2016,33.0 km,33014
Veľké Raškovce,"[48.55736017, 21.90739079]","Veľké Raškovce 107, 076 75 Veľké Raškovce, Slovakia",Michalovce,"[48.75447002, 21.91377741]","Špitálska 1255/3, 071 01 Michalovce, Slovakia",31 mins,1858,29.7 km,29700
Veľké Slemence,"[48.50170998, 22.13287623]","3757, 076 77 Veľké Slemence, Slovakia",Michalovce,"[48.75447002, 21.91377741]","Špitálska 1255/3, 071 01 Michalovce, Slovakia",41 mins,2480,39.8 km,39821
Vojany,"[48.56883933, 21.99537261]","3761, 076 72 Vojany, Slovakia",Michalovce,"[48.75447002, 21.91377741]","Špitálska 1255/3, 071 01 Michalovce, Slovakia",27 mins,1626,26.1 km,26102
