Držkovce,"[48.54437403, 20.23727999]","Držkovce 61, 982 62 Držkovce, Slovakia",Revúca,"[48.69877824, 20.11286676]","M. Bodického 1510/7, 050 01 Revúca, Slovakia",38 mins,2289,31.2 km,31243
Gemer,"[48.45493694, 20.3281491]","Unnamed Road, 982 01 Gemer, Slovakia",Revúca,"[48.69877824, 20.11286676]","M. Bodického 1510/7, 050 01 Revúca, Slovakia",46 mins,2788,44.3 km,44336
Gemerská Ves,"[48.48255816, 20.27693375]","Hrkáč 174, 982 62 Gemerská Ves, Slovakia",Revúca,"[48.69877824, 20.11286676]","M. Bodického 1510/7, 050 01 Revúca, Slovakia",36 mins,2144,32.8 km,32767
Hrlica,"[48.62949197, 20.04768496]","Hrlica 1, 982 66 Hrlica, Slovakia",Revúca,"[48.69877824, 20.11286676]","M. Bodického 1510/7, 050 01 Revúca, Slovakia",46 mins,2763,34.6 km,34588
Chvalová,"[48.51279551, 20.16308476]","Unnamed Road, 982 62 Chvalová, Slovakia",Revúca,"[48.69877824, 20.11286676]","M. Bodického 1510/7, 050 01 Revúca, Slovakia",45 mins,2724,41.2 km,41239
Levkuška,"[48.45611232, 20.26616806]","Levkuška 56, 982 62 Levkuška, Slovakia",Revúca,"[48.69877824, 20.11286676]","M. Bodického 1510/7, 050 01 Revúca, Slovakia",39 mins,2333,35.6 km,35583
Otročok,"[48.44731857, 20.26798743]","982 62 Otročok, Slovakia",Revúca,"[48.69877824, 20.11286676]","M. Bodického 1510/7, 050 01 Revúca, Slovakia",39 mins,2367,36.5 km,36500
Ploské,"[48.61126207, 20.0605355]","Unnamed Road, 982 65 Ploské, Slovakia",Revúca,"[48.69877824, 20.11286676]","M. Bodického 1510/7, 050 01 Revúca, Slovakia",45 mins,2716,32.6 km,32576
Polina,"[48.49179325, 20.22426226]","Unnamed Road, 982 62 Polina, Slovakia",Revúca,"[48.69877824, 20.11286676]","M. Bodického 1510/7, 050 01 Revúca, Slovakia",43 mins,2574,38.0 km,37954
Rašice,"[48.46492751, 20.2323284]","Unnamed Road, 982 62 Rašice, Slovakia",Revúca,"[48.69877824, 20.11286676]","M. Bodického 1510/7, 050 01 Revúca, Slovakia",43 mins,2584,38.7 km,38665
Ratková,"[48.59858727, 20.08930376]","526, 982 65 Ratková, Slovakia",Revúca,"[48.69877824, 20.11286676]","M. Bodického 1510/7, 050 01 Revúca, Slovakia",40 mins,2380,30.5 km,30536
Ratkovské Bystré,"[48.66420341, 20.03758079]","Unnamed Road, 982 66 Ratkovské Bystré, Slovakia",Revúca,"[48.69877824, 20.11286676]","M. Bodického 1510/7, 050 01 Revúca, Slovakia",46 mins,2764,27.7 km,27667
Rybník,"[48.54380598, 20.12363756]","2753, 982 65 Španie Pole, Slovakia",Revúca,"[48.69877824, 20.11286676]","M. Bodického 1510/7, 050 01 Revúca, Slovakia",50 mins,3024,38.1 km,38132
Skerešovo,"[48.50867261, 20.20281643]","Unnamed Road, 982 62 Skerešovo, Slovakia",Revúca,"[48.69877824, 20.11286676]","M. Bodického 1510/7, 050 01 Revúca, Slovakia",44 mins,2620,39.1 km,39097
Leváre,"[48.51041028, 20.26147714]","2835, 982 62 Leváre, Slovakia",Revúca,"[48.69877824, 20.11286676]","M. Bodického 1510/7, 050 01 Revúca, Slovakia",37 mins,2232,34.8 km,34845
Tornaľa,"[48.43378637, 20.36997544]","Unnamed Road, 982 01 Tornaľa, Slovakia",Revúca,"[48.69877824, 20.11286676]","M. Bodického 1510/7, 050 01 Revúca, Slovakia",52 mins,3099,47.5 km,47495
Višňové,"[48.53313819, 20.18717759]","2832, 982 62 Višňové, Slovakia",Revúca,"[48.69877824, 20.11286676]","M. Bodického 1510/7, 050 01 Revúca, Slovakia",44 mins,2662,42.2 km,42188
Žiar,"[48.42930392, 20.26676424]","Unnamed Road, 982 01 Žiar, Slovakia",Revúca,"[48.69877824, 20.11286676]","M. Bodického 1510/7, 050 01 Revúca, Slovakia",41 mins,2488,38.6 km,38562
Gemerské Teplice,"[48.60445033, 20.28032811]","Gemerské Teplice 51, 049 16 Gemerské Teplice, Slovakia",Revúca,"[48.69877824, 20.11286676]","M. Bodického 1510/7, 050 01 Revúca, Slovakia",23 mins,1372,17.9 km,17851
Gemerský Sad,"[48.58759673, 20.32916588]","Nováčany 86, 049 13 Gemerský Sad, Slovakia",Revúca,"[48.69877824, 20.11286676]","M. Bodického 1510/7, 050 01 Revúca, Slovakia",32 mins,1927,25.8 km,25758
