Belá nad Cirochou,"[48.96958515, 22.10717462]","Švermova 425/19, 067 81 Belá nad Cirochou, Slovakia",Snina,"[48.99068324, 22.15868694]","Budovateľská 1430/1, 069 01 Snina, Slovakia",10 mins,575,6.2 km,6194
Brezovec,"[48.93961552, 22.39284135]","Brezovec 43, 067 73 Brezovec, Slovakia",Snina,"[48.99068324, 22.15868694]","Budovateľská 1430/1, 069 01 Snina, Slovakia",33 mins,1973,31.4 km,31407
Čukalovce,"[49.09692688, 22.16019739]","3888, 067 35 Čukalovce, Slovakia",Snina,"[48.99068324, 22.15868694]","Budovateľská 1430/1, 069 01 Snina, Slovakia",16 mins,962,12.7 km,12659
Dlhé nad Cirochou,"[48.96499004, 22.06584309]","Dlhé nad Cirochou 572, 067 82 Dlhé nad Cirochou, Slovakia",Snina,"[48.99068324, 22.15868694]","Budovateľská 1430/1, 069 01 Snina, Slovakia",12 mins,732,8.5 km,8520
Dúbrava,"[48.8805184, 22.35330206]","067 73 Dúbrava, Slovakia",Snina,"[48.99068324, 22.15868694]","Budovateľská 1430/1, 069 01 Snina, Slovakia",34 mins,2036,30.9 km,30905
Hostovice,"[49.12814841, 22.15749586]","3887, 067 35 Hostovice, Slovakia",Snina,"[48.99068324, 22.15868694]","Budovateľská 1430/1, 069 01 Snina, Slovakia",20 mins,1192,16.8 km,16799
Hrabová Roztoka,"[48.87613849, 22.28850494]","067 73 Hrabová Roztoka, Slovakia",Snina,"[48.99068324, 22.15868694]","Budovateľská 1430/1, 069 01 Snina, Slovakia",41 mins,2482,37.2 km,37208
Jalová,"[49.03940884, 22.23256281]","Jalová 39, 067 61 Jalová, Slovakia",Snina,"[48.99068324, 22.15868694]","Budovateľská 1430/1, 069 01 Snina, Slovakia",17 mins,1035,13.2 km,13152
Kalná Roztoka,"[48.98571641, 22.31998621]","Unnamed Road, 067 72 Kalná Roztoka, Slovakia",Snina,"[48.99068324, 22.15868694]","Budovateľská 1430/1, 069 01 Snina, Slovakia",24 mins,1442,18.4 km,18394
Klenová,"[48.94722894, 22.33292696]","Klenová 82, 067 72 Klenová, Slovakia",Snina,"[48.99068324, 22.15868694]","Budovateľská 1430/1, 069 01 Snina, Slovakia",20 mins,1182,17.8 km,17840
Kolbasov,"[49.00631098, 22.3776313]","558, 067 66 Kolbasov, Slovakia",Snina,"[48.99068324, 22.15868694]","Budovateľská 1430/1, 069 01 Snina, Slovakia",28 mins,1665,25.8 km,25754
Kolonica,"[48.95047346, 22.25161329]","067 61 Kolonica, Slovakia",Snina,"[48.99068324, 22.15868694]","Budovateľská 1430/1, 069 01 Snina, Slovakia",16 mins,981,14.6 km,14552
Ladomirov,"[48.92240031, 22.28972343]","Ladomirov 159, 067 71 Ladomirov, Slovakia",Snina,"[48.99068324, 22.15868694]","Budovateľská 1430/1, 069 01 Snina, Slovakia",20 mins,1229,18.9 km,18935
Michajlov,"[48.90921227, 22.33536953]","Michajlov 47, 067 73 Michajlov, Slovakia",Snina,"[48.99068324, 22.15868694]","Budovateľská 1430/1, 069 01 Snina, Slovakia",29 mins,1732,28.2 km,28193
Nová Sedlica,"[49.0605565, 22.52325272]","Unnamed Road, 067 68 Nová Sedlica, Slovakia",Snina,"[48.99068324, 22.15868694]","Budovateľská 1430/1, 069 01 Snina, Slovakia",54 mins,3268,46.9 km,46919
Osadné,"[49.16104955, 22.16977931]","Unnamed Road, 067 34 Osadné, Slovakia",Snina,"[48.99068324, 22.15868694]","Budovateľská 1430/1, 069 01 Snina, Slovakia",34 mins,2031,22.1 km,22063
Parihuzovce,"[49.11636185, 22.2032233]","Parihuzovce 45, 067 35 Parihuzovce, Slovakia",Snina,"[48.99068324, 22.15868694]","Budovateľská 1430/1, 069 01 Snina, Slovakia",21 mins,1248,16.2 km,16239
Pčoliné,"[49.06452504, 22.17968278]","Pčoliné 14, 067 35 Pčoliné, Slovakia",Snina,"[48.99068324, 22.15868694]","Budovateľská 1430/1, 069 01 Snina, Slovakia",12 mins,710,9.2 km,9179
Pichne,"[49.04443068, 22.12381095]","069 01 Pichne, Slovakia",Snina,"[48.99068324, 22.15868694]","Budovateľská 1430/1, 069 01 Snina, Slovakia",11 mins,635,7.5 km,7501
Príslop,"[49.04179606, 22.31830561]","558, 067 66 Príslop, Slovakia",Snina,"[48.99068324, 22.15868694]","Budovateľská 1430/1, 069 01 Snina, Slovakia",22 mins,1307,19.4 km,19392
