Krásnovce,"[48.71985168, 21.89209134]","Unnamed Road, 072 01 Krásnovce, Slovakia",Michalovce,"[48.75447002, 21.91377741]","Špitálska 1255/3, 071 01 Michalovce, Slovakia",10 mins,599,5.4 km,5447
Kusín,"[48.8220388, 22.05888572]","Kusín 125, 072 32 Kusín, Slovakia",Michalovce,"[48.75447002, 21.91377741]","Špitálska 1255/3, 071 01 Michalovce, Slovakia",20 mins,1218,16.9 km,16942
Lastomír,"[48.69958435, 21.92398242]","Lastomír 391, 072 37 Lastomír, Slovakia",Michalovce,"[48.75447002, 21.91377741]","Špitálska 1255/3, 071 01 Michalovce, Slovakia",10 mins,613,7.2 km,7201
Laškovce,"[48.69914636, 21.84743688]","3738, 072 01 Laškovce, Slovakia",Michalovce,"[48.75447002, 21.91377741]","Špitálska 1255/3, 071 01 Michalovce, Slovakia",12 mins,706,8.8 km,8801
Lesné,"[48.79402784, 21.82203285]","071 01 Lesné, Slovakia",Michalovce,"[48.75447002, 21.91377741]","Špitálska 1255/3, 071 01 Michalovce, Slovakia",16 mins,955,13.2 km,13205
Ložín,"[48.66054581, 21.82757012]","072 05 Ložín, Slovakia",Michalovce,"[48.75447002, 21.91377741]","Špitálska 1255/3, 071 01 Michalovce, Slovakia",19 mins,1144,15.6 km,15596
Lúčky,"[48.77287465, 22.03688161]","Unnamed Road, 072 34 Lúčky, Slovakia",Michalovce,"[48.75447002, 21.91377741]","Špitálska 1255/3, 071 01 Michalovce, Slovakia",14 mins,848,11.4 km,11437
Malčice,"[48.56749514, 21.8337019]","Unnamed Road, 072 06 Malčice, Slovakia",Michalovce,"[48.75447002, 21.91377741]","Špitálska 1255/3, 071 01 Michalovce, Slovakia",34 mins,2047,26.7 km,26727
Malé Raškovce,"[48.57881027, 21.90829132]","072 17 Malé Raškovce, Slovakia",Michalovce,"[48.75447002, 21.91377741]","Špitálska 1255/3, 071 01 Michalovce, Slovakia",26 mins,1538,22.8 km,22832
Markovce,"[48.59712688, 21.84286269]","554, 072 06 Markovce, Slovakia",Michalovce,"[48.75447002, 21.91377741]","Špitálska 1255/3, 071 01 Michalovce, Slovakia",24 mins,1428,22.4 km,22447
Moravany,"[48.7371691, 21.79337032]","072 03 Moravany, Slovakia",Michalovce,"[48.75447002, 21.91377741]","Špitálska 1255/3, 071 01 Michalovce, Slovakia",19 mins,1169,16.0 km,15970
Nacina Ves,"[48.8183387, 21.83538451]","3734, Nacina Ves, Slovakia",Michalovce,"[48.75447002, 21.91377741]","Špitálska 1255/3, 071 01 Michalovce, Slovakia",13 mins,760,11.6 km,11634
Oreské,"[48.859792, 21.91467696]","Unnamed Road, 072 23 Oreské, Slovakia",Michalovce,"[48.75447002, 21.91377741]","Špitálska 1255/3, 071 01 Michalovce, Slovakia",19 mins,1159,14.6 km,14592
Palín,"[48.66312672, 21.98015381]","Unnamed Road, 072 13 Palín, Slovakia",Michalovce,"[48.75447002, 21.91377741]","Špitálska 1255/3, 071 01 Michalovce, Slovakia",20 mins,1214,15.3 km,15317
Pavlovce nad Uhom,"[48.61914887, 22.05017582]","Družstevná 74, 072 14 Pavlovce nad Uhom, Slovakia",Michalovce,"[48.75447002, 21.91377741]","Špitálska 1255/3, 071 01 Michalovce, Slovakia",24 mins,1410,21.4 km,21401
Petrikovce,"[48.54757376, 21.85364917]","Petrikovce 19, 072 06 Petrikovce, Slovakia",Michalovce,"[48.75447002, 21.91377741]","Špitálska 1255/3, 071 01 Michalovce, Slovakia",32 mins,1949,28.9 km,28873
Petrovce nad Laborcom,"[48.79460895, 21.86512268]","Petrovce nad Laborcom 112, 072 21 Petrovce nad Laborcom, Slovakia",Michalovce,"[48.75447002, 21.91377741]","Špitálska 1255/3, 071 01 Michalovce, Slovakia",11 mins,632,7.8 km,7771
Poruba pod Vihorlatom,"[48.85282781, 22.14229288]","Unnamed Road, 072 32 Poruba pod Vihorlatom, Slovakia",Michalovce,"[48.75447002, 21.91377741]","Špitálska 1255/3, 071 01 Michalovce, Slovakia",32 mins,1893,24.6 km,24573
Pozdišovce,"[48.73638395, 21.84606569]","Unnamed Road, 072 01 Pozdišovce, Slovakia",Michalovce,"[48.75447002, 21.91377741]","Špitálska 1255/3, 071 01 Michalovce, Slovakia",14 mins,817,8.0 km,8008
Pusté Čemerné,"[48.84521702, 21.80925759]","Pusté Čemerné 115, 072 22 Pusté Čemerné, Slovakia",Michalovce,"[48.75447002, 21.91377741]","Špitálska 1255/3, 071 01 Michalovce, Slovakia",19 mins,1142,16.5 km,16479
