Považská Bystrica,"[49.11799008, 18.45679512]","Moyzesova 879/78, 017 01 Považská Bystrica, Slovakia",Považská Bystrica,"[49.11799008, 18.45679512]","Moyzesova 879/78, 017 01 Považská Bystrica, Slovakia",1 min,0,1 m,0
Brvnište,"[49.21381667, 18.42570359]","Brvnište 119, 018 12 Brvnište, Slovakia",Považská Bystrica,"[49.11799008, 18.45679512]","Moyzesova 879/78, 017 01 Považská Bystrica, Slovakia",17 mins,1049,14.6 km,14609
Dolná Mariková,"[49.21687816, 18.34652261]","Kohútovci 571, 018 02 Dolná Mariková-Kohútovci, Slovakia",Považská Bystrica,"[49.11799008, 18.45679512]","Moyzesova 879/78, 017 01 Považská Bystrica, Slovakia",23 mins,1391,17.2 km,17192
Domaniža,"[49.03693222, 18.55186453]","1947, 018 16 Domaniža, Slovakia",Považská Bystrica,"[49.11799008, 18.45679512]","Moyzesova 879/78, 017 01 Považská Bystrica, Slovakia",18 mins,1097,14.6 km,14623
Horná Mariková,"[49.2630624, 18.29949609]","Udička 750, 018 03 Horná Mariková, Slovakia",Považská Bystrica,"[49.11799008, 18.45679512]","Moyzesova 879/78, 017 01 Považská Bystrica, Slovakia",29 mins,1739,23.0 km,23046
Jasenica,"[49.17864375, 18.44687261]","Jasenica 86, 018 17 Jasenica, Slovakia",Považská Bystrica,"[49.11799008, 18.45679512]","Moyzesova 879/78, 017 01 Považská Bystrica, Slovakia",13 mins,779,10.6 km,10552
Kostolec,"[49.13004549, 18.53617002]","Kostolec 51, 017 05 Kostolec, Slovakia",Považská Bystrica,"[49.11799008, 18.45679512]","Moyzesova 879/78, 017 01 Považská Bystrica, Slovakia",16 mins,988,9.8 km,9841
Papradno,"[49.26949754, 18.37476351]","Unnamed Road, 018 13 Papradno, Slovakia",Považská Bystrica,"[49.11799008, 18.45679512]","Moyzesova 879/78, 017 01 Považská Bystrica, Slovakia",36 mins,2135,26.3 km,26323
Plevník-Drienové,"[49.15929714, 18.51362672]","018 26 Plevník-Drienové, Slovakia",Považská Bystrica,"[49.11799008, 18.45679512]","Moyzesova 879/78, 017 01 Považská Bystrica, Slovakia",12 mins,720,9.4 km,9399
Prečín,"[49.08751819, 18.52886472]","1987, 018 15 Prečín, Slovakia",Považská Bystrica,"[49.11799008, 18.45679512]","Moyzesova 879/78, 017 01 Považská Bystrica, Slovakia",12 mins,720,8.7 km,8655
Pružina,"[48.99779076, 18.47459591]","Unnamed Road, 018 22 Pružina, Slovakia",Považská Bystrica,"[49.11799008, 18.45679512]","Moyzesova 879/78, 017 01 Považská Bystrica, Slovakia",27 mins,1638,21.7 km,21675
Stupné,"[49.19593906, 18.43791167]","1978, 018 12 Stupné, Slovakia",Považská Bystrica,"[49.11799008, 18.45679512]","Moyzesova 879/78, 017 01 Považská Bystrica, Slovakia",14 mins,860,12.3 km,12339
Udiča,"[49.17107393, 18.39756578]","Udiča 271, 018 01 Udiča, Slovakia",Považská Bystrica,"[49.11799008, 18.45679512]","Moyzesova 879/78, 017 01 Považská Bystrica, Slovakia",13 mins,806,9.3 km,9289
Vrchteplá,"[49.13300502, 18.56170014]","Vrchteplá 104, 017 05 Vrchteplá, Slovakia",Považská Bystrica,"[49.11799008, 18.45679512]","Moyzesova 879/78, 017 01 Považská Bystrica, Slovakia",20 mins,1224,12.4 km,12376
Záskalie,"[49.13747107, 18.5179201]","1967, 017 05 Záskalie, Slovakia",Považská Bystrica,"[49.11799008, 18.45679512]","Moyzesova 879/78, 017 01 Považská Bystrica, Slovakia",12 mins,704,7.5 km,7511
Sverepec,"[49.08259749, 18.40522006]","Sverepec 242, 017 01 Sverepec, Slovakia",Považská Bystrica,"[49.11799008, 18.45679512]","Moyzesova 879/78, 017 01 Považská Bystrica, Slovakia",10 mins,607,7.1 km,7056
Dolný Lieskov,"[49.03161845, 18.42724095]","Unnamed Road, 018 22 Dolný Lieskov, Slovakia",Považská Bystrica,"[49.11799008, 18.45679512]","Moyzesova 879/78, 017 01 Považská Bystrica, Slovakia",20 mins,1188,15.3 km,15284
Slopná,"[49.04220298, 18.40411864]","018 21 Slopná, Slovakia",Považská Bystrica,"[49.11799008, 18.45679512]","Moyzesova 879/78, 017 01 Považská Bystrica, Slovakia",18 mins,1068,13.0 km,12952
Hatné,"[49.19740859, 18.38163142]","018 02 Hatné, Slovakia",Považská Bystrica,"[49.11799008, 18.45679512]","Moyzesova 879/78, 017 01 Považská Bystrica, Slovakia",17 mins,1025,12.7 km,12739
Klieština,"[49.184008, 18.34594506]","018 02 Klieština, Slovakia",Považská Bystrica,"[49.11799008, 18.45679512]","Moyzesova 879/78, 017 01 Považská Bystrica, Slovakia",20 mins,1220,14.9 km,14868
