Opatovce,"[48.86338565, 17.9749992]","Opatovce 53, 913 11 Opatovce, Slovakia",Trenčín,"[48.89630878, 18.04723436]","Gen. M. R. Štefánika 3, 911 01 Trenčín, Slovakia",19 mins,1127,12.4 km,12439
Selec,"[48.77720604, 18.00031937]","Selec, Slovakia",Trenčín,"[48.89630878, 18.04723436]","Gen. M. R. Štefánika 3, 911 01 Trenčín, Slovakia",25 mins,1505,18.4 km,18385
Soblahov,"[48.85970975, 18.09361705]","913 38 Soblahov, Slovakia",Trenčín,"[48.89630878, 18.04723436]","Gen. M. R. Štefánika 3, 911 01 Trenčín, Slovakia",15 mins,873,9.5 km,9473
Svinná,"[48.78782782, 18.16062845]","1860, 913 24 Svinná, Slovakia",Trenčín,"[48.89630878, 18.04723436]","Gen. M. R. Štefánika 3, 911 01 Trenčín, Slovakia",21 mins,1258,20.1 km,20071
Štvrtok,"[48.81731826, 17.88164294]","Štvrtok 137, 913 05 Štvrtok, Slovakia",Trenčín,"[48.89630878, 18.04723436]","Gen. M. R. Štefánika 3, 911 01 Trenčín, Slovakia",19 mins,1123,17.9 km,17943
Trenčianska Teplá,"[48.92956786, 18.11825685]","914 01 Trenčianska Teplá, Slovakia",Trenčín,"[48.89630878, 18.04723436]","Gen. M. R. Štefánika 3, 911 01 Trenčín, Slovakia",10 mins,606,7.6 km,7573
Trenčianska Turná,"[48.82899803, 18.02966434]","Unnamed Road, 913 21 Trenčianska Turná, Slovakia",Trenčín,"[48.89630878, 18.04723436]","Gen. M. R. Štefánika 3, 911 01 Trenčín, Slovakia",25 mins,1529,10.6 km,10641
Trenčianske Jastrabie,"[48.79480146, 18.08799527]","Unnamed Road, 913 22 Trenčianske Jastrabie, Slovakia",Trenčín,"[48.89630878, 18.04723436]","Gen. M. R. Štefánika 3, 911 01 Trenčín, Slovakia",22 mins,1334,16.4 km,16450
Trenčianske Mitice,"[48.81971956, 18.11711759]","1862, 913 22 Trenčianske Mitice-Zemianske Mitice, Slovakia",Trenčín,"[48.89630878, 18.04723436]","Gen. M. R. Štefánika 3, 911 01 Trenčín, Slovakia",19 mins,1119,17.0 km,16978
Trenčianske Teplice,"[48.90698821, 18.16127703]","Červené kopanice 20, 914 51 Trenčianske Teplice, Slovakia",Trenčín,"[48.89630878, 18.04723436]","Gen. M. R. Štefánika 3, 911 01 Trenčín, Slovakia",19 mins,1161,13.6 km,13570
Veľká Hradná,"[48.7769003, 18.11634175]","Unnamed Road, 913 24 Veľká Hradná, Slovakia",Trenčín,"[48.89630878, 18.04723436]","Gen. M. R. Štefánika 3, 911 01 Trenčín, Slovakia",24 mins,1420,19.7 km,19719
Veľké Bierovce,"[48.85201211, 17.97569664]","913 11 Veľké Bierovce, Slovakia",Trenčín,"[48.89630878, 18.04723436]","Gen. M. R. Štefánika 3, 911 01 Trenčín, Slovakia",14 mins,844,11.2 km,11220
Melčice-Lieskové,"[48.85998109, 17.88883858]","Unnamed Road, 913 05 Melčice - Lieskové, Slovakia",Trenčín,"[48.89630878, 18.04723436]","Gen. M. R. Štefánika 3, 911 01 Trenčín, Slovakia",23 mins,1350,17.2 km,17248
Trenčianske Stankovce,"[48.81995366, 17.99136492]","1877, 913 11 Trenčianske Stankovce, Slovakia",Trenčín,"[48.89630878, 18.04723436]","Gen. M. R. Štefánika 3, 911 01 Trenčín, Slovakia",16 mins,980,12.8 km,12804
Skalka nad Váhom,"[48.93371511, 18.07091191]","Skalka nad Váhom 25, 913 31 Skalka nad Váhom, Slovakia",Trenčín,"[48.89630878, 18.04723436]","Gen. M. R. Štefánika 3, 911 01 Trenčín, Slovakia",19 mins,1150,12.2 km,12227
Zamarovce,"[48.91138492, 18.05308611]","Alexandra Lišku 24, 911 05 Zamarovce, Slovakia",Trenčín,"[48.89630878, 18.04723436]","Gen. M. R. Štefánika 3, 911 01 Trenčín, Slovakia",12 mins,747,6.6 km,6590
Petrova Lehota,"[48.87335493, 18.17404693]","Petrova Lehota 36, 913 26 Petrova Lehota, Slovakia",Trenčín,"[48.89630878, 18.04723436]","Gen. M. R. Štefánika 3, 911 01 Trenčín, Slovakia",28 mins,1709,22.5 km,22503
