Beladice,"[48.33919588, 18.29030579]","Čeladická 367, 951 75 Beladice, Slovakia",Zlaté Moravce,"[48.37555889, 18.39858228]","Prílepská 1421/6, 953 01 Zlaté Moravce, Slovakia",10 mins,589,11.2 km,11158
Čaradice,"[48.36979859, 18.50538564]","E571, 953 01 Čaradice, Slovakia",Zlaté Moravce,"[48.37555889, 18.39858228]","Prílepská 1421/6, 953 01 Zlaté Moravce, Slovakia",8 mins,457,9.5 km,9489
Čierne Kľačany,"[48.3565208, 18.44841892]","E571, Čierne Kľačany, Slovakia",Zlaté Moravce,"[48.37555889, 18.39858228]","Prílepská 1421/6, 953 01 Zlaté Moravce, Slovakia",7 mins,407,10.2 km,10224
Hostie,"[48.46315964, 18.44455254]","Unnamed Road, 951 94 Hostie, Slovakia",Zlaté Moravce,"[48.37555889, 18.39858228]","Prílepská 1421/6, 953 01 Zlaté Moravce, Slovakia",19 mins,1141,12.2 km,12180
Hosťovce,"[48.44253342, 18.34590334]","Unnamed Road, 951 91 Hosťovce, Slovakia",Zlaté Moravce,"[48.37555889, 18.39858228]","Prílepská 1421/6, 953 01 Zlaté Moravce, Slovakia",14 mins,862,10.8 km,10800
Choča,"[48.35459, 18.32538108]","Choča 175, 951 76 Choča, Slovakia",Zlaté Moravce,"[48.37555889, 18.39858228]","Prílepská 1421/6, 953 01 Zlaté Moravce, Slovakia",10 mins,610,10.3 km,10300
Jedľové Kostoľany,"[48.47843806, 18.50476767]","Drienovský štál 484, 951 96 Jedľové Kostoľany, Slovakia",Zlaté Moravce,"[48.37555889, 18.39858228]","Prílepská 1421/6, 953 01 Zlaté Moravce, Slovakia",23 mins,1378,17.7 km,17731
Kostoľany pod Tribečom,"[48.43061678, 18.23336088]","951 77 Kostoľany pod Tribečom, Slovakia",Zlaté Moravce,"[48.37555889, 18.39858228]","Prílepská 1421/6, 953 01 Zlaté Moravce, Slovakia",28 mins,1666,19.6 km,19563
Ladice,"[48.39220604, 18.27121916]","Ladice 602, 951 77 Ladice, Slovakia",Zlaté Moravce,"[48.37555889, 18.39858228]","Prílepská 1421/6, 953 01 Zlaté Moravce, Slovakia",16 mins,961,11.3 km,11285
Lovce,"[48.46207351, 18.35660312]","Unnamed Road, 951 92 Lovce, Slovakia",Zlaté Moravce,"[48.37555889, 18.39858228]","Prílepská 1421/6, 953 01 Zlaté Moravce, Slovakia",21 mins,1243,13.4 km,13395
Machulince,"[48.4075838, 18.45590425]","Unnamed Road, 951 93 Machulince, Slovakia",Zlaté Moravce,"[48.37555889, 18.39858228]","Prílepská 1421/6, 953 01 Zlaté Moravce, Slovakia",20 mins,1218,9.1 km,9133
Mankovce,"[48.42178606, 18.32925888]","Mankovce 204, 951 91 Mankovce, Slovakia",Zlaté Moravce,"[48.37555889, 18.39858228]","Prílepská 1421/6, 953 01 Zlaté Moravce, Slovakia",12 mins,736,9.6 km,9605
Martin nad Žitavou,"[48.39391833, 18.35551446]","1613, 953 01 Martin nad Žitavou, Slovakia",Zlaté Moravce,"[48.37555889, 18.39858228]","Prílepská 1421/6, 953 01 Zlaté Moravce, Slovakia",6 mins,367,4.4 km,4404
Nemčiňany,"[48.30207978, 18.44956896]","1626, 951 81 Nemčiňany, Slovakia",Zlaté Moravce,"[48.37555889, 18.39858228]","Prílepská 1421/6, 953 01 Zlaté Moravce, Slovakia",10 mins,583,9.7 km,9681
Neverice,"[48.36546393, 18.27837878]","Beladická 65, 951 72 Neverice, Slovakia",Zlaté Moravce,"[48.37555889, 18.39858228]","Prílepská 1421/6, 953 01 Zlaté Moravce, Slovakia",12 mins,732,13.3 km,13294
Nevidzany,"[48.28293687, 18.37855915]","Nevidzany 83, 951 62 Nevidzany, Slovakia",Zlaté Moravce,"[48.37555889, 18.39858228]","Prílepská 1421/6, 953 01 Zlaté Moravce, Slovakia",14 mins,866,12.1 km,12078
Obyce,"[48.4307042, 18.49129544]","Unnamed Road, 951 95 Obyce, Slovakia",Zlaté Moravce,"[48.37555889, 18.39858228]","Prílepská 1421/6, 953 01 Zlaté Moravce, Slovakia",42 mins,2500,13.2 km,13217
Skýcov,"[48.51429336, 18.44503868]","Topoľčianska 509, 951 85 Skýcov, Slovakia",Zlaté Moravce,"[48.37555889, 18.39858228]","Prílepská 1421/6, 953 01 Zlaté Moravce, Slovakia",30 mins,1778,20.4 km,20394
Sľažany,"[48.38536458, 18.32500153]","Sľažany 483, 951 71 Sľažany, Slovakia",Zlaté Moravce,"[48.37555889, 18.39858228]","Prílepská 1421/6, 953 01 Zlaté Moravce, Slovakia",8 mins,501,6.7 km,6713
Slepčany,"[48.30739689, 18.3327791]","Hlavná, 951 52 Slepčany, Slovakia",Zlaté Moravce,"[48.37555889, 18.39858228]","Prílepská 1421/6, 953 01 Zlaté Moravce, Slovakia",10 mins,585,10.0 km,9951
