Rakúsy,"[49.19064779, 20.37765449]","Rakúsy, 059 76 Rakúsy, Slovakia",Kežmarok,"[49.14966643, 20.4342774]","Michalská 2153, 060 01 Kežmarok, Slovakia",9 mins,549,6.8 km,6816
Reľov,"[49.28929984, 20.38284294]","Unnamed Road, 059 04 Reľov, Slovakia",Kežmarok,"[49.14966643, 20.4342774]","Michalská 2153, 060 01 Kežmarok, Slovakia",28 mins,1693,24.6 km,24592
Slovenská Ves,"[49.25203565, 20.4167605]","542, 059 02 Slovenská Ves, Slovakia",Kežmarok,"[49.14966643, 20.4342774]","Michalská 2153, 060 01 Kežmarok, Slovakia",16 mins,936,13.6 km,13644
Spišská Belá,"[49.19732587, 20.42898397]","66, 059 01 Spišská Belá, Slovakia",Kežmarok,"[49.14966643, 20.4342774]","Michalská 2153, 060 01 Kežmarok, Slovakia",10 mins,616,7.9 km,7949
Spišská Stará Ves,"[49.38148963, 20.35478073]","Tatranská 385/45, 061 01 Spišská Stará Ves, Slovakia",Kežmarok,"[49.14966643, 20.4342774]","Michalská 2153, 060 01 Kežmarok, Slovakia",38 mins,2266,34.9 km,34861
Spišské Hanušovce,"[49.32025342, 20.34651175]","Unnamed Road, 059 04 Spišské Hanušovce, Slovakia",Kežmarok,"[49.14966643, 20.4342774]","Michalská 2153, 060 01 Kežmarok, Slovakia",32 mins,1903,28.3 km,28309
Stará Lesná,"[49.13577542, 20.30444525]","Tatranská 9, 059 52 Stará Lesná, Slovakia",Kežmarok,"[49.14966643, 20.4342774]","Michalská 2153, 060 01 Kežmarok, Slovakia",18 mins,1078,13.3 km,13258
Stráne pod Tatrami,"[49.16193111, 20.36979984]","Stráne pod Tatrami 16, 059 76 Stráne pod Tatrami, Slovakia",Kežmarok,"[49.14966643, 20.4342774]","Michalská 2153, 060 01 Kežmarok, Slovakia",10 mins,606,6.5 km,6486
Toporec,"[49.28394457, 20.47478153]","3107, 059 95 Toporec, Slovakia",Kežmarok,"[49.14966643, 20.4342774]","Michalská 2153, 060 01 Kežmarok, Slovakia",22 mins,1314,18.8 km,18773
Tvarožná,"[49.08255798, 20.48035881]","Tvarožná 186, 059 56 Tvarožná, Slovakia",Kežmarok,"[49.14966643, 20.4342774]","Michalská 2153, 060 01 Kežmarok, Slovakia",15 mins,911,10.9 km,10862
Veľká Franková,"[49.33270375, 20.29601599]","3110, 059 78 Veľká Franková, Slovakia",Kežmarok,"[49.14966643, 20.4342774]","Michalská 2153, 060 01 Kežmarok, Slovakia",38 mins,2307,33.8 km,33828
Veľká Lomnica,"[49.11801567, 20.34647505]","3102, 059 52 Veľká Lomnica, Slovakia",Kežmarok,"[49.14966643, 20.4342774]","Michalská 2153, 060 01 Kežmarok, Slovakia",13 mins,788,9.5 km,9501
Vlková,"[49.05771259, 20.43491408]","Vlková 104, 059 72 Vlková, Slovakia",Kežmarok,"[49.14966643, 20.4342774]","Michalská 2153, 060 01 Kežmarok, Slovakia",16 mins,988,12.6 km,12553
Vlkovce,"[49.05329767, 20.50167605]","Vlkovce 23, 059 56 Vlkovce, Slovakia",Kežmarok,"[49.14966643, 20.4342774]","Michalská 2153, 060 01 Kežmarok, Slovakia",24 mins,1415,18.4 km,18450
Vojňany,"[49.25593533, 20.44231342]","Unnamed Road, 059 02 Vojňany, Slovakia",Kežmarok,"[49.14966643, 20.4342774]","Michalská 2153, 060 01 Kežmarok, Slovakia",20 mins,1196,15.8 km,15755
Vrbov,"[49.08749518, 20.43583497]","Vrbov 1020, 059 72 Vrbov, Slovakia",Kežmarok,"[49.14966643, 20.4342774]","Michalská 2153, 060 01 Kežmarok, Slovakia",15 mins,892,9.6 km,9610
Výborná,"[49.24249504, 20.3883618]","Výborná 91, 059 02 Výborná, Slovakia",Kežmarok,"[49.14966643, 20.4342774]","Michalská 2153, 060 01 Kežmarok, Slovakia",18 mins,1055,13.5 km,13509
Zálesie,"[49.31956103, 20.38937677]","3111, 059 04 Zálesie, Slovakia",Kežmarok,"[49.14966643, 20.4342774]","Michalská 2153, 060 01 Kežmarok, Slovakia",40 mins,2406,35.9 km,35915
Žakovce,"[49.0717569, 20.38999806]","Unnamed Road, 059 73 Vrbov, Slovakia",Kežmarok,"[49.14966643, 20.4342774]","Michalská 2153, 060 01 Kežmarok, Slovakia",19 mins,1113,11.7 km,11688
Malá Franková,"[49.30204024, 20.29768191]","Unnamed Road, 059 78 Malá Franková, Slovakia",Kežmarok,"[49.14966643, 20.4342774]","Michalská 2153, 060 01 Kežmarok, Slovakia",46 mins,2741,38.6 km,38558
