Budince,"[48.54675681, 22.12171993]","3757, 076 77 Budince, Slovakia",Michalovce,"[48.75447002, 21.91377741]","Špitálska 1255/3, 071 01 Michalovce, Slovakia",34 mins,2014,32.9 km,32896
Michalovce,"[48.75447002, 21.91377741]","Špitálska 1255/3, 071 01 Michalovce, Slovakia",Michalovce,"[48.75447002, 21.91377741]","Špitálska 1255/3, 071 01 Michalovce, Slovakia",1 min,0,1 m,0
Bajany,"[48.5959121, 22.11410446]","Unnamed Road, 072 54 Bajany, Slovakia",Michalovce,"[48.75447002, 21.91377741]","Špitálska 1255/3, 071 01 Michalovce, Slovakia",29 mins,1736,27.0 km,27041
Bánovce nad Ondavou,"[48.67462824, 21.81269848]","072 04 Bánovce nad Ondavou, Slovakia",Michalovce,"[48.75447002, 21.91377741]","Špitálska 1255/3, 071 01 Michalovce, Slovakia",17 mins,1005,13.1 km,13066
Bracovce,"[48.64149612, 21.82381802]","Bracovce 49, 072 05 Bracovce, Slovakia",Michalovce,"[48.75447002, 21.91377741]","Špitálska 1255/3, 071 01 Michalovce, Slovakia",24 mins,1439,18.0 km,18028
Budkovce,"[48.63276107, 21.9335984]","Budkovce 70, 072 15 Budkovce, Slovakia",Michalovce,"[48.75447002, 21.91377741]","Špitálska 1255/3, 071 01 Michalovce, Slovakia",19 mins,1136,16.2 km,16166
Čečehov,"[48.7224643, 21.99992049]","Unnamed Road, 072 11 Čečehov, Slovakia",Michalovce,"[48.75447002, 21.91377741]","Špitálska 1255/3, 071 01 Michalovce, Slovakia",13 mins,776,8.7 km,8671
Dúbravka,"[48.62981615, 21.87760306]","Unnamed Road, 072 15 Dúbravka, Slovakia",Michalovce,"[48.75447002, 21.91377741]","Špitálska 1255/3, 071 01 Michalovce, Slovakia",22 mins,1311,17.0 km,16988
Falkušovce,"[48.6252456, 21.83201805]","Unnamed Road, 072 05 Falkušovce, Slovakia",Michalovce,"[48.75447002, 21.91377741]","Špitálska 1255/3, 071 01 Michalovce, Slovakia",25 mins,1495,19.8 km,19772
Hatalov,"[48.65697735, 21.89208421]","3739, 072 16 Hatalov, Slovakia",Michalovce,"[48.75447002, 21.91377741]","Špitálska 1255/3, 071 01 Michalovce, Slovakia",15 mins,903,12.2 km,12153
Hažín,"[48.7358335, 22.04339788]","Unnamed Road, Blatné Revištia, Slovakia",Michalovce,"[48.75447002, 21.91377741]","Špitálska 1255/3, 071 01 Michalovce, Slovakia",26 mins,1562,19.5 km,19483
Hnojné,"[48.78356943, 22.06508369]","Hnojné 4, 072 33 Hnojné, Slovakia",Michalovce,"[48.75447002, 21.91377741]","Špitálska 1255/3, 071 01 Michalovce, Slovakia",18 mins,1077,14.9 km,14944
Horovce,"[48.69452913, 21.77055198]","Unnamed Road, 072 02 Horovce, Slovakia",Michalovce,"[48.75447002, 21.91377741]","Špitálska 1255/3, 071 01 Michalovce, Slovakia",18 mins,1103,14.9 km,14893
Iňačovce,"[48.69319792, 22.04530655]","Iňačovce 86, 072 11 Iňačovce, Slovakia",Michalovce,"[48.75447002, 21.91377741]","Špitálska 1255/3, 071 01 Michalovce, Slovakia",21 mins,1236,14.6 km,14642
Jastrabie pri Michalovciach,"[48.71829236, 22.03014614]","072 11 Jastrabie pri Michalovciach, Slovakia",Michalovce,"[48.75447002, 21.91377741]","Špitálska 1255/3, 071 01 Michalovce, Slovakia",17 mins,1044,12.2 km,12222
Jovsa,"[48.82319756, 22.09427416]","Jovsa 155, 072 32 Jovsa, Slovakia",Michalovce,"[48.75447002, 21.91377741]","Špitálska 1255/3, 071 01 Michalovce, Slovakia",21 mins,1243,18.8 km,18834
Kačanov,"[48.60872452, 21.83058938]","Unnamed Road, 072 05 Kačanov, Slovakia",Michalovce,"[48.75447002, 21.91377741]","Špitálska 1255/3, 071 01 Michalovce, Slovakia",27 mins,1613,21.8 km,21812
Kaluža,"[48.81436169, 22.00459532]","Unnamed Road, 072 36 Kaluža, Slovakia",Michalovce,"[48.75447002, 21.91377741]","Špitálska 1255/3, 071 01 Michalovce, Slovakia",16 mins,973,12.4 km,12437
Klokočov,"[48.81467007, 22.03167355]","Klokočov 46, 072 36 Klokočov, Slovakia",Michalovce,"[48.75447002, 21.91377741]","Špitálska 1255/3, 071 01 Michalovce, Slovakia",17 mins,1000,13.8 km,13762
Zemplínske Kopčany,"[48.59186673, 21.90933562]","3739, 072 17 Zemplínske Kopčany, Slovakia",Michalovce,"[48.75447002, 21.91377741]","Špitálska 1255/3, 071 01 Michalovce, Slovakia",23 mins,1389,21.1 km,21074
