Beckov,"[48.78583979, 17.90912526]","Beckov 115, 916 38 Beckov, Slovakia",Nové Mesto nad Váhom,"[48.75591354, 17.82260117]","Poľovnícka 10-11, 915 01 Nové Mesto nad Váhom, Slovakia",16 mins,951,10.6 km,10598
Bošáca,"[48.82179521, 17.83177375]","1221, 913 07 Bošáca, Slovakia",Nové Mesto nad Váhom,"[48.75591354, 17.82260117]","Poľovnícka 10-11, 915 01 Nové Mesto nad Váhom, Slovakia",13 mins,775,9.6 km,9637
Brunovce,"[48.67875338, 17.85038326]","61, 916 25 Brunovce, Slovakia",Nové Mesto nad Váhom,"[48.75591354, 17.82260117]","Poľovnícka 10-11, 915 01 Nové Mesto nad Váhom, Slovakia",13 mins,782,10.0 km,9992
Bzince pod Javorinou,"[48.80599989, 17.75027628]","1240, 916 11 Bzince pod Javorinou, Slovakia",Nové Mesto nad Váhom,"[48.75591354, 17.82260117]","Poľovnícka 10-11, 915 01 Nové Mesto nad Váhom, Slovakia",13 mins,793,11.4 km,11444
Čachtice,"[48.71429078, 17.78725209]","Teplica 936, 916 21 Čachtice, Slovakia",Nové Mesto nad Váhom,"[48.75591354, 17.82260117]","Poľovnícka 10-11, 915 01 Nové Mesto nad Váhom, Slovakia",8 mins,506,6.3 km,6325
Častkovce,"[48.68720995, 17.77143841]","Unnamed Road, 916 27 Častkovce, Slovakia",Nové Mesto nad Váhom,"[48.75591354, 17.82260117]","Poľovnícka 10-11, 915 01 Nové Mesto nad Váhom, Slovakia",15 mins,886,10.6 km,10579
Dolné Srnie,"[48.79532937, 17.81834936]","Dolné Srnie 347, 916 41 Dolné Srnie, Slovakia",Nové Mesto nad Váhom,"[48.75591354, 17.82260117]","Poľovnícka 10-11, 915 01 Nové Mesto nad Váhom, Slovakia",10 mins,594,6.5 km,6451
Hôrka nad Váhom,"[48.71254278, 17.94062617]","Unnamed Road, 916 32 Hôrka nad Váhom, Slovakia",Nové Mesto nad Váhom,"[48.75591354, 17.82260117]","Poľovnícka 10-11, 915 01 Nové Mesto nad Váhom, Slovakia",24 mins,1440,15.2 km,15247
Horná Streda,"[48.65633691, 17.84858984]","Partizánska 405, 916 24 Horná Streda, Slovakia",Nové Mesto nad Váhom,"[48.75591354, 17.82260117]","Poľovnícka 10-11, 915 01 Nové Mesto nad Váhom, Slovakia",19 mins,1122,14.1 km,14111
Hrádok,"[48.69218056, 17.93250851]","1235, 916 33 Hrádok, Slovakia",Nové Mesto nad Váhom,"[48.75591354, 17.82260117]","Poľovnícka 10-11, 915 01 Nové Mesto nad Váhom, Slovakia",22 mins,1318,22.6 km,22629
Hrachovište,"[48.71261842, 17.72363097]","1229, 916 16 Hrachovište, Slovakia",Nové Mesto nad Váhom,"[48.75591354, 17.82260117]","Poľovnícka 10-11, 915 01 Nové Mesto nad Váhom, Slovakia",20 mins,1190,14.8 km,14782
Kálnica,"[48.74944109, 17.95813892]","Unnamed Road, 916 37 Kálnica, Slovakia",Nové Mesto nad Váhom,"[48.75591354, 17.82260117]","Poľovnícka 10-11, 915 01 Nové Mesto nad Váhom, Slovakia",20 mins,1222,12.8 km,12766
Kočovce,"[48.74831028, 17.88894888]","507, 916 31 Kočovce, Slovakia",Nové Mesto nad Váhom,"[48.75591354, 17.82260117]","Poľovnícka 10-11, 915 01 Nové Mesto nad Váhom, Slovakia",11 mins,646,7.7 km,7740
Lubina,"[48.81566154, 17.70670625]","1242, 916 12 Lubina, Slovakia",Nové Mesto nad Váhom,"[48.75591354, 17.82260117]","Poľovnícka 10-11, 915 01 Nové Mesto nad Váhom, Slovakia",16 mins,942,14.2 km,14244
Lúka,"[48.66838628, 17.90577396]","Unnamed Road, 916 33 Lúka, Slovakia",Nové Mesto nad Váhom,"[48.75591354, 17.82260117]","Poľovnícka 10-11, 915 01 Nové Mesto nad Váhom, Slovakia",24 mins,1454,20.1 km,20101
Modrová,"[48.63667331, 17.91478202]","1232, 916 35 Stará Lehota, Slovakia",Nové Mesto nad Váhom,"[48.75591354, 17.82260117]","Poľovnícka 10-11, 915 01 Nové Mesto nad Váhom, Slovakia",20 mins,1220,21.9 km,21873
Modrovka,"[48.6456444, 17.87770069]","916 35 Modrovka, Slovakia",Nové Mesto nad Váhom,"[48.75591354, 17.82260117]","Poľovnícka 10-11, 915 01 Nové Mesto nad Váhom, Slovakia",19 mins,1110,19.7 km,19726
Moravské Lieskové,"[48.84277612, 17.76965862]","Unnamed Road, 916 42 Moravské Lieskové, Slovakia",Nové Mesto nad Váhom,"[48.75591354, 17.82260117]","Poľovnícka 10-11, 915 01 Nové Mesto nad Váhom, Slovakia",15 mins,890,12.7 km,12676
Nová Bošáca,"[48.895886, 17.79675799]","Nová Bošáca, Slovakia",Nové Mesto nad Váhom,"[48.75591354, 17.82260117]","Poľovnícka 10-11, 915 01 Nové Mesto nad Váhom, Slovakia",29 mins,1740,21.1 km,21064
Nová Lehota,"[48.65046531, 17.99167609]","1232, 916 35 Nová Lehota, Slovakia",Nové Mesto nad Váhom,"[48.75591354, 17.82260117]","Poľovnícka 10-11, 915 01 Nové Mesto nad Váhom, Slovakia",31 mins,1851,30.4 km,30376
