Bolešov,"[49.00532376, 18.13221339]","018 53 Bolešov, Slovakia",Ilava,"[48.97967403, 18.24544097]","Sídlisko Skala, 019 01 Ilava, Slovakia",27 mins,1595,18.6 km,18589
Červený Kameň,"[49.10487166, 18.14740593]","1922, 018 56 Červený Kameň, Slovakia",Ilava,"[48.97967403, 18.24544097]","Sídlisko Skala, 019 01 Ilava, Slovakia",24 mins,1468,19.1 km,19093
Dubnica nad Váhom,"[48.95104032, 18.20803395]","Štúrova 1554, 018 41 Dubnica nad Váhom, Slovakia",Ilava,"[48.97967403, 18.24544097]","Sídlisko Skala, 019 01 Ilava, Slovakia",17 mins,1013,11.0 km,11004
Dulov,"[49.03970436, 18.24560481]","507, 018 52 Dulov, Slovakia",Ilava,"[48.97967403, 18.24544097]","Sídlisko Skala, 019 01 Ilava, Slovakia",12 mins,733,9.4 km,9390
Horná Poruba,"[48.94186499, 18.3013063]","Horná Poruba 223, 018 35 Horná Poruba, Slovakia",Ilava,"[48.97967403, 18.24544097]","Sídlisko Skala, 019 01 Ilava, Slovakia",10 mins,610,8.5 km,8453
Ilava,"[48.97967403, 18.24544097]","Sídlisko Skala, 019 01 Ilava, Slovakia",Ilava,"[48.97967403, 18.24544097]","Sídlisko Skala, 019 01 Ilava, Slovakia",1 min,0,1 m,0
Košeca,"[49.00409255, 18.28272032]","Unnamed Road, 018 64 Košeca, Slovakia",Ilava,"[48.97967403, 18.24544097]","Sídlisko Skala, 019 01 Ilava, Slovakia",13 mins,789,6.8 km,6840
Ladce,"[49.02636267, 18.30196127]","Janka Kráľa 501, 018 63 Ladce, Slovakia",Ilava,"[48.97967403, 18.24544097]","Sídlisko Skala, 019 01 Ilava, Slovakia",17 mins,1000,10.8 km,10828
Košecké Podhradie,"[48.9689933, 18.33651096]","Košecké Podhradie 617, 018 31 Košecké Podhradie, Slovakia",Ilava,"[48.97967403, 18.24544097]","Sídlisko Skala, 019 01 Ilava, Slovakia",17 mins,1001,12.7 km,12724
Mikušovce,"[49.06820424, 18.19846738]","018 57 Mikušovce, Slovakia",Ilava,"[48.97967403, 18.24544097]","Sídlisko Skala, 019 01 Ilava, Slovakia",19 mins,1126,13.3 km,13300
Nová Dubnica,"[48.93037523, 18.16877548]","Slobody 357, 018 51 Nová Dubnica, Slovakia",Ilava,"[48.97967403, 18.24544097]","Sídlisko Skala, 019 01 Ilava, Slovakia",21 mins,1280,17.0 km,17019
Pruské,"[49.03064069, 18.20806241]","Pruské 301, 018 52 Pruské, Slovakia",Ilava,"[48.97967403, 18.24544097]","Sídlisko Skala, 019 01 Ilava, Slovakia",12 mins,700,7.3 km,7267
Tuchyňa,"[49.04488921, 18.21745493]","Tuchyňa 311, 018 55 Tuchyňa, Slovakia",Ilava,"[48.97967403, 18.24544097]","Sídlisko Skala, 019 01 Ilava, Slovakia",14 mins,843,9.7 km,9748
Zliechov,"[48.94252902, 18.43208194]","Unnamed Road, 018 32 Zliechov, Slovakia",Ilava,"[48.97967403, 18.24544097]","Sídlisko Skala, 019 01 Ilava, Slovakia",26 mins,1569,21.6 km,21643
Borčice,"[48.9881503, 18.12776763]","Unnamed Road, 018 53 Borčice, Slovakia",Ilava,"[48.97967403, 18.24544097]","Sídlisko Skala, 019 01 Ilava, Slovakia",19 mins,1152,15.2 km,15207
Kameničany,"[49.0095673, 18.15092009]","Kameničany 181, 018 54 Kameničany, Slovakia",Ilava,"[48.97967403, 18.24544097]","Sídlisko Skala, 019 01 Ilava, Slovakia",21 mins,1267,13.0 km,12950
Sedmerovec,"[49.01600524, 18.17798024]","Kráčina, 018 54 Sedmerovec, Slovakia",Ilava,"[48.97967403, 18.24544097]","Sídlisko Skala, 019 01 Ilava, Slovakia",16 mins,963,10.5 km,10517
Slavnica,"[49.01695965, 18.15753438]","Podhorie 182, 018 54 Slavnica, Slovakia",Ilava,"[48.97967403, 18.24544097]","Sídlisko Skala, 019 01 Ilava, Slovakia",18 mins,1097,12.1 km,12092
Krivoklát,"[49.04795821, 18.13426481]","Krivoklát 56, 018 52 Krivoklát, Slovakia",Ilava,"[48.97967403, 18.24544097]","Sídlisko Skala, 019 01 Ilava, Slovakia",37 mins,2241,17.1 km,17132
Vršatské Podhradie,"[49.06695995, 18.13285873]","Unnamed Road, 018 52 Krivoklát, Slovakia",Ilava,"[48.97967403, 18.24544097]","Sídlisko Skala, 019 01 Ilava, Slovakia",29 mins,1764,15.0 km,15027
