Podhradie,"[49.07731465, 19.07226529]","Slatinská 49, 038 52 Podhradie, Slovakia",Martin,"[49.08433868, 18.89086064]","Korunovo 10-15, 036 01 Martin, Slovakia",23 mins,1384,16.4 km,16421
Príbovce,"[49.00094161, 18.89488132]","038 42 Príbovce, Slovakia",Martin,"[49.08433868, 18.89086064]","Korunovo 10-15, 036 01 Martin, Slovakia",14 mins,860,11.5 km,11518
Rakovo,"[48.98176755, 18.8889013]","038 42 Rakovo, Slovakia",Martin,"[49.08433868, 18.89086064]","Korunovo 10-15, 036 01 Martin, Slovakia",16 mins,968,13.8 km,13769
Ratkovo,"[49.13708258, 19.08492505]","E50, 038 54 Ratkovo, Slovakia",Martin,"[49.08433868, 18.89086064]","Korunovo 10-15, 036 01 Martin, Slovakia",19 mins,1123,21.0 km,20966
Sklabiňa,"[49.04239941, 19.0173635]","Sklabiňa 85, 038 03 Sklabiňa, Slovakia",Martin,"[49.08433868, 18.89086064]","Korunovo 10-15, 036 01 Martin, Slovakia",20 mins,1193,13.1 km,13149
Sklabinský Podzámok,"[49.04349148, 19.06128629]","Unnamed Road, 038 03 Sklabinský Podzámok, Slovakia",Martin,"[49.08433868, 18.89086064]","Korunovo 10-15, 036 01 Martin, Slovakia",30 mins,1783,17.2 km,17150
Slovany,"[48.97517124, 18.83142408]","Unnamed Road, 038 43 Slovany, Slovakia",Martin,"[49.08433868, 18.89086064]","Korunovo 10-15, 036 01 Martin, Slovakia",24 mins,1444,17.2 km,17209
Socovce,"[48.94628409, 18.87243552]","Unnamed Road, 038 43 Socovce, Slovakia",Martin,"[49.08433868, 18.89086064]","Korunovo 10-15, 036 01 Martin, Slovakia",23 mins,1408,20.5 km,20544
Sučany,"[49.12172277, 18.98019726]","Unnamed Road, 038 52 Sučany, Slovakia",Martin,"[49.08433868, 18.89086064]","Korunovo 10-15, 036 01 Martin, Slovakia",21 mins,1239,13.5 km,13501
Šútovo,"[49.17455921, 19.0683314]","Unnamed Road, 038 54 Šútovo, Slovakia",Martin,"[49.08433868, 18.89086064]","Korunovo 10-15, 036 01 Martin, Slovakia",48 mins,2858,23.9 km,23894
Trebostovo,"[49.03634669, 18.83530176]","Unnamed Road, 038 41 Trebostovo, Slovakia",Martin,"[49.08433868, 18.89086064]","Korunovo 10-15, 036 01 Martin, Slovakia",22 mins,1291,14.7 km,14709
Trnovo,"[49.02370963, 18.83439031]","Piesky 184, 038 41 Trebostovo, Slovakia",Martin,"[49.08433868, 18.89086064]","Korunovo 10-15, 036 01 Martin, Slovakia",20 mins,1204,13.7 km,13699
Turany,"[49.14451117, 19.03040368]","Unnamed Road, 038 53 Turany, Slovakia",Martin,"[49.08433868, 18.89086064]","Korunovo 10-15, 036 01 Martin, Slovakia",29 mins,1730,18.4 km,18363
Turčianska Štiavnička,"[49.07976865, 19.02756434]","SNP 275/41, 038 51 Turčianska Štiavnička, Slovakia",Martin,"[49.08433868, 18.89086064]","Korunovo 10-15, 036 01 Martin, Slovakia",19 mins,1156,13.8 km,13751
Turčianske Kľačany,"[49.13295359, 18.95016771]","Unnamed Road, 038 61 Turčianske Kľačany, Slovakia",Martin,"[49.08433868, 18.89086064]","Korunovo 10-15, 036 01 Martin, Slovakia",36 mins,2155,15.2 km,15164
Turčiansky Ďur,"[48.95076129, 18.8440685]","519, 038 43 Turčiansky Ďur, Slovakia",Martin,"[49.08433868, 18.89086064]","Korunovo 10-15, 036 01 Martin, Slovakia",20 mins,1193,18.5 km,18549
Turčiansky Peter,"[49.03637038, 18.87380535]","Unnamed Road, 038 41 Turčiansky Peter, Slovakia",Martin,"[49.08433868, 18.89086064]","Korunovo 10-15, 036 01 Martin, Slovakia",17 mins,1011,9.0 km,8987
Valča,"[49.02201072, 18.79562284]","Unnamed Road, 038 35 Valča, Slovakia",Martin,"[49.08433868, 18.89086064]","Korunovo 10-15, 036 01 Martin, Slovakia",22 mins,1348,18.3 km,18251
Vrícko,"[48.97075579, 18.69219358]","Vrícko 94, 038 31 Vrícko, Slovakia",Martin,"[49.08433868, 18.89086064]","Korunovo 10-15, 036 01 Martin, Slovakia",36 mins,2146,30.4 km,30361
Záborie,"[49.03406291, 19.00820109]","Unnamed Road, 038 03 Záborie, Slovakia",Martin,"[49.08433868, 18.89086064]","Korunovo 10-15, 036 01 Martin, Slovakia",20 mins,1213,13.1 km,13074
