Trenčín,"[48.89630878, 18.04723436]","Gen. M. R. Štefánika 3, 911 01 Trenčín, Slovakia",Trenčín,"[48.89630878, 18.04723436]","Gen. M. R. Štefánika 3, 911 01 Trenčín, Slovakia",1 min,0,1 m,0
Adamovské Kochanovce,"[48.86370063, 17.91673804]","Unnamed Road, 913 05 Adamovské Kochanovce, Slovakia",Trenčín,"[48.89630878, 18.04723436]","Gen. M. R. Štefánika 3, 911 01 Trenčín, Slovakia",21 mins,1280,13.9 km,13943
Bobot,"[48.82677017, 18.20322334]","Unnamed Road, 913 25 Bobot, Slovakia",Trenčín,"[48.89630878, 18.04723436]","Gen. M. R. Štefánika 3, 911 01 Trenčín, Slovakia",35 mins,2090,25.5 km,25460
Dolná Poruba,"[48.90330393, 18.29301711]","914 43 Dolná Poruba, Slovakia",Trenčín,"[48.89630878, 18.04723436]","Gen. M. R. Štefánika 3, 911 01 Trenčín, Slovakia",29 mins,1758,22.9 km,22884
Dolná Súča,"[48.96507764, 18.02007833]","1882, 913 32 Dolná Súča, Slovakia",Trenčín,"[48.89630878, 18.04723436]","Gen. M. R. Štefánika 3, 911 01 Trenčín, Slovakia",19 mins,1162,13.1 km,13097
Drietoma,"[48.9213009, 17.93071006]","913 03 Drietoma-Brúsne, Slovakia",Trenčín,"[48.89630878, 18.04723436]","Gen. M. R. Štefánika 3, 911 01 Trenčín, Slovakia",19 mins,1144,14.9 km,14898
Dubodiel,"[48.76099084, 18.08870969]","Unnamed Road, 913 23 Dubodiel, Slovakia",Trenčín,"[48.89630878, 18.04723436]","Gen. M. R. Štefánika 3, 911 01 Trenčín, Slovakia",30 mins,1788,23.0 km,23013
Horná Súča,"[48.98720462, 17.95774459]","1882, 913 33 Horná Súča, Slovakia",Trenčín,"[48.89630878, 18.04723436]","Gen. M. R. Štefánika 3, 911 01 Trenčín, Slovakia",26 mins,1558,19.0 km,19024
Horňany,"[48.78306067, 18.20178152]","913 24 Horňany, Slovakia",Trenčín,"[48.89630878, 18.04723436]","Gen. M. R. Štefánika 3, 911 01 Trenčín, Slovakia",26 mins,1554,23.2 km,23218
Horné Srnie,"[49.01625877, 18.07670753]","914 42 Horné Srnie, Slovakia",Trenčín,"[48.89630878, 18.04723436]","Gen. M. R. Štefánika 3, 911 01 Trenčín, Slovakia",24 mins,1441,21.0 km,20950
Hrabovka,"[48.93495624, 18.03261718]","Unnamed Road, 913 32 Dolná Súča, Slovakia",Trenčín,"[48.89630878, 18.04723436]","Gen. M. R. Štefánika 3, 911 01 Trenčín, Slovakia",15 mins,899,8.8 km,8842
Chocholná-Velčice,"[48.89359269, 17.90152595]","1876, 913 04 Chocholná - Velčice, Slovakia",Trenčín,"[48.89630878, 18.04723436]","Gen. M. R. Štefánika 3, 911 01 Trenčín, Slovakia",21 mins,1236,14.5 km,14538
Ivanovce,"[48.83031708, 17.89657466]","Ivanovce 220, 913 05 Ivanovce, Slovakia",Trenčín,"[48.89630878, 18.04723436]","Gen. M. R. Štefánika 3, 911 01 Trenčín, Slovakia",18 mins,1091,15.7 km,15689
Kostolná-Záriečie,"[48.87805421, 17.97054057]","1225, 913 04 Kostolná - Záriečie, Slovakia",Trenčín,"[48.89630878, 18.04723436]","Gen. M. R. Štefánika 3, 911 01 Trenčín, Slovakia",12 mins,739,8.5 km,8530
Krivosúd-Bodovka,"[48.81086994, 17.94441975]","Krivosúd - Bodovka 53, 913 11 Krivosúd - Bodovka, Slovakia",Trenčín,"[48.89630878, 18.04723436]","Gen. M. R. Štefánika 3, 911 01 Trenčín, Slovakia",21 mins,1282,16.2 km,16222
Mníchova Lehota,"[48.82483918, 18.06939423]","E572, 913 21 Mníchova Lehota, Slovakia",Trenčín,"[48.89630878, 18.04723436]","Gen. M. R. Štefánika 3, 911 01 Trenčín, Slovakia",13 mins,762,11.2 km,11152
Motešice,"[48.84326847, 18.17867674]","1895, 913 26 Motešice, Slovakia",Trenčín,"[48.89630878, 18.04723436]","Gen. M. R. Štefánika 3, 911 01 Trenčín, Slovakia",26 mins,1540,21.1 km,21062
Nemšová,"[48.97683983, 18.07727307]","Závadská 95, 914 41 Nemšová, Slovakia",Trenčín,"[48.89630878, 18.04723436]","Gen. M. R. Štefánika 3, 911 01 Trenčín, Slovakia",24 mins,1459,18.7 km,18663
Neporadza,"[48.8295498, 18.14715663]","Unnamed Road, 913 26 Neporadza, Slovakia",Trenčín,"[48.89630878, 18.04723436]","Gen. M. R. Štefánika 3, 911 01 Trenčín, Slovakia",27 mins,1603,22.2 km,22237
Omšenie,"[48.89616474, 18.22105417]","914 43 Omšenie, Slovakia",Trenčín,"[48.89630878, 18.04723436]","Gen. M. R. Štefánika 3, 911 01 Trenčín, Slovakia",22 mins,1337,17.3 km,17324
