Tesárske Mlyňany,"[48.34229165, 18.36026454]","Hlavná 68-72, 951 76 Tesárske Mlyňany, Slovakia",Zlaté Moravce,"[48.37555889, 18.39858228]","Prílepská 1421/6, 953 01 Zlaté Moravce, Slovakia",5 mins,312,5.6 km,5649
Topoľčianky,"[48.42092745, 18.396123]","Partizánska 1236, 951 93 Topoľčianky, Slovakia",Zlaté Moravce,"[48.37555889, 18.39858228]","Prílepská 1421/6, 953 01 Zlaté Moravce, Slovakia",12 mins,715,7.6 km,7580
Velčice,"[48.44351236, 18.28108576]","Unnamed Road, 951 71 Velčice, Slovakia",Zlaté Moravce,"[48.37555889, 18.39858228]","Prílepská 1421/6, 953 01 Zlaté Moravce, Slovakia",26 mins,1551,13.4 km,13413
Vieska nad Žitavou,"[48.31838212, 18.35525127]","Vieska nad Žitavou 35, 951 52 Vieska nad Žitavou, Slovakia",Zlaté Moravce,"[48.37555889, 18.39858228]","Prílepská 1421/6, 953 01 Zlaté Moravce, Slovakia",10 mins,628,9.6 km,9614
Volkovce,"[48.3409036, 18.46662987]","Školská 393/5, 951 87 Volkovce, Slovakia",Zlaté Moravce,"[48.37555889, 18.39858228]","Prílepská 1421/6, 953 01 Zlaté Moravce, Slovakia",10 mins,575,8.3 km,8347
Zlaté Moravce,"[48.37555889, 18.39858228]","Prílepská 1421/6, 953 01 Zlaté Moravce, Slovakia",Zlaté Moravce,"[48.37555889, 18.39858228]","Prílepská 1421/6, 953 01 Zlaté Moravce, Slovakia",1 min,0,1 m,0
Zlatno,"[48.46643363, 18.31151386]","Zlatno 64, 951 91 Zlatno, Slovakia",Zlaté Moravce,"[48.37555889, 18.39858228]","Prílepská 1421/6, 953 01 Zlaté Moravce, Slovakia",18 mins,1088,14.3 km,14317
Žikava,"[48.45444376, 18.38091175]","Unnamed Road, 951 92 Žikava, Slovakia",Zlaté Moravce,"[48.37555889, 18.39858228]","Prílepská 1421/6, 953 01 Zlaté Moravce, Slovakia",16 mins,947,11.8 km,11796
Tekovské Nemce,"[48.37806147, 18.5428055]","Unnamed Road, 966 54 Tekovské Nemce, Slovakia",Zlaté Moravce,"[48.37555889, 18.39858228]","Prílepská 1421/6, 953 01 Zlaté Moravce, Slovakia",23 mins,1371,15.4 km,15356
Červený Hrádok,"[48.3008057, 18.38934978]","Červený Hrádok 223, 951 82 Červený Hrádok, Slovakia",Zlaté Moravce,"[48.37555889, 18.39858228]","Prílepská 1421/6, 953 01 Zlaté Moravce, Slovakia",11 mins,689,9.7 km,9710
Malé Vozokany,"[48.31019412, 18.40703258]","1582, 951 82 Malé Vozokany, Slovakia",Zlaté Moravce,"[48.37555889, 18.39858228]","Prílepská 1421/6, 953 01 Zlaté Moravce, Slovakia",10 mins,579,8.9 km,8874
Veľké Vozokany,"[48.33079759, 18.4139163]","951 82 Veľké Vozokany, Slovakia",Zlaté Moravce,"[48.37555889, 18.39858228]","Prílepská 1421/6, 953 01 Zlaté Moravce, Slovakia",7 mins,400,5.8 km,5767
Žitavany,"[48.38986477, 18.45099308]","Unnamed Road, 951 97 Žitavany, Slovakia",Zlaté Moravce,"[48.37555889, 18.39858228]","Prílepská 1421/6, 953 01 Zlaté Moravce, Slovakia",14 mins,826,5.9 km,5873
