Čelkova Lehota,"[49.01115023, 18.52315525]","Unnamed Road, 018 16 Čelkova Lehota, Slovakia",Považská Bystrica,"[49.11799008, 18.45679512]","Moyzesova 879/78, 017 01 Považská Bystrica, Slovakia",27 mins,1599,19.3 km,19268
Malé Lednice,"[49.06210241, 18.57793901]","Unnamed Road, 018 16 Malé Lednice, Slovakia",Považská Bystrica,"[49.11799008, 18.45679512]","Moyzesova 879/78, 017 01 Považská Bystrica, Slovakia",32 mins,1919,21.3 km,21303
Sádočné,"[49.00910508, 18.54410741]","Unnamed Road, 018 16 Sádočné, Slovakia",Považská Bystrica,"[49.11799008, 18.45679512]","Moyzesova 879/78, 017 01 Považská Bystrica, Slovakia",32 mins,1926,19.4 km,19377
Ďurďové,"[49.03298414, 18.50098128]","Ďurďové 17, 018 22 Ďurďové, Slovakia",Považská Bystrica,"[49.11799008, 18.45679512]","Moyzesova 879/78, 017 01 Považská Bystrica, Slovakia",25 mins,1480,20.1 km,20096
Bodiná,"[49.11155063, 18.56577165]","Bodiná 82, 018 15 Bodiná, Slovakia",Považská Bystrica,"[49.11799008, 18.45679512]","Moyzesova 879/78, 017 01 Považská Bystrica, Slovakia",18 mins,1082,12.9 km,12889
Počarová,"[49.06653218, 18.5129755]","Počarová 52, 018 15 Počarová, Slovakia",Považská Bystrica,"[49.11799008, 18.45679512]","Moyzesova 879/78, 017 01 Považská Bystrica, Slovakia",16 mins,963,11.2 km,11219
Horný Lieskov,"[49.06587625, 18.42709522]","Horný Lieskov 65, 018 21 Horný Lieskov, Slovakia",Považská Bystrica,"[49.11799008, 18.45679512]","Moyzesova 879/78, 017 01 Považská Bystrica, Slovakia",18 mins,1106,10.6 km,10648
Podskalie,"[49.04888065, 18.46769771]","Unnamed Road, 018 22 Podskalie, Slovakia",Považská Bystrica,"[49.11799008, 18.45679512]","Moyzesova 879/78, 017 01 Považská Bystrica, Slovakia",22 mins,1319,16.7 km,16693
