Lúčka,"[49.17745821, 20.99051237]","Lúčka 180, 082 71 Lúčka, Slovakia",Sabinov,"[49.10068637, 21.10293903]","68 17-19, 083 01 Sabinov, Slovakia",18 mins,1083,15.9 km,15931
Ľutina,"[49.16684764, 21.04818727]","Ľutina 204, 082 57 Ľutina, Slovakia",Sabinov,"[49.10068637, 21.10293903]","68 17-19, 083 01 Sabinov, Slovakia",13 mins,751,10.2 km,10232
Milpoš,"[49.18801751, 21.00889789]","Milpoš 99, 082 71 Milpoš, Slovakia",Sabinov,"[49.10068637, 21.10293903]","68 17-19, 083 01 Sabinov, Slovakia",16 mins,967,13.9 km,13934
Nižný Slavkov,"[49.09652083, 20.85984586]","Nižný Slavkov, Slovakia",Sabinov,"[49.10068637, 21.10293903]","68 17-19, 083 01 Sabinov, Slovakia",32 mins,1903,27.8 km,27838
Olejníkov,"[49.19111555, 21.10408211]","Unnamed Road, 082 57 Olejníkov, Slovakia",Sabinov,"[49.10068637, 21.10293903]","68 17-19, 083 01 Sabinov, Slovakia",23 mins,1393,16.1 km,16139
Oľšov,"[49.20043162, 20.86572843]","Unnamed Road, 082 76 Oľšov, Slovakia",Sabinov,"[49.10068637, 21.10293903]","68 17-19, 083 01 Sabinov, Slovakia",27 mins,1612,21.8 km,21769
Ostrovany,"[49.0576324, 21.11230003]","Ostrovany 226, 082 22 Ostrovany, Slovakia",Sabinov,"[49.10068637, 21.10293903]","68 17-19, 083 01 Sabinov, Slovakia",10 mins,574,6.4 km,6446
Pečovská Nová Ves,"[49.12644456, 21.05120248]","Na Pečovec 51/9, 082 56 Pečovská Nová Ves, Slovakia",Sabinov,"[49.10068637, 21.10293903]","68 17-19, 083 01 Sabinov, Slovakia",7 mins,439,5.4 km,5403
Poloma,"[49.17091695, 20.823981]","Poloma 204, 082 73 Poloma, Slovakia",Sabinov,"[49.10068637, 21.10293903]","68 17-19, 083 01 Sabinov, Slovakia",28 mins,1675,24.6 km,24607
Ratvaj,"[49.12426703, 21.19328862]","3174, 082 66 Ratvaj, Slovakia",Sabinov,"[49.10068637, 21.10293903]","68 17-19, 083 01 Sabinov, Slovakia",11 mins,681,8.7 km,8672
Ražňany,"[49.08226479, 21.07860125]","Ražňany 101, 082 61 Ražňany, Slovakia",Sabinov,"[49.10068637, 21.10293903]","68 17-19, 083 01 Sabinov, Slovakia",5 mins,312,3.5 km,3459
Renčišov,"[49.08971159, 20.95069245]","Unnamed Road, 082 63 Renčišov, Slovakia",Sabinov,"[49.10068637, 21.10293903]","68 17-19, 083 01 Sabinov, Slovakia",20 mins,1205,16.7 km,16658
Rožkovany,"[49.1250152, 20.9807799]","082 71 Rožkovany, Slovakia",Sabinov,"[49.10068637, 21.10293903]","68 17-19, 083 01 Sabinov, Slovakia",14 mins,847,10.9 km,10888
Sabinov,"[49.10068637, 21.10293903]","68 17-19, 083 01 Sabinov, Slovakia",Sabinov,"[49.10068637, 21.10293903]","68 17-19, 083 01 Sabinov, Slovakia",1 min,0,1 m,0
Šarišské Dravce,"[49.18706735, 20.85095011]","3171, 082 73 Šarišské Dravce, Slovakia",Sabinov,"[49.10068637, 21.10293903]","68 17-19, 083 01 Sabinov, Slovakia",25 mins,1522,23.3 km,23328
Šarišské Michaľany,"[49.07264197, 21.14578894]","Družstevná 912, 082 22 Šarišské Michaľany, Slovakia",Sabinov,"[49.10068637, 21.10293903]","68 17-19, 083 01 Sabinov, Slovakia",8 mins,466,5.2 km,5191
Šarišské Sokolovce,"[49.12793451, 21.15926274]","Šarišské Sokolovce 174, 082 66 Šarišské Sokolovce, Slovakia",Sabinov,"[49.10068637, 21.10293903]","68 17-19, 083 01 Sabinov, Slovakia",12 mins,737,7.2 km,7193
Tichý Potok,"[49.13315144, 20.78787721]","Unnamed Road, 082 74 Tichý Potok, Slovakia",Sabinov,"[49.10068637, 21.10293903]","68 17-19, 083 01 Sabinov, Slovakia",37 mins,2218,27.3 km,27346
Torysa,"[49.15475901, 20.88161229]","Torysa 79, 082 76 Torysa, Slovakia",Sabinov,"[49.10068637, 21.10293903]","68 17-19, 083 01 Sabinov, Slovakia",23 mins,1399,19.8 km,19836
Uzovce,"[49.0865393, 21.18057389]","Uzovce 182, 082 66 Uzovce, Slovakia",Sabinov,"[49.10068637, 21.10293903]","68 17-19, 083 01 Sabinov, Slovakia",11 mins,683,8.5 km,8545
