Lula,"[48.17136137, 18.36455541]","Unnamed Road, 935 35 Lula, Slovakia",Levice,"[48.20343206, 18.65038078]","564, 934 05 Levice, Slovakia",30 mins,1806,26.5 km,26548
Málaš,"[48.05308826, 18.51765068]","Málaš 53, 935 67 Málaš, Slovakia",Levice,"[48.20343206, 18.65038078]","564, 934 05 Levice, Slovakia",30 mins,1829,30.8 km,30810
Malé Ludince,"[47.98419061, 18.70071413]","Malé Ludince 5, 937 01 Malé Ludince, Slovakia",Levice,"[48.20343206, 18.65038078]","564, 934 05 Levice, Slovakia",33 mins,1955,28.2 km,28179
Mýtne Ludany,"[48.16337823, 18.66289112]","Notársky rad 12-14, 935 56 Mýtne Ludany, Slovakia",Levice,"[48.20343206, 18.65038078]","564, 934 05 Levice, Slovakia",11 mins,681,8.4 km,8447
Nová Dedina,"[48.28241589, 18.6481167]","1578, 935 25 Nová Dedina, Slovakia",Levice,"[48.20343206, 18.65038078]","564, 934 05 Levice, Slovakia",13 mins,796,12.6 km,12615
Nový Tekov,"[48.24063422, 18.4900917]","Unnamed Road, 935 33 Nový Tekov, Slovakia",Levice,"[48.20343206, 18.65038078]","564, 934 05 Levice, Slovakia",20 mins,1221,21.5 km,21478
Nýrovce,"[48.01898801, 18.5698601]","1564, 935 67 Nýrovce, Slovakia",Levice,"[48.20343206, 18.65038078]","564, 934 05 Levice, Slovakia",33 mins,2007,32.3 km,32304
Ondrejovce,"[48.13415184, 18.52171203]","1575, 935 51 Ondrejovce, Slovakia",Levice,"[48.20343206, 18.65038078]","564, 934 05 Levice, Slovakia",22 mins,1343,21.1 km,21107
Pastovce,"[47.96311593, 18.74290232]","1569, 935 74 Pastovce, Slovakia",Levice,"[48.20343206, 18.65038078]","564, 934 05 Levice, Slovakia",37 mins,2222,32.9 km,32920
Pečenice,"[48.29832809, 18.79558626]","Unnamed Road, 935 06 Jabloňovce, Slovakia",Levice,"[48.20343206, 18.65038078]","564, 934 05 Levice, Slovakia",25 mins,1523,23.4 km,23361
Plášťovce,"[48.16399801, 18.99853161]","935 82 Plášťovce, Slovakia",Levice,"[48.20343206, 18.65038078]","564, 934 05 Levice, Slovakia",36 mins,2188,35.9 km,35896
Plavé Vozokany,"[48.07421846, 18.46578736]","1576, 935 69 Plavé Vozokany, Slovakia",Levice,"[48.20343206, 18.65038078]","564, 934 05 Levice, Slovakia",33 mins,1975,31.1 km,31100
Podlužany,"[48.24813165, 18.61927093]","1549, 935 27 Podlužany, Slovakia",Levice,"[48.20343206, 18.65038078]","564, 934 05 Levice, Slovakia",11 mins,648,9.2 km,9211
Pohronský Ruskov,"[47.97588495, 18.64641455]","Železničná 240/1, 935 62 Pohronský Ruskov, Slovakia",Levice,"[48.20343206, 18.65038078]","564, 934 05 Levice, Slovakia",40 mins,2396,34.6 km,34623
Pukanec,"[48.36432467, 18.719403]","Unnamed Road, 935 05 Pukanec, Slovakia",Levice,"[48.20343206, 18.65038078]","564, 934 05 Levice, Slovakia",28 mins,1682,25.7 km,25689
Rybník,"[48.31080578, 18.56905177]","Unnamed Road, 935 23 Rybník, Slovakia",Levice,"[48.20343206, 18.65038078]","564, 934 05 Levice, Slovakia",20 mins,1181,16.5 km,16517
Santovka,"[48.15529156, 18.77433311]","Horná 60/2, 935 87 Santovka, Slovakia",Levice,"[48.20343206, 18.65038078]","564, 934 05 Levice, Slovakia",11 mins,648,11.4 km,11350
Sazdice,"[48.08617267, 18.79470362]","Sazdice 95, 935 85 Sazdice, Slovakia",Levice,"[48.20343206, 18.65038078]","564, 934 05 Levice, Slovakia",20 mins,1192,19.5 km,19502
Sikenica,"[48.06650845, 18.7249792]","937 01 Sikenica, Slovakia",Levice,"[48.20343206, 18.65038078]","564, 934 05 Levice, Slovakia",22 mins,1294,17.9 km,17890
Slatina,"[48.1477676, 18.90636051]","Slatina 74, 935 84 Slatina, Slovakia",Levice,"[48.20343206, 18.65038078]","564, 934 05 Levice, Slovakia",26 mins,1563,27.6 km,27592
