Bratislava-Devínska Nová Ves,"[48.22085908, 16.9824423]","Jána Jonáša, 841 07 Devínska Nová Ves, Slovakia",Bratislava IV,Bratislava IV,"Bratislava, Slovakia",20 mins,1188,15.1 km,15086
Bratislava-Dúbravka,"[48.18716262, 17.03165981]","Pod záhradami 30-36, 841 01 Dúbravka, Slovakia",Bratislava IV,Bratislava IV,"Bratislava, Slovakia",13 mins,784,8.1 km,8105
Bratislava-Karlova Ves,"[48.1557992, 17.05446722]","Tilgnerova 2-4, 841 04 Karlova Ves, Slovakia",Bratislava IV,Bratislava IV,"Bratislava, Slovakia",13 mins,788,7.0 km,7017
Bratislava-Devín,"[48.17045941, 17.0091811]","Gronárska 4273, 841 04 Devín, Slovakia",Bratislava IV,Bratislava IV,"Bratislava, Slovakia",20 mins,1221,11.8 km,11814
Bratislava-Lamač,"[48.19897913, 17.04794593]","Bakošova 3, 841 03 Bratislava, Slovakia",Bratislava IV,Bratislava IV,"Bratislava, Slovakia",14 mins,860,8.7 km,8737
Bratislava-Záhorská Bystrica,"[48.23375672, 17.04568534]","Nevská 7, 841 06 Záhorská Bystrica, Slovakia",Bratislava IV,Bratislava IV,"Bratislava, Slovakia",19 mins,1163,14.3 km,14266
