Horné Semerovce,"[48.1305819, 18.86055535]","Unnamed Road, 935 84 Horné Semerovce, Slovakia",Levice,"[48.20343206, 18.65038078]","564, 934 05 Levice, Slovakia",27 mins,1590,26.0 km,25979
Horné Turovce,"[48.12620996, 18.95809768]","Horné Turovce 73, 935 81 Horné Turovce, Slovakia",Levice,"[48.20343206, 18.65038078]","564, 934 05 Levice, Slovakia",35 mins,2107,36.8 km,36829
Horný Pial,"[48.15655273, 18.44651714]","Horný Pial 103, 935 37 Horný Pial, Slovakia",Levice,"[48.20343206, 18.65038078]","564, 934 05 Levice, Slovakia",25 mins,1489,21.9 km,21878
Hronovce,"[48.00429691, 18.6432757]","Železničná 254/18, 935 61 Hronovce, Slovakia",Levice,"[48.20343206, 18.65038078]","564, 934 05 Levice, Slovakia",35 mins,2088,30.8 km,30814
Hronské Kľačany,"[48.23849834, 18.57656334]","Hronské Kľačany, Slovakia",Levice,"[48.20343206, 18.65038078]","564, 934 05 Levice, Slovakia",12 mins,697,8.8 km,8825
Hronské Kosihy,"[48.26772805, 18.59009899]","Hronské Kosihy 242, 935 27 Hronské Kosihy, Slovakia",Levice,"[48.20343206, 18.65038078]","564, 934 05 Levice, Slovakia",12 mins,729,10.0 km,9961
Iňa,"[48.18051686, 18.4228558]","935 35 Iňa, Slovakia",Levice,"[48.20343206, 18.65038078]","564, 934 05 Levice, Slovakia",27 mins,1616,22.8 km,22755
Ipeľské Úľany,"[48.13352467, 19.03623209]","2592, 935 82 Ipeľské Úľany, Slovakia",Levice,"[48.20343206, 18.65038078]","564, 934 05 Levice, Slovakia",37 mins,2218,40.1 km,40059
Ipeľský Sokolec,"[48.01522875, 18.79154319]","Unnamed Road, 935 75 Ipeľský Sokolec, Slovakia",Levice,"[48.20343206, 18.65038078]","564, 934 05 Levice, Slovakia",30 mins,1803,29.3 km,29266
Jabloňovce,"[48.32983602, 18.79644956]","Unnamed Road, 935 06 Jabloňovce, Slovakia",Levice,"[48.20343206, 18.65038078]","564, 934 05 Levice, Slovakia",25 mins,1512,23.4 km,23377
Jur nad Hronom,"[48.12868188, 18.62373888]","Jur nad Hronom 208, 935 57 Jur nad Hronom, Slovakia",Levice,"[48.20343206, 18.65038078]","564, 934 05 Levice, Slovakia",18 mins,1092,14.1 km,14114
Kalná nad Hronom,"[48.2717726, 18.43074064]","Unnamed Road, 935 39 Kalná nad Hronom, Slovakia",Levice,"[48.20343206, 18.65038078]","564, 934 05 Levice, Slovakia",27 mins,1604,25.3 km,25323
Kozárovce,"[48.30980811, 18.50053035]","Kozárovce, Slovakia",Levice,"[48.20343206, 18.65038078]","564, 934 05 Levice, Slovakia",21 mins,1231,19.5 km,19477
Krškany,"[48.2229886, 18.67664926]","Malé Krškany 67, 934 01 Krškany, Slovakia",Levice,"[48.20343206, 18.65038078]","564, 934 05 Levice, Slovakia",7 mins,405,4.5 km,4484
Kubáňovo,"[48.05798629, 18.80455253]","Kubáňovo 142, 935 75 Kubáňovo, Slovakia",Levice,"[48.20343206, 18.65038078]","564, 934 05 Levice, Slovakia",24 mins,1451,23.7 km,23733
Kukučínov,"[48.08957714, 18.69685302]","1571, 937 01 Kukučínov, Slovakia",Levice,"[48.20343206, 18.65038078]","564, 934 05 Levice, Slovakia",20 mins,1223,16.1 km,16133
Kuraľany,"[47.98508942, 18.554602]","Unnamed Road, 935 64 Kuraľany, Slovakia",Levice,"[48.20343206, 18.65038078]","564, 934 05 Levice, Slovakia",39 mins,2323,39.1 km,39146
Keť,"[47.96353752, 18.58412594]","1522, 935 64 Keť, Slovakia",Levice,"[48.20343206, 18.65038078]","564, 934 05 Levice, Slovakia",41 mins,2450,42.0 km,42003
Lok,"[48.1767041, 18.47185574]","Bajkovská 380, 935 38 Lok, Slovakia",Levice,"[48.20343206, 18.65038078]","564, 934 05 Levice, Slovakia",22 mins,1319,18.9 km,18905
Lontov,"[48.04426263, 18.77088863]","935 75 Lontov, Slovakia",Levice,"[48.20343206, 18.65038078]","564, 934 05 Levice, Slovakia",26 mins,1589,23.6 km,23574
