Svätý Anton,"[48.41261443, 18.95034026]","Svätý Anton 569, 969 72 Svätý Anton, Slovakia",Banská Štiavnica,"[48.46068037, 18.88903814]","Samuela Mikovíniho, 969 01 Banská Štiavnica, Slovakia",17 mins,991,8.9 km,8895
Baďan,"[48.3299338, 18.85330216]","1587, 969 01 Baďan, Slovakia",Banská Štiavnica,"[48.46068037, 18.88903814]","Samuela Mikovíniho, 969 01 Banská Štiavnica, Slovakia",31 mins,1854,20.5 km,20520
Banská Belá,"[48.48342851, 18.96045397]","Unnamed Road, 966 15 Banská Belá, Slovakia",Banská Štiavnica,"[48.46068037, 18.88903814]","Samuela Mikovíniho, 969 01 Banská Štiavnica, Slovakia",23 mins,1377,11.7 km,11691
Banská Štiavnica,"[48.46068037, 18.88903814]","Samuela Mikovíniho, 969 01 Banská Štiavnica, Slovakia",Banská Štiavnica,"[48.46068037, 18.88903814]","Samuela Mikovíniho, 969 01 Banská Štiavnica, Slovakia",1 min,0,1 m,0
Banský Studenec,"[48.45190554, 18.97887349]","Banský Studenec 103, 969 01 Banský Studenec, Slovakia",Banská Štiavnica,"[48.46068037, 18.88903814]","Samuela Mikovíniho, 969 01 Banská Štiavnica, Slovakia",21 mins,1270,9.7 km,9736
Beluj,"[48.34747385, 18.88785485]","969 01 Beluj, Slovakia",Banská Štiavnica,"[48.46068037, 18.88903814]","Samuela Mikovíniho, 969 01 Banská Štiavnica, Slovakia",35 mins,2073,21.0 km,21045
Dekýš,"[48.3947518, 18.81415938]","Dolná 10, 969 01 Dekýš, Slovakia",Banská Štiavnica,"[48.46068037, 18.88903814]","Samuela Mikovíniho, 969 01 Banská Štiavnica, Slovakia",22 mins,1341,13.9 km,13889
Ilija,"[48.41021113, 18.89524321]","969 01 Ilija, Slovakia",Banská Štiavnica,"[48.46068037, 18.88903814]","Samuela Mikovíniho, 969 01 Banská Štiavnica, Slovakia",19 mins,1134,8.2 km,8227
Kozelník,"[48.51943174, 18.99820216]","51, 966 15 Kozelník, Slovakia",Banská Štiavnica,"[48.46068037, 18.88903814]","Samuela Mikovíniho, 969 01 Banská Štiavnica, Slovakia",19 mins,1133,14.6 km,14571
Močiar,"[48.53942975, 18.94995426]","Močiar 74, 969 82 Močiar, Slovakia",Banská Štiavnica,"[48.46068037, 18.88903814]","Samuela Mikovíniho, 969 01 Banská Štiavnica, Slovakia",25 mins,1486,14.2 km,14178
Podhorie,"[48.50885762, 18.9247461]","2538, 969 82 Močiar, Slovakia",Banská Štiavnica,"[48.46068037, 18.88903814]","Samuela Mikovíniho, 969 01 Banská Štiavnica, Slovakia",14 mins,835,8.0 km,7985
Počúvadlo,"[48.37290264, 18.84143937]","2533, 969 01 Počúvadlo, Slovakia",Banská Štiavnica,"[48.46068037, 18.88903814]","Samuela Mikovíniho, 969 01 Banská Štiavnica, Slovakia",24 mins,1411,14.7 km,14653
Prenčov,"[48.36898405, 18.91719531]","Prenčov, Slovakia",Banská Štiavnica,"[48.46068037, 18.88903814]","Samuela Mikovíniho, 969 01 Banská Štiavnica, Slovakia",22 mins,1340,14.3 km,14333
Štiavnické Bane,"[48.43349297, 18.85455951]","Štiavnické Bane 114, 969 81 Štiavnické Bane, Slovakia",Banská Štiavnica,"[48.46068037, 18.88903814]","Samuela Mikovíniho, 969 01 Banská Štiavnica, Slovakia",14 mins,811,6.5 km,6547
Vysoká,"[48.41532722, 18.78521023]","Vysoká 88, 969 01 Vysoká, Slovakia",Banská Štiavnica,"[48.46068037, 18.88903814]","Samuela Mikovíniho, 969 01 Banská Štiavnica, Slovakia",24 mins,1424,13.6 km,13560
