Víťazovce,"[49.01285817, 21.80480186]","3826, 067 24 Víťazovce, Slovakia",Humenné,"[48.93896684, 21.90649528]","Kudlovská 219/13, 066 01 Humenné, Slovakia",15 mins,876,13.8 km,13828
Vyšná Jablonka,"[49.17103549, 22.11300859]","3849, 067 34 Vyšná Jablonka, Slovakia",Humenné,"[48.93896684, 21.90649528]","Kudlovská 219/13, 066 01 Humenné, Slovakia",42 mins,2503,35.3 km,35332
Vyšné Ladičkovce,"[49.05258008, 21.8938557]","Vyšné Ladičkovce 41, 067 11 Vyšné Ladičkovce, Slovakia",Humenné,"[48.93896684, 21.90649528]","Kudlovská 219/13, 066 01 Humenné, Slovakia",19 mins,1147,17.0 km,16963
Vyšný Hrušov,"[48.99776819, 22.01549732]","3839, 067 32 Vyšný Hrušov, Slovakia",Humenné,"[48.93896684, 21.90649528]","Kudlovská 219/13, 066 01 Humenné, Slovakia",14 mins,855,12.6 km,12606
Závadka,"[48.92777844, 21.84197255]","558, 066 01 Závadka, Slovakia",Humenné,"[48.93896684, 21.90649528]","Kudlovská 219/13, 066 01 Humenné, Slovakia",8 mins,459,5.8 km,5812
Zbudské Dlhé,"[49.07917665, 21.95412403]","067 12 Zbudské Dlhé, Slovakia",Humenné,"[48.93896684, 21.90649528]","Kudlovská 219/13, 066 01 Humenné, Slovakia",20 mins,1213,19.8 km,19839
Zubné,"[49.05126747, 22.05674487]","Unnamed Road, 067 33 Zubné, Slovakia",Humenné,"[48.93896684, 21.90649528]","Kudlovská 219/13, 066 01 Humenné, Slovakia",24 mins,1441,20.3 km,20292
Košarovce,"[49.0420601, 21.77020507]","Unnamed Road, 094 06 Košarovce, Slovakia",Humenné,"[48.93896684, 21.90649528]","Kudlovská 219/13, 066 01 Humenné, Slovakia",23 mins,1375,19.2 km,19223
Nižná Sitnica,"[49.07786508, 21.78287488]","3820, 094 07 Nižná Sitnica, Slovakia",Humenné,"[48.93896684, 21.90649528]","Kudlovská 219/13, 066 01 Humenné, Slovakia",25 mins,1470,22.5 km,22451
Pakostov,"[49.09686352, 21.82761935]","554, 094 07 Pakostov, Slovakia",Humenné,"[48.93896684, 21.90649528]","Kudlovská 219/13, 066 01 Humenné, Slovakia",26 mins,1574,25.3 km,25301
Prituľany,"[49.13275796, 21.76524455]","Prituľany 61, 094 08 Prituľany, Slovakia",Humenné,"[48.93896684, 21.90649528]","Kudlovská 219/13, 066 01 Humenné, Slovakia",36 mins,2163,29.7 km,29678
Rohožník,"[49.11524292, 21.75815208]","3821, 094 07 Rohožník, Slovakia",Humenné,"[48.93896684, 21.90649528]","Kudlovská 219/13, 066 01 Humenné, Slovakia",33 mins,2002,27.5 km,27464
Ruská Kajňa,"[49.12433652, 21.82488576]","Unnamed Road, 094 07 Ruská Kajňa, Slovakia",Humenné,"[48.93896684, 21.90649528]","Kudlovská 219/13, 066 01 Humenné, Slovakia",32 mins,1912,28.9 km,28871
Ruská Poruba,"[49.14184791, 21.79154752]","Ruská Poruba 44, 094 08 Ruská Poruba, Slovakia",Humenné,"[48.93896684, 21.90649528]","Kudlovská 219/13, 066 01 Humenné, Slovakia",33 mins,1984,29.7 km,29735
Vyšná Sitnica,"[49.10267778, 21.78394374]","Vyšná Sitnica 140, 094 07 Vyšná Sitnica, Slovakia",Humenné,"[48.93896684, 21.90649528]","Kudlovská 219/13, 066 01 Humenné, Slovakia",29 mins,1721,25.4 km,25361
Závada,"[49.17607421, 21.78454727]","Závada 31, 094 08 Závada, Slovakia",Humenné,"[48.93896684, 21.90649528]","Kudlovská 219/13, 066 01 Humenné, Slovakia",38 mins,2257,33.8 km,33811
Jasenov,"[48.90064445, 21.89818843]","066 01 Jasenov, Slovakia",Humenné,"[48.93896684, 21.90649528]","Kudlovská 219/13, 066 01 Humenné, Slovakia",10 mins,599,5.6 km,5627
Hažín nad Cirochou,"[48.92686379, 21.96319264]","Hažín nad Cirochou 201, 067 83 Hažín nad Cirochou, Slovakia",Humenné,"[48.93896684, 21.90649528]","Kudlovská 219/13, 066 01 Humenné, Slovakia",8 mins,475,5.6 km,5598
Sopkovce,"[49.01594853, 21.87378723]","Sopkovce 45, 067 22 Sopkovce, Slovakia",Humenné,"[48.93896684, 21.90649528]","Kudlovská 219/13, 066 01 Humenné, Slovakia",17 mins,1043,13.5 km,13480
Gruzovce,"[48.97986036, 21.87141142]","Gruzovce 45, 067 22 Gruzovce, Slovakia",Humenné,"[48.93896684, 21.90649528]","Kudlovská 219/13, 066 01 Humenné, Slovakia",8 mins,490,6.0 km,6037
