Levice,"[48.20343206, 18.65038078]","564, 934 05 Levice, Slovakia",Levice,"[48.20343206, 18.65038078]","564, 934 05 Levice, Slovakia",1 min,0,1 m,0
Bajka,"[48.15415785, 18.50430992]","Unnamed Road, 935 51 Bajka, Slovakia",Levice,"[48.20343206, 18.65038078]","564, 934 05 Levice, Slovakia",23 mins,1407,20.7 km,20726
Bátovce,"[48.28596094, 18.77469969]","Unnamed Road, 935 03 Bátovce, Slovakia",Levice,"[48.20343206, 18.65038078]","564, 934 05 Levice, Slovakia",23 mins,1352,19.4 km,19373
Beša,"[48.14864425, 18.40383129]","1657, 935 36 Beša, Slovakia",Levice,"[48.20343206, 18.65038078]","564, 934 05 Levice, Slovakia",27 mins,1645,25.9 km,25858
Bielovce,"[47.99412127, 18.7632224]","Unnamed Road, 935 74 Bielovce, Slovakia",Levice,"[48.20343206, 18.65038078]","564, 934 05 Levice, Slovakia",34 mins,2051,33.0 km,32962
Bory,"[48.19143536, 18.75064564]","Unnamed Road, 935 87 Bory, Slovakia",Levice,"[48.20343206, 18.65038078]","564, 934 05 Levice, Slovakia",12 mins,738,10.2 km,10168
Brhlovce,"[48.22101176, 18.73776769]","1593, 935 02 Brhlovce, Slovakia",Levice,"[48.20343206, 18.65038078]","564, 934 05 Levice, Slovakia",10 mins,618,9.3 km,9292
Čajkov,"[48.31322956, 18.61138937]","Unnamed Road, 935 24 Čajkov, Slovakia",Levice,"[48.20343206, 18.65038078]","564, 934 05 Levice, Slovakia",22 mins,1295,15.8 km,15791
Čaka,"[48.03866227, 18.47204729]","Čaka 114, 935 68 Čaka, Slovakia",Levice,"[48.20343206, 18.65038078]","564, 934 05 Levice, Slovakia",32 mins,1928,32.7 km,32703
Demandice,"[48.1217252, 18.78787963]","Demandice 130, 935 85 Demandice, Slovakia",Levice,"[48.20343206, 18.65038078]","564, 934 05 Levice, Slovakia",16 mins,946,15.4 km,15386
Devičany,"[48.32482333, 18.68591548]","Devičany, Slovakia",Levice,"[48.20343206, 18.65038078]","564, 934 05 Levice, Slovakia",22 mins,1312,20.1 km,20070
Dolná Seč,"[48.18553313, 18.56718524]","Unnamed Road, 935 31 Dolná Seč, Slovakia",Levice,"[48.20343206, 18.65038078]","564, 934 05 Levice, Slovakia",12 mins,718,8.1 km,8133
Dolné Semerovce,"[48.11187357, 18.85022503]","1561, 935 85 Dolné Semerovce, Slovakia",Levice,"[48.20343206, 18.65038078]","564, 934 05 Levice, Slovakia",21 mins,1256,21.3 km,21257
Dolný Pial,"[48.13022598, 18.46282847]","Ulica Sovietskej Armády, 935 37 Dolný Pial, Slovakia",Levice,"[48.20343206, 18.65038078]","564, 934 05 Levice, Slovakia",27 mins,1617,24.7 km,24698
Domadice,"[48.18260663, 18.78231172]","Domadice 53, 935 87 Domadice, Slovakia",Levice,"[48.20343206, 18.65038078]","564, 934 05 Levice, Slovakia",15 mins,882,14.2 km,14162
Drženice,"[48.27587669, 18.69589142]","1578, 935 03 Drženice, Slovakia",Levice,"[48.20343206, 18.65038078]","564, 934 05 Levice, Slovakia",12 mins,724,13.4 km,13393
Farná,"[48.00844717, 18.50713088]","1522, 935 66 Farná, Slovakia",Levice,"[48.20343206, 18.65038078]","564, 934 05 Levice, Slovakia",34 mins,2040,34.9 km,34923
Hokovce,"[48.15747453, 18.84714119]","Unnamed Road, 935 84 Hokovce, Slovakia",Levice,"[48.20343206, 18.65038078]","564, 934 05 Levice, Slovakia",31 mins,1839,29.1 km,29070
Hontianska Vrbica,"[48.13907164, 18.71403702]","1572, 935 55 Hontianska Vrbica, Slovakia",Levice,"[48.20343206, 18.65038078]","564, 934 05 Levice, Slovakia",13 mins,778,9.9 km,9891
Horná Seč,"[48.2049541, 18.54821693]","Unnamed Road, 935 31 Horná Seč, Slovakia",Levice,"[48.20343206, 18.65038078]","564, 934 05 Levice, Slovakia",14 mins,852,11.6 km,11587
