Bytča,"[49.23292869, 18.54491999]","Pšurnovická 1154/12, 014 01 Bytča - sever, Slovakia",Bytča,"[49.23292869, 18.54491999]","Pšurnovická 1154/12, 014 01 Bytča - sever, Slovakia",1 min,0,1 m,0
Hvozdnica,"[49.20774955, 18.48155132]","Hvozdnica 358, 013 56 Hvozdnica, Slovakia",Bytča,"[49.23292869, 18.54491999]","Pšurnovická 1154/12, 014 01 Bytča - sever, Slovakia",15 mins,918,9.4 km,9351
Jablonové,"[49.18517221, 18.57102366]","Jablonové 30, 013 52 Jablonové, Slovakia",Bytča,"[49.23292869, 18.54491999]","Pšurnovická 1154/12, 014 01 Bytča - sever, Slovakia",11 mins,669,8.2 km,8242
Kolárovice,"[49.30192591, 18.52440607]","013 54 Kolárovice, Slovakia",Bytča,"[49.23292869, 18.54491999]","Pšurnovická 1154/12, 014 01 Bytča - sever, Slovakia",11 mins,659,9.5 km,9491
Kotešová,"[49.25393702, 18.60193398]","Kotešová 615, 013 61 Kotešová, Slovakia",Bytča,"[49.23292869, 18.54491999]","Pšurnovická 1154/12, 014 01 Bytča - sever, Slovakia",11 mins,656,5.6 km,5552
Maršová-Rašov,"[49.17370783, 18.53025055]","Unnamed Road, 013 51 Maršová - Rašov, Slovakia",Bytča,"[49.23292869, 18.54491999]","Pšurnovická 1154/12, 014 01 Bytča - sever, Slovakia",15 mins,915,10.6 km,10628
Petrovice,"[49.29596, 18.48384236]","Unnamed Road, 013 53 Petrovice, Slovakia",Bytča,"[49.23292869, 18.54491999]","Pšurnovická 1154/12, 014 01 Bytča - sever, Slovakia",14 mins,865,10.1 km,10110
Predmier,"[49.19702534, 18.53320016]","Predmier 215, 013 51 Predmier, Slovakia",Bytča,"[49.23292869, 18.54491999]","Pšurnovická 1154/12, 014 01 Bytča - sever, Slovakia",11 mins,664,6.8 km,6797
Súľov-Hradná,"[49.15236066, 18.59008595]","2003, 013 52 Súľov - Hradná, Slovakia",Bytča,"[49.23292869, 18.54491999]","Pšurnovická 1154/12, 014 01 Bytča - sever, Slovakia",16 mins,944,12.5 km,12457
Štiavnik,"[49.27741003, 18.43773433]","Štiavnik 627, 013 55 Štiavnik, Slovakia",Bytča,"[49.23292869, 18.54491999]","Pšurnovická 1154/12, 014 01 Bytča - sever, Slovakia",26 mins,1555,17.8 km,17759
Veľké Rovné,"[49.32119753, 18.56658998]","541, 013 62 Veľké Rovné, Slovakia",Bytča,"[49.23292869, 18.54491999]","Pšurnovická 1154/12, 014 01 Bytča - sever, Slovakia",17 mins,1041,13.8 km,13754
Hlboké nad Váhom,"[49.20913491, 18.59353665]","Hlboké nad Váhom 232, 014 01 Hlboké nad Váhom, Slovakia",Bytča,"[49.23292869, 18.54491999]","Pšurnovická 1154/12, 014 01 Bytča - sever, Slovakia",9 mins,527,5.3 km,5290
