Opatovská Nová Ves,"[48.11931617, 19.26787125]","Opatovská Nová Ves 265, 991 07 Opatovská Nová Ves, Slovakia",Veľký Krtíš,"[48.21234418, 19.34960059]","Lučenská 399/59, 990 01 Veľký Krtíš, Slovakia",25 mins,1528,22.2 km,22249
Opava,"[48.20975379, 19.17437921]","Opava 41, 991 25 Opava, Slovakia",Veľký Krtíš,"[48.21234418, 19.34960059]","Lučenská 399/59, 990 01 Veľký Krtíš, Slovakia",21 mins,1256,20.7 km,20712
Pôtor,"[48.23161865, 19.42776342]","585, 991 03 Pôtor, Slovakia",Veľký Krtíš,"[48.21234418, 19.34960059]","Lučenská 399/59, 990 01 Veľký Krtíš, Slovakia",9 mins,552,7.5 km,7506
Pravica,"[48.32716533, 19.45197852]","Unnamed Road, 991 21 Pravica, Slovakia",Veľký Krtíš,"[48.21234418, 19.34960059]","Lučenská 399/59, 990 01 Veľký Krtíš, Slovakia",22 mins,1343,21.5 km,21499
Príbelce,"[48.19350177, 19.26146595]","Príbelce 285, 991 25 Príbelce, Slovakia",Veľký Krtíš,"[48.21234418, 19.34960059]","Lučenská 399/59, 990 01 Veľký Krtíš, Slovakia",11 mins,669,9.1 km,9057
Sečianky,"[48.10165594, 19.07188891]","2592, 991 10 Sečianky, Slovakia",Veľký Krtíš,"[48.21234418, 19.34960059]","Lučenská 399/59, 990 01 Veľký Krtíš, Slovakia",35 mins,2076,32.4 km,32437
Seľany,"[48.15823639, 19.19636637]","Seľany 206, 991 27 Seľany, Slovakia",Veľký Krtíš,"[48.21234418, 19.34960059]","Lučenská 399/59, 990 01 Veľký Krtíš, Slovakia",18 mins,1087,16.7 km,16710
Senné,"[48.31778455, 19.40233915]","591, 991 01 Senné, Slovakia",Veľký Krtíš,"[48.21234418, 19.34960059]","Lučenská 399/59, 990 01 Veľký Krtíš, Slovakia",19 mins,1122,20.1 km,20106
Sklabiná,"[48.15162534, 19.34939909]","Unnamed Road, 991 05 Sklabiná, Slovakia",Veľký Krtíš,"[48.21234418, 19.34960059]","Lučenská 399/59, 990 01 Veľký Krtíš, Slovakia",12 mins,722,8.7 km,8737
Slovenské Ďarmoty,"[48.09184027, 19.28293251]","Slovenské Ďarmoty 365, 991 07 Slovenské Ďarmoty, Slovakia",Veľký Krtíš,"[48.21234418, 19.34960059]","Lučenská 399/59, 990 01 Veľký Krtíš, Slovakia",22 mins,1291,19.3 km,19284
Slovenské Kľačany,"[48.26447151, 19.4300911]","75, 991 02 Slovenské Kľačany, Slovakia",Veľký Krtíš,"[48.21234418, 19.34960059]","Lučenská 399/59, 990 01 Veľký Krtíš, Slovakia",11 mins,633,10.8 km,10824
Stredné Plachtince,"[48.21473134, 19.282788]","Unnamed Road, 991 24 Stredné Plachtince, Slovakia",Veľký Krtíš,"[48.21234418, 19.34960059]","Lučenská 399/59, 990 01 Veľký Krtíš, Slovakia",12 mins,738,8.0 km,8010
Sucháň,"[48.29951611, 19.22378952]","991 35 Sucháň, Slovakia",Veľký Krtíš,"[48.21234418, 19.34960059]","Lučenská 399/59, 990 01 Veľký Krtíš, Slovakia",27 mins,1606,24.5 km,24528
Suché Brezovo,"[48.3046533, 19.35916243]","Suché Brezovo 92, 991 03 Suché Brezovo, Slovakia",Veľký Krtíš,"[48.21234418, 19.34960059]","Lučenská 399/59, 990 01 Veľký Krtíš, Slovakia",19 mins,1113,14.7 km,14679
Širákov,"[48.15736366, 19.17085288]","Unnamed Road, 991 27 Širákov, Slovakia",Veľký Krtíš,"[48.21234418, 19.34960059]","Lučenská 399/59, 990 01 Veľký Krtíš, Slovakia",21 mins,1245,18.2 km,18159
Šuľa,"[48.35858231, 19.40881271]","2632, 991 01 Šuľa, Slovakia",Veľký Krtíš,"[48.21234418, 19.34960059]","Lučenská 399/59, 990 01 Veľký Krtíš, Slovakia",24 mins,1456,25.0 km,24969
Trebušovce,"[48.11676017, 19.1984165]","2606, 991 27 Trebušovce, Slovakia",Veľký Krtíš,"[48.21234418, 19.34960059]","Lučenská 399/59, 990 01 Veľký Krtíš, Slovakia",23 mins,1397,21.9 km,21933
Veľká Čalomija,"[48.08024384, 19.20115308]","Unnamed Road, 991 09 Veľká Čalomija, Slovakia",Veľký Krtíš,"[48.21234418, 19.34960059]","Lučenská 399/59, 990 01 Veľký Krtíš, Slovakia",27 mins,1591,26.5 km,26547
Veľká Ves nad Ipľom,"[48.0870799, 19.07741635]","Unnamed Road, 991 10 Veľká Ves nad Ipľom, Slovakia",Veľký Krtíš,"[48.21234418, 19.34960059]","Lučenská 399/59, 990 01 Veľký Krtíš, Slovakia",34 mins,2038,31.0 km,30984
Veľké Zlievce,"[48.20183906, 19.46674748]","Unnamed Road, 991 23 Veľké Zlievce, Slovakia",Veľký Krtíš,"[48.21234418, 19.34960059]","Lučenská 399/59, 990 01 Veľký Krtíš, Slovakia",16 mins,930,12.3 km,12273
