Dolný Kubín,"[49.24323709, 19.29414935]","Unnamed Road, 026 01 Dolný Kubín, Slovakia",Dolný Kubín,"[49.24323709, 19.29414935]","Unnamed Road, 026 01 Dolný Kubín, Slovakia",1 min,0,1 m,0
Dlhá nad Oravou,"[49.27300171, 19.45310217]","027 55 Dlhá nad Oravou, Slovakia",Dolný Kubín,"[49.24323709, 19.29414935]","Unnamed Road, 026 01 Dolný Kubín, Slovakia",21 mins,1242,16.8 km,16815
Horná Lehota,"[49.25945759, 19.40517328]","E77, 027 41 Horná Lehota, Slovakia",Dolný Kubín,"[49.24323709, 19.29414935]","Unnamed Road, 026 01 Dolný Kubín, Slovakia",14 mins,855,11.3 km,11332
Chlebnice,"[49.22397639, 19.48397527]","Unnamed Road, 027 55 Chlebnice, Slovakia",Dolný Kubín,"[49.24323709, 19.29414935]","Unnamed Road, 026 01 Dolný Kubín, Slovakia",30 mins,1801,22.0 km,21992
Istebné,"[49.22421074, 19.20902447]","Unnamed Road, 027 53 Istebné, Slovakia",Dolný Kubín,"[49.24323709, 19.29414935]","Unnamed Road, 026 01 Dolný Kubín, Slovakia",23 mins,1367,14.5 km,14530
Jasenová,"[49.16418906, 19.29789496]","E77, 026 01 Jasenová, Slovakia",Dolný Kubín,"[49.24323709, 19.29414935]","Unnamed Road, 026 01 Dolný Kubín, Slovakia",17 mins,1033,11.9 km,11857
Kraľovany,"[49.16271878, 19.11194609]","49.162719,19.111946",Dolný Kubín,"[49.24323709, 19.29414935]","Unnamed Road, 026 01 Dolný Kubín, Slovakia",N/A,N/A,N/A,N/A
Krivá,"[49.26567757, 19.50700588]","Unnamed Road, 027 55 Krivá, Slovakia",Dolný Kubín,"[49.24323709, 19.29414935]","Unnamed Road, 026 01 Dolný Kubín, Slovakia",29 mins,1725,21.4 km,21354
Leštiny,"[49.18670475, 19.35855685]","Leštiny 47, 026 01 Leštiny, Slovakia",Dolný Kubín,"[49.24323709, 19.29414935]","Unnamed Road, 026 01 Dolný Kubín, Slovakia",21 mins,1265,13.5 km,13509
Malatiná,"[49.19152528, 19.44440875]","Unnamed Road, 026 01 Malatiná, Slovakia",Dolný Kubín,"[49.24323709, 19.29414935]","Unnamed Road, 026 01 Dolný Kubín, Slovakia",31 mins,1884,20.9 km,20886
Medzibrodie nad Oravou,"[49.23892562, 19.3563071]","2250, 026 01 Medzibrodie nad Oravou, Slovakia",Dolný Kubín,"[49.24323709, 19.29414935]","Unnamed Road, 026 01 Dolný Kubín, Slovakia",19 mins,1115,10.5 km,10493
Oravská Poruba,"[49.18893662, 19.26399517]","027 54 Oravská Poruba, Slovakia",Dolný Kubín,"[49.24323709, 19.29414935]","Unnamed Road, 026 01 Dolný Kubín, Slovakia",24 mins,1422,12.9 km,12907
Oravský Podzámok,"[49.27703643, 19.34497688]","027 41 Oravský Podzámok, Slovakia",Dolný Kubín,"[49.24323709, 19.29414935]","Unnamed Road, 026 01 Dolný Kubín, Slovakia",17 mins,1039,10.3 km,10286
Osádka,"[49.18247653, 19.39558759]","2247, 026 01 Osádka, Slovakia",Dolný Kubín,"[49.24323709, 19.29414935]","Unnamed Road, 026 01 Dolný Kubín, Slovakia",24 mins,1428,16.2 km,16181
Párnica,"[49.21014668, 19.14750482]","Unnamed Road, 026 01 Párnica, Slovakia",Dolný Kubín,"[49.24323709, 19.29414935]","Unnamed Road, 026 01 Dolný Kubín, Slovakia",27 mins,1639,19.3 km,19324
Pokryváč,"[49.19754023, 19.39797459]","Pokryváč 1, 026 01 Pokryváč, Slovakia",Dolný Kubín,"[49.24323709, 19.29414935]","Unnamed Road, 026 01 Dolný Kubín, Slovakia",28 mins,1695,16.5 km,16472
Pribiš,"[49.22444994, 19.40839726]","027 41 Pribiš, Slovakia",Dolný Kubín,"[49.24323709, 19.29414935]","Unnamed Road, 026 01 Dolný Kubín, Slovakia",26 mins,1573,16.2 km,16221
Pucov,"[49.21827926, 19.37872532]","2250 3, 026 01 Pucov, Slovakia",Dolný Kubín,"[49.24323709, 19.29414935]","Unnamed Road, 026 01 Dolný Kubín, Slovakia",23 mins,1362,13.5 km,13527
Sedliacka Dubová,"[49.27037315, 19.42275855]","Unnamed Road, 027 55 Sedliacka Dubová, Slovakia",Dolný Kubín,"[49.24323709, 19.29414935]","Unnamed Road, 026 01 Dolný Kubín, Slovakia",17 mins,1035,13.6 km,13606
Veličná,"[49.24257221, 19.22965639]","Unnamed Road, 027 54 Veličná, Slovakia",Dolný Kubín,"[49.24323709, 19.29414935]","Unnamed Road, 026 01 Dolný Kubín, Slovakia",27 mins,1610,14.1 km,14067
