Zubák,"[49.15121424, 18.18541886]","1951, 020 64 Zubák, Slovakia",Púchov,"[49.14118117, 18.32886359]","Unnamed Road, 020 01 Púchov, Slovakia",31 mins,1832,24.3 km,24267
Beluša,"[49.04718416, 18.3493838]","Slatinská 1691, 018 61 Beluša-Čerencové, Slovakia",Púchov,"[49.14118117, 18.32886359]","Unnamed Road, 020 01 Púchov, Slovakia",18 mins,1077,13.3 km,13334
Dohňany,"[49.17051106, 18.28538835]","1939, 020 51 Dohňany, Slovakia",Púchov,"[49.14118117, 18.32886359]","Unnamed Road, 020 01 Púchov, Slovakia",13 mins,796,9.4 km,9386
Dolná Breznica,"[49.0811197, 18.25830765]","Dolná Breznica 233, 020 61 Dolná Breznica, Slovakia",Púchov,"[49.14118117, 18.32886359]","Unnamed Road, 020 01 Púchov, Slovakia",20 mins,1188,13.1 km,13093
Horovce,"[49.05293437, 18.25857032]","1950, 020 62 Horovce, Slovakia",Púchov,"[49.14118117, 18.32886359]","Unnamed Road, 020 01 Púchov, Slovakia",20 mins,1228,13.8 km,13776
Lazy pod Makytou,"[49.25075742, 18.21701819]","Rieka 537, 020 55 Lazy pod Makytou, Slovakia",Púchov,"[49.14118117, 18.32886359]","Unnamed Road, 020 01 Púchov, Slovakia",26 mins,1574,21.0 km,20982
Lednica,"[49.11570833, 18.19853258]","Lednica 169, 020 63 Lednica, Slovakia",Púchov,"[49.14118117, 18.32886359]","Unnamed Road, 020 01 Púchov, Slovakia",30 mins,1774,20.0 km,19975
Lednické Rovne,"[49.07840498, 18.28815158]","Medňanská 458/21, 020 61 Lednické Rovne, Slovakia",Púchov,"[49.14118117, 18.32886359]","Unnamed Road, 020 01 Púchov, Slovakia",16 mins,984,10.1 km,10105
Lúky,"[49.1895656, 18.21871799]","Lúky 70, 020 53 Lúky, Slovakia",Púchov,"[49.14118117, 18.32886359]","Unnamed Road, 020 01 Púchov, Slovakia",19 mins,1142,14.4 km,14350
Lysá pod Makytou,"[49.20279995, 18.16655645]","1935, 020 54 Lysá pod Makytou, Slovakia",Púchov,"[49.14118117, 18.32886359]","Unnamed Road, 020 01 Púchov, Slovakia",24 mins,1446,18.7 km,18651
Mestečko,"[49.16970382, 18.26031255]","Mestečko 182, 020 52 Mestečko, Slovakia",Púchov,"[49.14118117, 18.32886359]","Unnamed Road, 020 01 Púchov, Slovakia",15 mins,878,9.9 km,9927
Mojtín,"[48.98713054, 18.40432628]","Mojtín 364, 020 72 Mojtín, Slovakia",Púchov,"[49.14118117, 18.32886359]","Unnamed Road, 020 01 Púchov, Slovakia",28 mins,1665,22.0 km,21952
Púchov,"[49.14118117, 18.32886359]","Unnamed Road, 020 01 Púchov, Slovakia",Púchov,"[49.14118117, 18.32886359]","Unnamed Road, 020 01 Púchov, Slovakia",1 min,0,1 m,0
Visolaje,"[49.06962052, 18.37468981]","61, 018 61 Visolaje, Slovakia",Púchov,"[49.14118117, 18.32886359]","Unnamed Road, 020 01 Púchov, Slovakia",14 mins,848,12.4 km,12400
Záriečie,"[49.17343211, 18.23267178]","Klecenec 23, 020 52 Záriečie, Slovakia",Púchov,"[49.14118117, 18.32886359]","Unnamed Road, 020 01 Púchov, Slovakia",19 mins,1150,12.9 km,12877
Dolné Kočkovce,"[49.09819161, 18.34268623]","Unnamed Road, 020 01 Dolné Kočkovce, Slovakia",Púchov,"[49.14118117, 18.32886359]","Unnamed Road, 020 01 Púchov, Slovakia",16 mins,942,7.2 km,7249
Nimnica,"[49.14470483, 18.3588809]","Nimnica 177, 020 71 Nimnica, Slovakia",Púchov,"[49.14118117, 18.32886359]","Unnamed Road, 020 01 Púchov, Slovakia",7 mins,420,3.4 km,3375
Streženice,"[49.10696591, 18.29234528]","Štepnická 223/7, 020 01 Streženice, Slovakia",Púchov,"[49.14118117, 18.32886359]","Unnamed Road, 020 01 Púchov, Slovakia",12 mins,729,5.6 km,5615
Vydrná,"[49.21488521, 18.25967693]","Vydrná 132, 020 53 Vydrná, Slovakia",Púchov,"[49.14118117, 18.32886359]","Unnamed Road, 020 01 Púchov, Slovakia",23 mins,1371,15.6 km,15614
Kvašov,"[49.07577742, 18.22614751]","1949, 020 62 Kvašov, Slovakia",Púchov,"[49.14118117, 18.32886359]","Unnamed Road, 020 01 Púchov, Slovakia",24 mins,1461,17.6 km,17621
