Lovčica-Trubín,"[48.62306044, 18.7668253]","Unnamed Road, 966 23 Lovčica - Trubín, Slovakia",Žiar nad Hronom,"[48.54672636, 18.875011]","Unnamed Road, 965 01 Ladomerská Vieska, Slovakia",26 mins,1556,18.8 km,18766
Lúčky,"[48.70174238, 18.88804474]","Lúčky 34, 967 01 Lúčky, Slovakia",Žiar nad Hronom,"[48.54672636, 18.875011]","Unnamed Road, 965 01 Ladomerská Vieska, Slovakia",33 mins,1993,31.3 km,31321
Nevoľné,"[48.67488032, 18.94713651]","967 01 Nevoľné, Slovakia",Žiar nad Hronom,"[48.54672636, 18.875011]","Unnamed Road, 965 01 Ladomerská Vieska, Slovakia",38 mins,2275,32.2 km,32227
Pitelová,"[48.60215682, 18.92772075]","Pitelová 83, 966 11 Pitelová, Slovakia",Žiar nad Hronom,"[48.54672636, 18.875011]","Unnamed Road, 965 01 Ladomerská Vieska, Slovakia",22 mins,1342,19.9 km,19920
Prestavlky,"[48.58983065, 18.75664675]","Prestavlky 229, 966 01 Prestavlky, Slovakia",Žiar nad Hronom,"[48.54672636, 18.875011]","Unnamed Road, 965 01 Ladomerská Vieska, Slovakia",25 mins,1483,16.3 km,16259
Prochot,"[48.61341839, 18.69370958]","Unnamed Road, 966 04 Prochot, Slovakia",Žiar nad Hronom,"[48.54672636, 18.875011]","Unnamed Road, 965 01 Ladomerská Vieska, Slovakia",58 mins,3467,25.7 km,25653
Repište,"[48.51408959, 18.84012692]","Repište 59, 966 03 Repište, Slovakia",Žiar nad Hronom,"[48.54672636, 18.875011]","Unnamed Road, 965 01 Ladomerská Vieska, Slovakia",23 mins,1386,17.4 km,17389
Sklené Teplice,"[48.52748078, 18.87010974]","Sklené Teplice - kúpele 35, 966 03 Sklené Teplice, Slovakia",Žiar nad Hronom,"[48.54672636, 18.875011]","Unnamed Road, 965 01 Ladomerská Vieska, Slovakia",21 mins,1230,15.2 km,15178
Slaská,"[48.68752374, 18.8278024]","Unnamed Road, Kopernica, Slovakia",Žiar nad Hronom,"[48.54672636, 18.875011]","Unnamed Road, 965 01 Ladomerská Vieska, Slovakia",41 mins,2488,27.7 km,27717
Stará Kremnička,"[48.61804391, 18.8930087]","65, 965 01 Stará Kremnička, Slovakia",Žiar nad Hronom,"[48.54672636, 18.875011]","Unnamed Road, 965 01 Ladomerská Vieska, Slovakia",17 mins,1028,17.9 km,17857
Trnavá Hora,"[48.59277737, 18.96279499]","2489, 966 11 Trnavá Hora, Slovakia",Žiar nad Hronom,"[48.54672636, 18.875011]","Unnamed Road, 965 01 Ladomerská Vieska, Slovakia",24 mins,1448,22.0 km,21974
Vyhne,"[48.50004791, 18.79385968]","Vyhne, Slovakia",Žiar nad Hronom,"[48.54672636, 18.875011]","Unnamed Road, 965 01 Ladomerská Vieska, Slovakia",25 mins,1492,18.2 km,18246
Horná Ves,"[48.67521254, 18.90586678]","Horná Ves 121, 967 01 Horná Ves, Slovakia",Žiar nad Hronom,"[48.54672636, 18.875011]","Unnamed Road, 965 01 Ladomerská Vieska, Slovakia",24 mins,1453,24.8 km,24846
Ladomerská Vieska,"[48.56506325, 18.88717232]","Ladomerská Vieska 222, 965 01 Ladomerská Vieska, Slovakia",Žiar nad Hronom,"[48.54672636, 18.875011]","Unnamed Road, 965 01 Ladomerská Vieska, Slovakia",21 mins,1270,18.4 km,18412
Lutila,"[48.6328798, 18.84267551]","966 22 Lutila, Slovakia",Žiar nad Hronom,"[48.54672636, 18.875011]","Unnamed Road, 965 01 Ladomerská Vieska, Slovakia",24 mins,1444,21.7 km,21698
