Veľký Lom,"[48.33631616, 19.3710134]","Veľký Lom 90, 991 03 Veľký Lom, Slovakia",Veľký Krtíš,"[48.21234418, 19.34960059]","Lučenská 399/59, 990 01 Veľký Krtíš, Slovakia",23 mins,1388,22.7 km,22730
Vieska,"[48.25615136, 19.46265152]","Vieska 69, 991 02 Vieska, Slovakia",Veľký Krtíš,"[48.21234418, 19.34960059]","Lučenská 399/59, 990 01 Veľký Krtíš, Slovakia",16 mins,965,14.5 km,14525
Vinica,"[48.12246164, 19.12267126]","Slnečná 842/23, 991 28 Vinica, Slovakia",Veľký Krtíš,"[48.21234418, 19.34960059]","Lučenská 399/59, 990 01 Veľký Krtíš, Slovakia",30 mins,1771,26.6 km,26607
Vrbovka,"[48.09823851, 19.38689416]","Vrbovka 170, 991 06 Vrbovka, Slovakia",Veľký Krtíš,"[48.21234418, 19.34960059]","Lučenská 399/59, 990 01 Veľký Krtíš, Slovakia",24 mins,1442,21.7 km,21678
Záhorce,"[48.11195762, 19.32359585]","991 06 Záhorce, Slovakia",Veľký Krtíš,"[48.21234418, 19.34960059]","Lučenská 399/59, 990 01 Veľký Krtíš, Slovakia",18 mins,1061,15.4 km,15360
Závada,"[48.29724655, 19.48486626]","991 21 Závada, Slovakia",Veľký Krtíš,"[48.21234418, 19.34960059]","Lučenská 399/59, 990 01 Veľký Krtíš, Slovakia",17 mins,1030,17.3 km,17308
Zombor,"[48.13760631, 19.45022305]","Zombor 73, 991 22 Zombor, Slovakia",Veľký Krtíš,"[48.21234418, 19.34960059]","Lučenská 399/59, 990 01 Veľký Krtíš, Slovakia",25 mins,1505,21.0 km,20957
Želovce,"[48.12912315, 19.36708309]","2607, 991 06 Želovce, Slovakia",Veľký Krtíš,"[48.21234418, 19.34960059]","Lučenská 399/59, 990 01 Veľký Krtíš, Slovakia",14 mins,839,13.2 km,13174
Malý Krtíš,"[48.18906462, 19.36282677]","527, Malý Krtíš, Slovakia",Veľký Krtíš,"[48.21234418, 19.34960059]","Lučenská 399/59, 990 01 Veľký Krtíš, Slovakia",8 mins,452,4.2 km,4151
Malé Straciny,"[48.20706938, 19.41649355]","2585, 990 01 Malé Straciny, Slovakia",Veľký Krtíš,"[48.21234418, 19.34960059]","Lučenská 399/59, 990 01 Veľký Krtíš, Slovakia",12 mins,692,9.0 km,9025
Veľké Straciny,"[48.19490198, 19.39819909]","2602, 990 01 Malé Straciny, Slovakia",Veľký Krtíš,"[48.21234418, 19.34960059]","Lučenská 399/59, 990 01 Veľký Krtíš, Slovakia",11 mins,656,7.3 km,7280
