Žiar nad Hronom,"[48.54672636, 18.875011]","Unnamed Road, 965 01 Ladomerská Vieska, Slovakia",Žiar nad Hronom,"[48.54672636, 18.875011]","Unnamed Road, 965 01 Ladomerská Vieska, Slovakia",1 min,0,1 m,0
Bartošova Lehôtka,"[48.65185588, 18.91147687]","Bartošova Lehôtka 79, 967 01 Bartošova Lehôtka, Slovakia",Žiar nad Hronom,"[48.54672636, 18.875011]","Unnamed Road, 965 01 Ladomerská Vieska, Slovakia",22 mins,1347,22.4 km,22397
Bzenica,"[48.52170717, 18.74017082]","65, 966 01 Bzenica, Slovakia",Žiar nad Hronom,"[48.54672636, 18.875011]","Unnamed Road, 965 01 Ladomerská Vieska, Slovakia",16 mins,949,12.6 km,12594
Dolná Trnávka,"[48.56047245, 18.7822368]","Dolná Trnávka 124, 966 21 Dolná Trnávka, Slovakia",Žiar nad Hronom,"[48.54672636, 18.875011]","Unnamed Road, 965 01 Ladomerská Vieska, Slovakia",20 mins,1206,13.1 km,13090
Dolná Ves,"[48.66736276, 18.91578108]","Dolná Ves 54, 967 01 Dolná Ves, Slovakia",Žiar nad Hronom,"[48.54672636, 18.875011]","Unnamed Road, 965 01 Ladomerská Vieska, Slovakia",23 mins,1389,23.9 km,23867
Dolná Ždaňa,"[48.54883313, 18.74375641]","Unnamed Road, 966 01 Dolná Ždaňa, Slovakia",Žiar nad Hronom,"[48.54672636, 18.875011]","Unnamed Road, 965 01 Ladomerská Vieska, Slovakia",18 mins,1084,11.1 km,11069
Hliník nad Hronom,"[48.53371555, 18.79261554]","Partizánska, 966 01 Hliník nad Hronom, Slovakia",Žiar nad Hronom,"[48.54672636, 18.875011]","Unnamed Road, 965 01 Ladomerská Vieska, Slovakia",14 mins,815,9.0 km,8980
Horná Ždaňa,"[48.57139977, 18.72698487]","Unnamed Road, 966 04 Horná Ždaňa, Slovakia",Žiar nad Hronom,"[48.54672636, 18.875011]","Unnamed Road, 965 01 Ladomerská Vieska, Slovakia",33 mins,1984,15.1 km,15096
Hronská Dúbrava,"[48.5863754, 18.99456668]","2491, 966 11 Hronská Dúbrava, Slovakia",Žiar nad Hronom,"[48.54672636, 18.875011]","Unnamed Road, 965 01 Ladomerská Vieska, Slovakia",27 mins,1606,29.3 km,29333
Ihráč,"[48.66105884, 18.97621073]","Unnamed Road, 967 01 Kremnica, Slovakia",Žiar nad Hronom,"[48.54672636, 18.875011]","Unnamed Road, 965 01 Ladomerská Vieska, Slovakia",45 mins,2706,29.2 km,29219
Janova Lehota,"[48.6679246, 18.77010986]","Janova Lehota 140, 966 24 Janova Lehota, Slovakia",Žiar nad Hronom,"[48.54672636, 18.875011]","Unnamed Road, 965 01 Ladomerská Vieska, Slovakia",27 mins,1613,24.4 km,24370
Jastrabá,"[48.63626271, 18.93732594]","Jastrabá 170, 967 01 Jastrabá, Slovakia",Žiar nad Hronom,"[48.54672636, 18.875011]","Unnamed Road, 965 01 Ladomerská Vieska, Slovakia",28 mins,1662,25.7 km,25683
Kopernica,"[48.67992096, 18.86618374]","Kopernica 79, 967 01 Kopernica, Slovakia",Žiar nad Hronom,"[48.54672636, 18.875011]","Unnamed Road, 965 01 Ladomerská Vieska, Slovakia",37 mins,2207,34.4 km,34397
Kosorín,"[48.67267802, 18.80345516]","Unnamed Road, 966 24 Kosorín, Slovakia",Žiar nad Hronom,"[48.54672636, 18.875011]","Unnamed Road, 965 01 Ladomerská Vieska, Slovakia",33 mins,1987,27.2 km,27185
Krahule,"[48.73535883, 18.95237125]","Unnamed Road, 967 01 Krahule, Slovakia",Žiar nad Hronom,"[48.54672636, 18.875011]","Unnamed Road, 965 01 Ladomerská Vieska, Slovakia",48 mins,2871,37.6 km,37562
Kremnica,"[48.70514494, 18.96214634]","Unnamed Road, 967 01 Kremnica, Slovakia",Žiar nad Hronom,"[48.54672636, 18.875011]","Unnamed Road, 965 01 Ladomerská Vieska, Slovakia",53 mins,3179,34.9 km,34936
Kremnické Bane,"[48.73784003, 18.90127244]","967 01 Kremnické Bane, Slovakia",Žiar nad Hronom,"[48.54672636, 18.875011]","Unnamed Road, 965 01 Ladomerská Vieska, Slovakia",33 mins,2003,32.8 km,32802
Kunešov,"[48.736261, 18.8567176]","Unnamed Road, 967 01 Kunešov, Slovakia",Žiar nad Hronom,"[48.54672636, 18.875011]","Unnamed Road, 965 01 Ladomerská Vieska, Slovakia",41 mins,2439,37.3 km,37266
Lehôtka pod Brehmi,"[48.54593951, 18.82147866]","966 01 Lehôtka pod Brehmi, Slovakia",Žiar nad Hronom,"[48.54672636, 18.875011]","Unnamed Road, 965 01 Ladomerská Vieska, Slovakia",10 mins,582,5.4 km,5421
Lovča,"[48.57256873, 18.80616133]","966 21 Lovča, Slovakia",Žiar nad Hronom,"[48.54672636, 18.875011]","Unnamed Road, 965 01 Ladomerská Vieska, Slovakia",21 mins,1288,15.0 km,14977
