Starý Hrádok,"[48.1552584, 18.63402812]","1543, 935 56 Starý Hrádok, Slovakia",Levice,"[48.20343206, 18.65038078]","564, 934 05 Levice, Slovakia",16 mins,931,11.6 km,11557
Starý Tekov,"[48.24399188, 18.55052732]","1545, 935 26 Starý Tekov, Slovakia",Levice,"[48.20343206, 18.65038078]","564, 934 05 Levice, Slovakia",11 mins,668,10.3 km,10266
Šahy,"[48.07949139, 18.95575027]","Andreja Kmeťa, 936 01 Šahy, Slovakia",Levice,"[48.20343206, 18.65038078]","564, 934 05 Levice, Slovakia",31 mins,1846,31.0 km,31020
Šalov,"[48.01352894, 18.71949582]","1514, 935 71 Šalov, Slovakia",Levice,"[48.20343206, 18.65038078]","564, 934 05 Levice, Slovakia",27 mins,1612,24.0 km,24001
Šarovce,"[48.0995089, 18.62178677]","Unnamed Road, 935 52 Šarovce, Slovakia",Levice,"[48.20343206, 18.65038078]","564, 934 05 Levice, Slovakia",24 mins,1419,20.1 km,20077
Tehla,"[48.19588967, 18.38214173]","Unnamed Road, 935 35 Tehla, Slovakia",Levice,"[48.20343206, 18.65038078]","564, 934 05 Levice, Slovakia",28 mins,1694,23.8 km,23814
Tekovské Lužany,"[48.09145271, 18.53949273]","J. A. Komenského 22-23, 935 41 Tekovské Lužany, Slovakia",Levice,"[48.20343206, 18.65038078]","564, 934 05 Levice, Slovakia",25 mins,1490,24.5 km,24479
Tekovský Hrádok,"[48.16506932, 18.54612072]","76, 935 51 Tekovský Hrádok, Slovakia",Levice,"[48.20343206, 18.65038078]","564, 934 05 Levice, Slovakia",19 mins,1129,18.0 km,18020
Tlmače,"[48.28924864, 18.53001259]","Továrenská 62, 935 21 Tlmače, Slovakia",Levice,"[48.20343206, 18.65038078]","564, 934 05 Levice, Slovakia",13 mins,758,13.8 km,13834
Tupá,"[48.11925615, 18.90670793]","Unnamed Road, 935 84 Tupá, Slovakia",Levice,"[48.20343206, 18.65038078]","564, 934 05 Levice, Slovakia",28 mins,1673,26.7 km,26661
Turá,"[48.14506141, 18.57525486]","76, 935 51 Turá, Slovakia",Levice,"[48.20343206, 18.65038078]","564, 934 05 Levice, Slovakia",21 mins,1269,21.1 km,21125
Uhliská,"[48.39441638, 18.74468517]","Uhliská 43, 935 05 Uhliská, Slovakia",Levice,"[48.20343206, 18.65038078]","564, 934 05 Levice, Slovakia",32 mins,1906,30.7 km,30747
Veľké Ludince,"[47.96215464, 18.50106175]","Veľké Ludince 511, 935 65 Veľké Ludince, Slovakia",Levice,"[48.20343206, 18.65038078]","564, 934 05 Levice, Slovakia",42 mins,2491,40.1 km,40065
Veľké Turovce,"[48.10328062, 18.95530123]","Unnamed Road, 935 81 Veľké Turovce, Slovakia",Levice,"[48.20343206, 18.65038078]","564, 934 05 Levice, Slovakia",33 mins,1985,33.2 km,33241
Veľký Ďur,"[48.2118877, 18.44012915]","Ulica Janka Kráľa 478/59, 935 34 Veľký Ďur, Slovakia",Levice,"[48.20343206, 18.65038078]","564, 934 05 Levice, Slovakia",23 mins,1371,20.2 km,20174
Vyškovce nad Ipľom,"[48.0746736, 18.85380254]","Unnamed Road, 935 77 Vyškovce nad Ipľom, Slovakia",Levice,"[48.20343206, 18.65038078]","564, 934 05 Levice, Slovakia",27 mins,1626,24.7 km,24680
Vyšné nad Hronom,"[48.16795704, 18.59199375]","Unnamed Road, Vyšné nad Hronom, Slovakia",Levice,"[48.20343206, 18.65038078]","564, 934 05 Levice, Slovakia",19 mins,1146,12.4 km,12385
Zalaba,"[47.96233985, 18.70400699]","Zalaba 15, 937 01 Zalaba, Slovakia",Levice,"[48.20343206, 18.65038078]","564, 934 05 Levice, Slovakia",37 mins,2220,31.0 km,30989
Zbrojníky,"[48.11123586, 18.70979394]","935 55 Zbrojníky, Slovakia",Levice,"[48.20343206, 18.65038078]","564, 934 05 Levice, Slovakia",18 mins,1062,13.1 km,13091
Želiezovce,"[48.05021954, 18.6323046]","1565, 937 01 Želiezovce, Slovakia",Levice,"[48.20343206, 18.65038078]","564, 934 05 Levice, Slovakia",28 mins,1699,26.3 km,26258
