Koškovce,"[49.05343836, 21.94451714]","Koškovce 53, 067 12 Koškovce, Slovakia",Humenné,"[48.93896684, 21.90649528]","Kudlovská 219/13, 066 01 Humenné, Slovakia",18 mins,1068,16.2 km,16167
Lieskovec,"[48.95326268, 21.8154369]","Lieskovec 135, 067 45 Lieskovec, Slovakia",Humenné,"[48.93896684, 21.90649528]","Kudlovská 219/13, 066 01 Humenné, Slovakia",17 mins,1032,12.4 km,12409
Ľubiša,"[49.00356767, 21.93493109]","067 11 Ľubiša, Slovakia",Humenné,"[48.93896684, 21.90649528]","Kudlovská 219/13, 066 01 Humenné, Slovakia",12 mins,701,10.7 km,10707
Lukačovce,"[49.02500315, 21.78814663]","3826, 067 24 Lukačovce, Slovakia",Humenné,"[48.93896684, 21.90649528]","Kudlovská 219/13, 066 01 Humenné, Slovakia",16 mins,955,15.4 km,15390
Modra nad Cirochou,"[48.93806025, 22.04683407]","067 82 Modra nad Cirochou, Slovakia",Humenné,"[48.93896684, 21.90649528]","Kudlovská 219/13, 066 01 Humenné, Slovakia",18 mins,1065,13.4 km,13354
Myslina,"[48.9494608, 21.85577296]","Myslina 41, 066 01 Myslina, Slovakia",Humenné,"[48.93896684, 21.90649528]","Kudlovská 219/13, 066 01 Humenné, Slovakia",12 mins,739,7.5 km,7491
Nechválova Polianka,"[49.07752545, 22.10529808]","067 33 Nechválova Polianka, Slovakia",Humenné,"[48.93896684, 21.90649528]","Kudlovská 219/13, 066 01 Humenné, Slovakia",30 mins,1823,25.4 km,25420
Nižná Jablonka,"[49.13147344, 22.08186027]","Nižná Jablonka 39, 067 34 Nižná Jablonka, Slovakia",Humenné,"[48.93896684, 21.90649528]","Kudlovská 219/13, 066 01 Humenné, Slovakia",34 mins,2028,30.2 km,30151
Nižné Ladičkovce,"[49.01685804, 21.90382218]","3843, 067 11 Nižné Ladičkovce, Slovakia",Humenné,"[48.93896684, 21.90649528]","Kudlovská 219/13, 066 01 Humenné, Slovakia",15 mins,908,13.9 km,13890
Ohradzany,"[49.00468039, 21.83906034]","Ohradzany 88, 067 22 Ohradzany, Slovakia",Humenné,"[48.93896684, 21.90649528]","Kudlovská 219/13, 066 01 Humenné, Slovakia",13 mins,783,10.9 km,10898
Papín,"[49.0988659, 22.06138957]","3839, 067 33 Papín, Slovakia",Humenné,"[48.93896684, 21.90649528]","Kudlovská 219/13, 066 01 Humenné, Slovakia",28 mins,1671,25.5 km,25509
Porúbka,"[48.86001201, 21.95776726]","Porúbka 45, 067 41 Porúbka, Slovakia",Humenné,"[48.93896684, 21.90649528]","Kudlovská 219/13, 066 01 Humenné, Slovakia",15 mins,882,10.5 km,10494
Ptičie,"[48.9039098, 21.95609899]","3833, 067 41 Ptičie, Slovakia",Humenné,"[48.93896684, 21.90649528]","Kudlovská 219/13, 066 01 Humenné, Slovakia",10 mins,601,7.4 km,7396
Rovné,"[48.97460329, 22.01486291]","Rovné 66, 067 32 Rovné, Slovakia",Humenné,"[48.93896684, 21.90649528]","Kudlovská 219/13, 066 01 Humenné, Slovakia",16 mins,963,11.9 km,11901
Slovenská Volová,"[48.9798634, 21.84785973]","3826, 067 22 Slovenská Volová, Slovakia",Humenné,"[48.93896684, 21.90649528]","Kudlovská 219/13, 066 01 Humenné, Slovakia",9 mins,538,7.8 km,7772
Slovenské Krivé,"[49.07275452, 22.01711025]","Unnamed Road, 067 13 Zubné, Slovakia",Humenné,"[48.93896684, 21.90649528]","Kudlovská 219/13, 066 01 Humenné, Slovakia",26 mins,1570,22.0 km,21982
Topoľovka,"[48.92757209, 21.80510434]","Topoľovka 101, 067 45 Topoľovka, Slovakia",Humenné,"[48.93896684, 21.90649528]","Kudlovská 219/13, 066 01 Humenné, Slovakia",13 mins,783,9.3 km,9316
Turcovce,"[49.05679553, 21.85416313]","3828, 067 23 Turcovce, Slovakia",Humenné,"[48.93896684, 21.90649528]","Kudlovská 219/13, 066 01 Humenné, Slovakia",20 mins,1173,17.2 km,17204
Udavské,"[48.97510783, 21.96679793]","Udavské 274, 067 31 Udavské, Slovakia",Humenné,"[48.93896684, 21.90649528]","Kudlovská 219/13, 066 01 Humenné, Slovakia",11 mins,630,7.9 km,7905
Veľopolie,"[48.9957628, 21.95531894]","Veľopolie 22, 067 31 Veľopolie, Slovakia",Humenné,"[48.93896684, 21.90649528]","Kudlovská 219/13, 066 01 Humenné, Slovakia",14 mins,850,10.9 km,10927
