Veľký Krtíš,"[48.21234418, 19.34960059]","Lučenská 399/59, 990 01 Veľký Krtíš, Slovakia",Veľký Krtíš,"[48.21234418, 19.34960059]","Lučenská 399/59, 990 01 Veľký Krtíš, Slovakia",1 min,0,1 m,0
Balog nad Ipľom,"[48.0807872, 19.12701839]","Okružná 19-60, 991 11 Balog nad Ipľom, Slovakia",Veľký Krtíš,"[48.21234418, 19.34960059]","Lučenská 399/59, 990 01 Veľký Krtíš, Slovakia",32 mins,1919,32.2 km,32190
Bátorová,"[48.13552636, 19.28068726]","Unnamed Road, 991 26 Bátorová, Slovakia",Veľký Krtíš,"[48.21234418, 19.34960059]","Lučenská 399/59, 990 01 Veľký Krtíš, Slovakia",24 mins,1438,20.0 km,19963
Brusník,"[48.30566945, 19.41654345]","Unnamed Road, Brusník, Slovakia",Veľký Krtíš,"[48.21234418, 19.34960059]","Lučenská 399/59, 990 01 Veľký Krtíš, Slovakia",21 mins,1238,19.8 km,19804
Bušince,"[48.1796165, 19.4948128]","991 22 Bušince, Slovakia",Veľký Krtíš,"[48.21234418, 19.34960059]","Lučenská 399/59, 990 01 Veľký Krtíš, Slovakia",20 mins,1179,16.5 km,16517
Čebovce,"[48.2052526, 19.22847276]","Unnamed Road, 991 25 Čebovce, Slovakia",Veľký Krtíš,"[48.21234418, 19.34960059]","Lučenská 399/59, 990 01 Veľký Krtíš, Slovakia",17 mins,1010,14.7 km,14651
Čeláre,"[48.13709674, 19.48057107]","991 22 Čeláre, Slovakia",Veľký Krtíš,"[48.21234418, 19.34960059]","Lučenská 399/59, 990 01 Veľký Krtíš, Slovakia",24 mins,1454,20.6 km,20578
Čelovce,"[48.19543592, 19.12217903]","Čelovce 194, 991 41 Čelovce, Slovakia",Veľký Krtíš,"[48.21234418, 19.34960059]","Lučenská 399/59, 990 01 Veľký Krtíš, Slovakia",26 mins,1551,23.2 km,23219
Červeňany,"[48.37961042, 19.38302347]","591, 991 01 Červeňany, Slovakia",Veľký Krtíš,"[48.21234418, 19.34960059]","Lučenská 399/59, 990 01 Veľký Krtíš, Slovakia",24 mins,1465,27.7 km,27739
Dačov Lom,"[48.30997303, 19.25396365]","Unnamed Road, 991 35 Dačov Lom, Slovakia",Veľký Krtíš,"[48.21234418, 19.34960059]","Lučenská 399/59, 990 01 Veľký Krtíš, Slovakia",20 mins,1182,17.3 km,17308
Dolinka,"[48.09503702, 19.16195449]","Unnamed Road, 991 28 Dolinka, Slovakia",Veľký Krtíš,"[48.21234418, 19.34960059]","Lučenská 399/59, 990 01 Veľký Krtíš, Slovakia",32 mins,1910,31.3 km,31281
Dolná Strehová,"[48.24703085, 19.49276138]","Imreho Madácha, 991 02 Dolná Strehová, Slovakia",Veľký Krtíš,"[48.21234418, 19.34960059]","Lučenská 399/59, 990 01 Veľký Krtíš, Slovakia",17 mins,991,13.4 km,13436
Dolné Plachtince,"[48.19754433, 19.31273006]","2601, 991 24 Dolné Plachtince, Slovakia",Veľký Krtíš,"[48.21234418, 19.34960059]","Lučenská 399/59, 990 01 Veľký Krtíš, Slovakia",7 mins,418,4.5 km,4472
Dolné Strháre,"[48.25242484, 19.38286575]","2604, 991 03 Dolné Strháre, Slovakia",Veľký Krtíš,"[48.21234418, 19.34960059]","Lučenská 399/59, 990 01 Veľký Krtíš, Slovakia",10 mins,583,7.0 km,6967
Ďurkovce,"[48.14179138, 19.16173441]","991 27 Ďurkovce, Slovakia",Veľký Krtíš,"[48.21234418, 19.34960059]","Lučenská 399/59, 990 01 Veľký Krtíš, Slovakia",25 mins,1521,21.7 km,21680
Glabušovce,"[48.15386883, 19.45335756]","2611, 991 22 Glabušovce, Slovakia",Veľký Krtíš,"[48.21234418, 19.34960059]","Lučenská 399/59, 990 01 Veľký Krtíš, Slovakia",19 mins,1128,14.8 km,14836
Horná Strehová,"[48.28219677, 19.43796968]","Horná Strehová 106, 991 02 Horná Strehová, Slovakia",Veľký Krtíš,"[48.21234418, 19.34960059]","Lučenská 399/59, 990 01 Veľký Krtíš, Slovakia",16 mins,949,15.0 km,14975
Horné Plachtince,"[48.25044161, 19.25782583]","Plachtinské lazy 108, 991 24 Horné Plachtince, Slovakia",Veľký Krtíš,"[48.21234418, 19.34960059]","Lučenská 399/59, 990 01 Veľký Krtíš, Slovakia",34 mins,2033,31.1 km,31120
Horné Strháre,"[48.27019851, 19.34894896]","Unnamed Road, 991 03 Horné Strháre, Slovakia",Veľký Krtíš,"[48.21234418, 19.34960059]","Lučenská 399/59, 990 01 Veľký Krtíš, Slovakia",14 mins,859,10.2 km,10202
Hrušov,"[48.16799006, 19.08813109]","991 42 Hrušov, Slovakia",Veľký Krtíš,"[48.21234418, 19.34960059]","Lučenská 399/59, 990 01 Veľký Krtíš, Slovakia",28 mins,1687,29.1 km,29124
