Žemberovce,"[48.25375472, 18.75745182]","Unnamed Road, 935 02 Žemberovce, Slovakia",Levice,"[48.20343206, 18.65038078]","564, 934 05 Levice, Slovakia",16 mins,984,15.5 km,15513
Žemliare,"[48.15032802, 18.60833078]","935 57 Žemliare, Slovakia",Levice,"[48.20343206, 18.65038078]","564, 934 05 Levice, Slovakia",19 mins,1122,13.7 km,13657
Hontianske Trsťany,"[48.21757831, 18.79929369]","Unnamed Road, 935 86 Hontianske Trsťany, Slovakia",Levice,"[48.20343206, 18.65038078]","564, 934 05 Levice, Slovakia",24 mins,1417,20.9 km,20895
Čata,"[47.9568461, 18.64970627]","Staničná 40/1, 935 63 Čata, Slovakia",Levice,"[48.20343206, 18.65038078]","564, 934 05 Levice, Slovakia",41 mins,2437,36.1 km,36070
Jesenské,"[48.16315681, 18.4123074]","Jesenské 23, 935 36 Jesenské, Slovakia",Levice,"[48.20343206, 18.65038078]","564, 934 05 Levice, Slovakia",27 mins,1643,23.4 km,23406
Bohunice,"[48.34662923, 18.76006619]","Unnamed Road, 935 05 Bohunice, Slovakia",Levice,"[48.20343206, 18.65038078]","564, 934 05 Levice, Slovakia",24 mins,1417,22.8 km,22835
Malé Kozmálovce,"[48.27544064, 18.50553739]","1586, 935 21 Malé Kozmálovce, Slovakia",Levice,"[48.20343206, 18.65038078]","564, 934 05 Levice, Slovakia",17 mins,1009,17.1 km,17139
Veľké Kozmálovce,"[48.26701029, 18.5415715]","1545, 935 21 Veľké Kozmálovce, Slovakia",Levice,"[48.20343206, 18.65038078]","564, 934 05 Levice, Slovakia",14 mins,836,13.6 km,13599
Hrkovce,"[48.09203546, 18.90528918]","936 01 Hrkovce, Slovakia",Levice,"[48.20343206, 18.65038078]","564, 934 05 Levice, Slovakia",25 mins,1528,27.0 km,26953
