Bajerovce,"[49.2154437, 20.79553342]","Bajerovce 120, 082 73 Bajerovce, Slovakia",Sabinov,"[49.10068637, 21.10293903]","68 17-19, 083 01 Sabinov, Slovakia",34 mins,2036,29.3 km,29294
Bodovce,"[49.13043644, 21.17680577]","Unnamed Road, 082 66 Šarišské Sokolovce, Slovakia",Sabinov,"[49.10068637, 21.10293903]","68 17-19, 083 01 Sabinov, Slovakia",16 mins,930,9.3 km,9289
Brezovica,"[49.1390172, 20.82897677]","Unnamed Road, 082 74 Brezovica, Slovakia",Sabinov,"[49.10068637, 21.10293903]","68 17-19, 083 01 Sabinov, Slovakia",31 mins,1860,24.2 km,24198
Brezovička,"[49.1212615, 20.84332395]","Unnamed Road, 082 74 Brezovička, Slovakia",Sabinov,"[49.10068637, 21.10293903]","68 17-19, 083 01 Sabinov, Slovakia",31 mins,1850,25.1 km,25062
Červená Voda,"[49.1358583, 21.08334372]","3182, 083 01 Červená Voda, Slovakia",Sabinov,"[49.10068637, 21.10293903]","68 17-19, 083 01 Sabinov, Slovakia",6 mins,342,4.7 km,4744
Červenica pri Sabinove,"[49.14483815, 21.02417155]","3185, 082 56 Červenica pri Sabinove, Slovakia",Sabinov,"[49.10068637, 21.10293903]","68 17-19, 083 01 Sabinov, Slovakia",10 mins,617,8.1 km,8107
Ďačov,"[49.14261712, 20.92097951]","Ďačov 213, 082 71 Ďačov, Slovakia",Sabinov,"[49.10068637, 21.10293903]","68 17-19, 083 01 Sabinov, Slovakia",18 mins,1106,15.8 km,15758
Daletice,"[49.0356393, 21.06808235]","Daletice 31, 082 63 Daletice, Slovakia",Sabinov,"[49.10068637, 21.10293903]","68 17-19, 083 01 Sabinov, Slovakia",14 mins,838,9.7 km,9678
Drienica,"[49.14103938, 21.11969009]","Drienica 608, 083 01 Drienica, Slovakia",Sabinov,"[49.10068637, 21.10293903]","68 17-19, 083 01 Sabinov, Slovakia",11 mins,683,7.2 km,7210
Dubovica,"[49.12042028, 20.9368919]","Dubovica 384, 082 71 Dubovica, Slovakia",Sabinov,"[49.10068637, 21.10293903]","68 17-19, 083 01 Sabinov, Slovakia",20 mins,1182,16.1 km,16078
Hanigovce,"[49.18336698, 21.02751202]","082 56 Hanigovce, Slovakia",Sabinov,"[49.10068637, 21.10293903]","68 17-19, 083 01 Sabinov, Slovakia",16 mins,941,12.2 km,12191
Hubošovce,"[49.09778478, 21.20691966]","Hubošovce 144, 082 66 Hubošovce, Slovakia",Sabinov,"[49.10068637, 21.10293903]","68 17-19, 083 01 Sabinov, Slovakia",15 mins,922,11.8 km,11755
Jakovany,"[49.15666403, 21.06994275]","Jakovany 43, 083 01 Jakovany, Slovakia",Sabinov,"[49.10068637, 21.10293903]","68 17-19, 083 01 Sabinov, Slovakia",12 mins,702,8.4 km,8380
Jakubova Voľa,"[49.12161445, 21.01011713]","Jakubova Voľa 34, 082 56 Jakubova Voľa, Slovakia",Sabinov,"[49.10068637, 21.10293903]","68 17-19, 083 01 Sabinov, Slovakia",12 mins,727,8.5 km,8453
Jakubovany,"[49.11536364, 21.1392166]","083 01 Jakubovany, Slovakia",Sabinov,"[49.10068637, 21.10293903]","68 17-19, 083 01 Sabinov, Slovakia",9 mins,552,6.0 km,6012
Jarovnice,"[49.06235434, 21.05165078]","Jarovnice 553, 082 63 Jarovnice, Slovakia",Sabinov,"[49.10068637, 21.10293903]","68 17-19, 083 01 Sabinov, Slovakia",11 mins,680,7.1 km,7149
Kamenica,"[49.20370726, 20.96849381]","Kamenica 276, 082 71 Kamenica, Slovakia",Sabinov,"[49.10068637, 21.10293903]","68 17-19, 083 01 Sabinov, Slovakia",22 mins,1297,18.0 km,17966
Krásna Lúka,"[49.19639976, 20.81693842]","3171, 082 73 Krásna Lúka, Slovakia",Sabinov,"[49.10068637, 21.10293903]","68 17-19, 083 01 Sabinov, Slovakia",29 mins,1728,26.1 km,26099
Krivany,"[49.18615676, 20.90791381]","Unnamed Road, 082 71 Krivany, Slovakia",Sabinov,"[49.10068637, 21.10293903]","68 17-19, 083 01 Sabinov, Slovakia",24 mins,1456,18.4 km,18400
Lipany,"[49.1635397, 20.9637815]","Odbojárska 832/43, 082 71 Lipany, Slovakia",Sabinov,"[49.10068637, 21.10293903]","68 17-19, 083 01 Sabinov, Slovakia",16 mins,944,13.6 km,13643
