Valaškovce (vojenský obvod),"[48.88916539, 22.07261409]","Valaškovce (vojenský obvod), Unnamed Road, 066 01, Slovakia",Humenné,"[48.93896684, 21.90649528]","Kudlovská 219/13, 066 01 Humenné, Slovakia",45 mins,2707,22.6 km,22577
Humenné,"[48.93896684, 21.90649528]","Kudlovská 219/13, 066 01 Humenné, Slovakia",Humenné,"[48.93896684, 21.90649528]","Kudlovská 219/13, 066 01 Humenné, Slovakia",1 min,0,1 m,0
Adidovce,"[49.02153808, 22.05493986]","Unnamed Road, 067 32 Adidovce, Slovakia",Humenné,"[48.93896684, 21.90649528]","Kudlovská 219/13, 066 01 Humenné, Slovakia",23 mins,1365,17.8 km,17775
Baškovce,"[49.03137361, 21.84256895]","3828, 067 23 Baškovce, Slovakia",Humenné,"[48.93896684, 21.90649528]","Kudlovská 219/13, 066 01 Humenné, Slovakia",16 mins,950,13.9 km,13885
Brekov,"[48.90433328, 21.84113057]","74, 066 01 Brekov, Slovakia",Humenné,"[48.93896684, 21.90649528]","Kudlovská 219/13, 066 01 Humenné, Slovakia",8 mins,499,7.3 km,7288
Brestov,"[48.9744881, 21.89190398]","Unnamed Road, 066 01 Brestov, Slovakia",Humenné,"[48.93896684, 21.90649528]","Kudlovská 219/13, 066 01 Humenné, Slovakia",7 mins,430,4.5 km,4520
Černina,"[49.05417464, 21.82426854]","Černina 26, 067 23 Černina, Slovakia",Humenné,"[48.93896684, 21.90649528]","Kudlovská 219/13, 066 01 Humenné, Slovakia",20 mins,1174,16.9 km,16918
Dedačov,"[49.03480858, 21.98176779]","067 12 Dedačov, Slovakia",Humenné,"[48.93896684, 21.90649528]","Kudlovská 219/13, 066 01 Humenné, Slovakia",19 mins,1118,15.9 km,15882
Hankovce,"[49.0297813, 21.9408458]","Hankovce 65, 067 12 Hankovce, Slovakia",Humenné,"[48.93896684, 21.90649528]","Kudlovská 219/13, 066 01 Humenné, Slovakia",14 mins,834,13.4 km,13412
Hrabovec nad Laborcom,"[49.09163766, 21.92151355]","067 01 Hrabovec nad Laborcom, Slovakia",Humenné,"[48.93896684, 21.90649528]","Kudlovská 219/13, 066 01 Humenné, Slovakia",24 mins,1449,23.0 km,22958
Hrubov,"[49.09348939, 21.86957454]","Unnamed Road, 067 23 Hrubov, Slovakia",Humenné,"[48.93896684, 21.90649528]","Kudlovská 219/13, 066 01 Humenné, Slovakia",26 mins,1588,22.2 km,22216
Hudcovce,"[48.91191774, 21.79264146]","067 45 Hudcovce, Slovakia",Humenné,"[48.93896684, 21.90649528]","Kudlovská 219/13, 066 01 Humenné, Slovakia",16 mins,931,11.7 km,11733
Rokytov pri Humennom,"[49.10980793, 22.00196539]","Humenský Rokytov 80, 067 13 Rokytov pri Humennom, Slovakia",Humenné,"[48.93896684, 21.90649528]","Kudlovská 219/13, 066 01 Humenné, Slovakia",26 mins,1537,23.5 km,23471
Chlmec,"[48.88357826, 21.94119385]","Chlmec 30, 067 41 Chlmec, Slovakia",Humenné,"[48.93896684, 21.90649528]","Kudlovská 219/13, 066 01 Humenné, Slovakia",10 mins,628,7.9 km,7859
Jabloň,"[49.06363664, 21.98940385]","Unnamed Road, 067 13 Jabloň, Slovakia",Humenné,"[48.93896684, 21.90649528]","Kudlovská 219/13, 066 01 Humenné, Slovakia",24 mins,1443,20.5 km,20526
Jankovce,"[49.05828651, 21.80319407]","Jankovce 16, 067 24 Jankovce, Slovakia",Humenné,"[48.93896684, 21.90649528]","Kudlovská 219/13, 066 01 Humenné, Slovakia",23 mins,1368,20.5 km,20453
Kamenica nad Cirochou,"[48.93671067, 22.00633004]","Železničná 713, 067 83 Kamenica nad Cirochou, Slovakia",Humenné,"[48.93896684, 21.90649528]","Kudlovská 219/13, 066 01 Humenné, Slovakia",11 mins,649,9.2 km,9211
Kamienka,"[48.90786372, 21.99766418]","Kamienka 78, 067 83 Kamienka, Slovakia",Humenné,"[48.93896684, 21.90649528]","Kudlovská 219/13, 066 01 Humenné, Slovakia",13 mins,762,10.0 km,9969
Karná,"[48.98738966, 21.79961471]","Karná 135, 067 45 Karná, Slovakia",Humenné,"[48.93896684, 21.90649528]","Kudlovská 219/13, 066 01 Humenné, Slovakia",25 mins,1527,16.8 km,16755
Kochanovce,"[48.9556936, 21.94981214]","066 01 Kochanovce, Slovakia",Humenné,"[48.93896684, 21.90649528]","Kudlovská 219/13, 066 01 Humenné, Slovakia",10 mins,596,5.5 km,5495
