Chrastince,"[48.09427276, 19.24086141]","Unnamed Road, 991 08 Chrastince, Slovakia",Veľký Krtíš,"[48.21234418, 19.34960059]","Lučenská 399/59, 990 01 Veľký Krtíš, Slovakia",27 mins,1615,25.9 km,25877
Chrťany,"[48.29487846, 19.45620062]","Chrťany 23, 991 21 Chrťany, Slovakia",Veľký Krtíš,"[48.21234418, 19.34960059]","Lučenská 399/59, 990 01 Veľký Krtíš, Slovakia",17 mins,997,15.8 km,15780
Ipeľské Predmostie,"[48.08007493, 19.04370515]","527, 991 10 Ipeľské Predmostie, Slovakia",Veľký Krtíš,"[48.21234418, 19.34960059]","Lučenská 399/59, 990 01 Veľký Krtíš, Slovakia",36 mins,2139,35.4 km,35428
Kamenné Kosihy,"[48.13354074, 19.18934832]","Kamenné Kosihy 154, 991 27 Kamenné Kosihy, Slovakia",Veľký Krtíš,"[48.21234418, 19.34960059]","Lučenská 399/59, 990 01 Veľký Krtíš, Slovakia",21 mins,1275,19.4 km,19369
Kiarov,"[48.11200998, 19.41925905]","2610, 991 06 Kiarov, Slovakia",Veľký Krtíš,"[48.21234418, 19.34960059]","Lučenská 399/59, 990 01 Veľký Krtíš, Slovakia",19 mins,1165,19.2 km,19233
Kleňany,"[48.12497206, 19.07017381]","Unnamed Road, 991 10 Kleňany, Slovakia",Veľký Krtíš,"[48.21234418, 19.34960059]","Lučenská 399/59, 990 01 Veľký Krtíš, Slovakia",40 mins,2380,35.3 km,35342
Koláre,"[48.06837539, 19.24181201]","Koláre 140, 991 09 Koláre, Slovakia",Veľký Krtíš,"[48.21234418, 19.34960059]","Lučenská 399/59, 990 01 Veľký Krtíš, Slovakia",22 mins,1340,23.0 km,23018
Kosihovce,"[48.1966888, 19.2056685]","2605, 991 25 Čebovce, Slovakia",Veľký Krtíš,"[48.21234418, 19.34960059]","Lučenská 399/59, 990 01 Veľký Krtíš, Slovakia",15 mins,870,13.2 km,13247
Kosihy nad Ipľom,"[48.08049681, 19.17623546]","Kosihy nad Ipľom 46, 991 11 Kosihy nad Ipľom, Slovakia",Veľký Krtíš,"[48.21234418, 19.34960059]","Lučenská 399/59, 990 01 Veľký Krtíš, Slovakia",29 mins,1717,28.5 km,28466
Kováčovce,"[48.10820755, 19.45974101]","Kováčovce 156, 991 06 Kováčovce, Slovakia",Veľký Krtíš,"[48.21234418, 19.34960059]","Lučenská 399/59, 990 01 Veľký Krtíš, Slovakia",25 mins,1474,23.5 km,23478
Lesenice,"[48.1119703, 19.23900292]","Unnamed Road, 991 08 Lesenice, Slovakia",Veľký Krtíš,"[48.21234418, 19.34960059]","Lučenská 399/59, 990 01 Veľký Krtíš, Slovakia",30 mins,1783,25.0 km,25035
Ľuboriečka,"[48.26171685, 19.53084393]","Ľuboriečka 81, 991 02 Ľuboriečka, Slovakia",Veľký Krtíš,"[48.21234418, 19.34960059]","Lučenská 399/59, 990 01 Veľký Krtíš, Slovakia",22 mins,1331,19.3 km,19277
Malá Čalomija,"[48.08570232, 19.2248738]","Malá Čalomija 53, 991 08 Malá Čalomija, Slovakia",Veľký Krtíš,"[48.21234418, 19.34960059]","Lučenská 399/59, 990 01 Veľký Krtíš, Slovakia",27 mins,1608,25.9 km,25863
Malé Zlievce,"[48.17967593, 19.44442527]","2602, 991 22 Malé Zlievce, Slovakia",Veľký Krtíš,"[48.21234418, 19.34960059]","Lučenská 399/59, 990 01 Veľký Krtíš, Slovakia",15 mins,906,11.4 km,11359
Modrý Kameň,"[48.25342317, 19.32176953]","527, 992 01 Modrý Kameň, Slovakia",Veľký Krtíš,"[48.21234418, 19.34960059]","Lučenská 399/59, 990 01 Veľký Krtíš, Slovakia",8 mins,480,5.6 km,5603
Muľa,"[48.21193064, 19.52429704]","585, 991 02 Muľa, Slovakia",Veľký Krtíš,"[48.21234418, 19.34960059]","Lučenská 399/59, 990 01 Veľký Krtíš, Slovakia",26 mins,1539,22.3 km,22346
Nenince,"[48.14753818, 19.25850617]","Hlavná 107-108, 991 26 Nenince, Slovakia",Veľký Krtíš,"[48.21234418, 19.34960059]","Lučenská 399/59, 990 01 Veľký Krtíš, Slovakia",18 mins,1088,17.0 km,17034
Nová Ves,"[48.17457318, 19.3739621]","Nová Ves 130, 991 05 Nová Ves, Slovakia",Veľký Krtíš,"[48.21234418, 19.34960059]","Lučenská 399/59, 990 01 Veľký Krtíš, Slovakia",12 mins,690,7.8 km,7795
Obeckov,"[48.16807706, 19.32173423]","Unnamed Road, 991 05 Obeckov, Slovakia",Veľký Krtíš,"[48.21234418, 19.34960059]","Lučenská 399/59, 990 01 Veľký Krtíš, Slovakia",14 mins,863,9.2 km,9189
Olováry,"[48.15419742, 19.4138382]","2614, 991 22 Olováry, Slovakia",Veľký Krtíš,"[48.21234418, 19.34960059]","Lučenská 399/59, 990 01 Veľký Krtíš, Slovakia",21 mins,1238,15.6 km,15594
