Brezovica,"[49.32169491, 19.66707041]","Unnamed Road, 028 01 Brezovica, Slovakia",Tvrdošín,"[49.33716299, 19.53409589]","Družstevná 41, 027 44 Tvrdošín, Slovakia",22 mins,1321,14.4 km,14397
Habovka,"[49.27747624, 19.65106896]","027 32 Habovka, Slovakia",Tvrdošín,"[49.33716299, 19.53409589]","Družstevná 41, 027 44 Tvrdošín, Slovakia",28 mins,1664,23.3 km,23290
Hladovka,"[49.37307807, 19.75446135]","Hladovka 188, 027 13 Hladovka, Slovakia",Tvrdošín,"[49.33716299, 19.53409589]","Družstevná 41, 027 44 Tvrdošín, Slovakia",21 mins,1236,18.6 km,18603
Liesek,"[49.33336037, 19.69250125]","Unnamed Road, 027 12 Čimhová, Slovakia",Tvrdošín,"[49.33716299, 19.53409589]","Družstevná 41, 027 44 Tvrdošín, Slovakia",22 mins,1309,15.4 km,15435
Nižná,"[49.32042409, 19.49939685]","Unnamed Road, 027 43 Nižná, Slovakia",Tvrdošín,"[49.33716299, 19.53409589]","Družstevná 41, 027 44 Tvrdošín, Slovakia",14 mins,860,6.9 km,6870
Oravský Biely Potok,"[49.27217708, 19.56121254]","Unnamed Road, 027 42 Oravský Biely Potok, Slovakia",Tvrdošín,"[49.33716299, 19.53409589]","Družstevná 41, 027 44 Tvrdošín, Slovakia",22 mins,1297,15.0 km,15031
Podbiel,"[49.30560698, 19.47125424]","Podbiel 148, 027 42 Podbiel, Slovakia",Tvrdošín,"[49.33716299, 19.53409589]","Družstevná 41, 027 44 Tvrdošín, Slovakia",15 mins,917,8.9 km,8890
Suchá Hora,"[49.36046947, 19.78400703]","Suchá Hora 267, 027 13 Suchá Hora, Slovakia",Tvrdošín,"[49.33716299, 19.53409589]","Družstevná 41, 027 44 Tvrdošín, Slovakia",24 mins,1464,20.7 km,20717
Štefanov nad Oravou,"[49.36467166, 19.52449996]","Slnečná 271, 027 44 Štefanov nad Oravou, Slovakia",Tvrdošín,"[49.33716299, 19.53409589]","Družstevná 41, 027 44 Tvrdošín, Slovakia",11 mins,679,7.1 km,7100
Trstená,"[49.39154443, 19.60224743]","Unnamed Road, 028 01 Trstená, Slovakia",Tvrdošín,"[49.33716299, 19.53409589]","Družstevná 41, 027 44 Tvrdošín, Slovakia",19 mins,1120,10.9 km,10922
Tvrdošín,"[49.33716299, 19.53409589]","Družstevná 41, 027 44 Tvrdošín, Slovakia",Tvrdošín,"[49.33716299, 19.53409589]","Družstevná 41, 027 44 Tvrdošín, Slovakia",1 min,0,1 m,0
Vitanová,"[49.25903161, 19.75175543]","Unnamed Road, 027 12 Vitanová, Slovakia",Tvrdošín,"[49.33716299, 19.53409589]","Družstevná 41, 027 44 Tvrdošín, Slovakia",34 mins,2066,26.8 km,26790
Zábiedovo,"[49.30701021, 19.62977757]","Unnamed Road, 028 01 Zábiedovo, Slovakia",Tvrdošín,"[49.33716299, 19.53409589]","Družstevná 41, 027 44 Tvrdošín, Slovakia",17 mins,1027,12.2 km,12199
Zuberec,"[49.23577432, 19.6718704]","Unnamed Road, 027 32 Zuberec, Slovakia",Tvrdošín,"[49.33716299, 19.53409589]","Družstevná 41, 027 44 Tvrdošín, Slovakia",33 mins,1953,23.9 km,23904
Čimhová,"[49.35243594, 19.70140093]","027 12 Čimhová, Slovakia",Tvrdošín,"[49.33716299, 19.53409589]","Družstevná 41, 027 44 Tvrdošín, Slovakia",17 mins,1005,13.9 km,13907
