Holčíkovce,"[49.02067378, 21.72073041]","15, 094 05 Holčíkovce, Slovakia",Vranov nad Topľou,"[48.87744916, 21.68310752]","Toplianska 1127/17, 093 01 Vranov nad Topľou, Slovakia",21 mins,1240,23.2 km,23172
Jasenovce,"[48.99744679, 21.75849562]","Unnamed Road, 094 05 Jasenovce, Slovakia",Vranov nad Topľou,"[48.87744916, 21.68310752]","Toplianska 1127/17, 093 01 Vranov nad Topľou, Slovakia",26 mins,1563,22.5 km,22533
Jastrabie nad Topľou,"[48.9479941, 21.60943432]","Unnamed Road, 094 35 Jastrabie nad Topľou, Slovakia",Vranov nad Topľou,"[48.87744916, 21.68310752]","Toplianska 1127/17, 093 01 Vranov nad Topľou, Slovakia",16 mins,972,11.8 km,11812
Juskova Voľa,"[48.86128033, 21.54102324]","Unnamed Road, 094 12 Juskova Voľa, Slovakia",Vranov nad Topľou,"[48.87744916, 21.68310752]","Toplianska 1127/17, 093 01 Vranov nad Topľou, Slovakia",24 mins,1461,12.4 km,12396
Kamenná Poruba,"[48.84689225, 21.64432625]","Kamenná Poruba 88, 093 03 Kamenná Poruba, Slovakia",Vranov nad Topľou,"[48.87744916, 21.68310752]","Toplianska 1127/17, 093 01 Vranov nad Topľou, Slovakia",11 mins,641,6.7 km,6685
Kladzany,"[48.88681625, 21.75865049]","Kladzany 27, 094 21 Kladzany, Slovakia",Vranov nad Topľou,"[48.87744916, 21.68310752]","Toplianska 1127/17, 093 01 Vranov nad Topľou, Slovakia",13 mins,807,8.8 km,8787
Komárany,"[48.92466454, 21.63827162]","Komárany 50, 093 01 Komárany, Slovakia",Vranov nad Topľou,"[48.87744916, 21.68310752]","Toplianska 1127/17, 093 01 Vranov nad Topľou, Slovakia",13 mins,793,6.9 km,6855
Kučín,"[48.8694664, 21.75142013]","Kučín 67, 094 21 Kučín, Slovakia",Vranov nad Topľou,"[48.87744916, 21.68310752]","Toplianska 1127/17, 093 01 Vranov nad Topľou, Slovakia",12 mins,711,9.6 km,9640
Kvakovce,"[49.01377876, 21.67238433]","Dobrá 110, 094 02 Kvakovce, Slovakia",Vranov nad Topľou,"[48.87744916, 21.68310752]","Toplianska 1127/17, 093 01 Vranov nad Topľou, Slovakia",23 mins,1369,23.6 km,23563
Majerovce,"[48.89114738, 21.71647527]","Majerovce 23, 094 09 Majerovce, Slovakia",Vranov nad Topľou,"[48.87744916, 21.68310752]","Toplianska 1127/17, 093 01 Vranov nad Topľou, Slovakia",8 mins,451,6.9 km,6897
Malá Domaša,"[48.97973535, 21.71370002]","15, 094 02 Malá Domaša, Slovakia",Vranov nad Topľou,"[48.87744916, 21.68310752]","Toplianska 1127/17, 093 01 Vranov nad Topľou, Slovakia",17 mins,1049,18.5 km,18464
Matiaška,"[49.07363754, 21.58229277]","3570, 094 31 Matiaška, Slovakia",Vranov nad Topľou,"[48.87744916, 21.68310752]","Toplianska 1127/17, 093 01 Vranov nad Topľou, Slovakia",31 mins,1880,31.0 km,30954
Medzianky,"[49.04043553, 21.47928304]","Unnamed Road, 094 31 Medzianky, Slovakia",Vranov nad Topľou,"[48.87744916, 21.68310752]","Toplianska 1127/17, 093 01 Vranov nad Topľou, Slovakia",28 mins,1669,27.4 km,27366
Merník,"[48.95354455, 21.64131791]","3619, 094 23 Merník, Slovakia",Vranov nad Topľou,"[48.87744916, 21.68310752]","Toplianska 1127/17, 093 01 Vranov nad Topľou, Slovakia",15 mins,894,9.7 km,9704
Michalok,"[48.99122368, 21.63327444]","3619, 094 23 Michalok, Slovakia",Vranov nad Topľou,"[48.87744916, 21.68310752]","Toplianska 1127/17, 093 01 Vranov nad Topľou, Slovakia",21 mins,1276,14.3 km,14282
Nižný Hrabovec,"[48.8550666, 21.76243564]","Nižný Hrabovec 241, 094 21 Nižný Hrabovec, Slovakia",Vranov nad Topľou,"[48.87744916, 21.68310752]","Toplianska 1127/17, 093 01 Vranov nad Topľou, Slovakia",9 mins,552,8.4 km,8383
Nižný Hrušov,"[48.80249799, 21.77045586]","Nižný Hrušov 193, 094 22 Nižný Hrušov, Slovakia",Vranov nad Topľou,"[48.87744916, 21.68310752]","Toplianska 1127/17, 093 01 Vranov nad Topľou, Slovakia",16 mins,939,13.1 km,13078
Nižný Kručov,"[48.90458214, 21.65328041]","3617, 093 01 Nižný Kručov, Slovakia",Vranov nad Topľou,"[48.87744916, 21.68310752]","Toplianska 1127/17, 093 01 Vranov nad Topľou, Slovakia",8 mins,506,4.1 km,4129
Nová Kelča,"[49.06223808, 21.70352086]","Unnamed Road, 094 04 Nová Kelča, Slovakia",Vranov nad Topľou,"[48.87744916, 21.68310752]","Toplianska 1127/17, 093 01 Vranov nad Topľou, Slovakia",26 mins,1579,28.3 km,28316
Ondavské Matiašovce,"[48.94120919, 21.74652413]","Ondavské Matiašovce 137, 094 01 Ondavské Matiašovce, Slovakia",Vranov nad Topľou,"[48.87744916, 21.68310752]","Toplianska 1127/17, 093 01 Vranov nad Topľou, Slovakia",15 mins,928,13.7 km,13651
