Gregorovce,"[49.07137517, 21.20649979]","3452, 082 66 Gregorovce, Slovakia",Prešov,"[48.99359254, 21.24213177]","Jarková, 080 01 Prešov, Slovakia",15 mins,912,11.6 km,11555
Hendrichovce,"[49.02262693, 20.99095277]","18, 082 35 Hendrichovce, Slovakia",Prešov,"[48.99359254, 21.24213177]","Jarková, 080 01 Prešov, Slovakia",19 mins,1151,20.5 km,20494
Hermanovce,"[49.05585363, 21.00458617]","Unnamed Road, 082 35 Hermanovce, Slovakia",Prešov,"[48.99359254, 21.24213177]","Jarková, 080 01 Prešov, Slovakia",26 mins,1553,22.6 km,22628
Hrabkov,"[48.95328047, 21.01656944]","Unnamed Road, 082 33 Hrabkov, Slovakia",Prešov,"[48.99359254, 21.24213177]","Jarková, 080 01 Prešov, Slovakia",24 mins,1443,22.0 km,21955
Chmeľov,"[49.06753613, 21.4353347]","Chmeľov 134, 082 15 Chmeľov, Slovakia",Prešov,"[48.99359254, 21.24213177]","Jarková, 080 01 Prešov, Slovakia",23 mins,1405,19.7 km,19723
Chmeľovec,"[49.08697016, 21.37027582]","082 12 Chmeľovec, Slovakia",Prešov,"[48.99359254, 21.24213177]","Jarková, 080 01 Prešov, Slovakia",22 mins,1336,16.7 km,16686
Chminianska Nová Ves,"[49.01782383, 21.06770702]","3426 312, 082 33 Chminianska Nová Ves-Bunde, Slovakia",Prešov,"[48.99359254, 21.24213177]","Jarková, 080 01 Prešov, Slovakia",17 mins,992,15.3 km,15291
Chminianske Jakubovany,"[48.99345731, 21.00435897]","Chminianske Jakubovany 120, 082 33 Chminianske Jakubovany, Slovakia",Prešov,"[48.99359254, 21.24213177]","Jarková, 080 01 Prešov, Slovakia",23 mins,1352,19.8 km,19822
Chmiňany,"[49.00001421, 21.06650051]","Chmiňany 14, 082 33 Chmiňany, Slovakia",Prešov,"[48.99359254, 21.24213177]","Jarková, 080 01 Prešov, Slovakia",16 mins,941,14.7 km,14701
Janov,"[48.93918794, 21.16041847]","Bzenov 141, 082 42 Bzenov, Slovakia",Prešov,"[48.99359254, 21.24213177]","Jarková, 080 01 Prešov, Slovakia",17 mins,1045,12.1 km,12134
Janovík,"[48.83639794, 21.28153337]","Janovík 34, 082 03 Janovík, Slovakia",Prešov,"[48.99359254, 21.24213177]","Jarková, 080 01 Prešov, Slovakia",22 mins,1292,20.5 km,20483
Kapušany,"[49.04788689, 21.32901399]","Topoľová 285/8, 082 12 Kapušany, Slovakia",Prešov,"[48.99359254, 21.24213177]","Jarková, 080 01 Prešov, Slovakia",16 mins,943,11.1 km,11101
Kendice,"[48.93329579, 21.23563946]","Kendice 430, 082 01 Kendice, Slovakia",Prešov,"[48.99359254, 21.24213177]","Jarková, 080 01 Prešov, Slovakia",16 mins,931,9.2 km,9156
Klenov,"[48.92683004, 21.04135924]","546, 082 44 Klenov, Slovakia",Prešov,"[48.99359254, 21.24213177]","Jarková, 080 01 Prešov, Slovakia",29 mins,1750,25.1 km,25115
Kojatice,"[48.9891223, 21.13534444]","Kojatice 204, 082 32 Kojatice, Slovakia",Prešov,"[48.99359254, 21.24213177]","Jarková, 080 01 Prešov, Slovakia",22 mins,1325,14.4 km,14437
Kokošovce,"[48.95735109, 21.34876065]","Sigord 624, 082 52 Kokošovce, Slovakia",Prešov,"[48.99359254, 21.24213177]","Jarková, 080 01 Prešov, Slovakia",20 mins,1181,12.5 km,12484
Krížovany,"[48.98029426, 21.0454966]","Krížovany 69, 082 33 Krížovany, Slovakia",Prešov,"[48.99359254, 21.24213177]","Jarková, 080 01 Prešov, Slovakia",19 mins,1159,17.9 km,17852
Kvačany,"[48.94363421, 21.08269201]","Kvačany 26, 082 41 Kvačany, Slovakia",Prešov,"[48.99359254, 21.24213177]","Jarková, 080 01 Prešov, Slovakia",24 mins,1411,18.1 km,18075
Lada,"[49.04414195, 21.36346388]","Lada 66, 082 12 Lada, Slovakia",Prešov,"[48.99359254, 21.24213177]","Jarková, 080 01 Prešov, Slovakia",16 mins,982,12.2 km,12210
Lažany,"[49.03735057, 21.09497162]","Lažany 16, 082 32 Lažany, Slovakia",Prešov,"[48.99359254, 21.24213177]","Jarková, 080 01 Prešov, Slovakia",19 mins,1113,14.0 km,13982
