Tovarnianska Polianka,"[48.89471962, 21.77323653]","3639, 094 01 Tovarnianska Polianka, Slovakia",Vranov nad Topľou,"[48.87744916, 21.68310752]","Toplianska 1127/17, 093 01 Vranov nad Topľou, Slovakia",16 mins,965,13.5 km,13484
Vavrinec,"[49.05034549, 21.6007218]","3630, 094 31 Vavrinec, Slovakia",Vranov nad Topľou,"[48.87744916, 21.68310752]","Toplianska 1127/17, 093 01 Vranov nad Topľou, Slovakia",32 mins,1934,34.2 km,34207
Vechec,"[48.86612211, 21.60862109]","576, 094 12 Vechec, Slovakia",Vranov nad Topľou,"[48.87744916, 21.68310752]","Toplianska 1127/17, 093 01 Vranov nad Topľou, Slovakia",8 mins,477,6.0 km,6011
Vlača,"[49.04998246, 21.50197857]","Vlača 32, 094 31 Vlača, Slovakia",Vranov nad Topľou,"[48.87744916, 21.68310752]","Toplianska 1127/17, 093 01 Vranov nad Topľou, Slovakia",26 mins,1579,26.1 km,26071
Vyšný Žipov,"[48.97989845, 21.59766019]","Unnamed Road, 094 33 Vyšný Žipov, Slovakia",Vranov nad Topľou,"[48.87744916, 21.68310752]","Toplianska 1127/17, 093 01 Vranov nad Topľou, Slovakia",20 mins,1189,17.8 km,17779
Zámutov,"[48.8986323, 21.51860335]","Unnamed Road, 094 15 Zámutov, Slovakia",Vranov nad Topľou,"[48.87744916, 21.68310752]","Toplianska 1127/17, 093 01 Vranov nad Topľou, Slovakia",18 mins,1109,14.0 km,14043
Zlatník,"[48.96232211, 21.52986727]","Unnamed Road, 094 33 Zlatník, Slovakia",Vranov nad Topľou,"[48.87744916, 21.68310752]","Toplianska 1127/17, 093 01 Vranov nad Topľou, Slovakia",32 mins,1894,17.8 km,17813
Žalobín,"[48.9732356, 21.74720816]","Žalobín 176, 094 03 Žalobín, Slovakia",Vranov nad Topľou,"[48.87744916, 21.68310752]","Toplianska 1127/17, 093 01 Vranov nad Topľou, Slovakia",20 mins,1208,18.1 km,18110
Vranov nad Topľou,"[48.87744916, 21.68310752]","Toplianska 1127/17, 093 01 Vranov nad Topľou, Slovakia",Vranov nad Topľou,"[48.87744916, 21.68310752]","Toplianska 1127/17, 093 01 Vranov nad Topľou, Slovakia",1 min,0,1 m,0
Babie,"[49.0683374, 21.49047528]","Babie 47, 094 31 Babie, Slovakia",Vranov nad Topľou,"[48.87744916, 21.68310752]","Toplianska 1127/17, 093 01 Vranov nad Topľou, Slovakia",29 mins,1760,28.7 km,28738
Banské,"[48.82252501, 21.5618176]","576, 094 12 Banské, Slovakia",Vranov nad Topľou,"[48.87744916, 21.68310752]","Toplianska 1127/17, 093 01 Vranov nad Topľou, Slovakia",15 mins,902,12.8 km,12796
Benkovce,"[48.94440763, 21.7103456]","15, 094 02 Benkovce, Slovakia",Vranov nad Topľou,"[48.87744916, 21.68310752]","Toplianska 1127/17, 093 01 Vranov nad Topľou, Slovakia",14 mins,810,14.2 km,14239
Bystré,"[49.00781583, 21.53931452]","18, 094 34 Bystré, Slovakia",Vranov nad Topľou,"[48.87744916, 21.68310752]","Toplianska 1127/17, 093 01 Vranov nad Topľou, Slovakia",18 mins,1090,19.2 km,19152
Cabov,"[48.7939156, 21.6243264]","Unnamed Road, 094 14 Cabov, Slovakia",Vranov nad Topľou,"[48.87744916, 21.68310752]","Toplianska 1127/17, 093 01 Vranov nad Topľou, Slovakia",23 mins,1351,13.9 km,13893
Čaklov,"[48.89659629, 21.61802095]","3614, 094 35 Čaklov, Slovakia",Vranov nad Topľou,"[48.87744916, 21.68310752]","Toplianska 1127/17, 093 01 Vranov nad Topľou, Slovakia",7 mins,442,6.0 km,6029
Čičava,"[48.92735285, 21.66905511]","Čičava 160, 093 01 Čičava, Slovakia",Vranov nad Topľou,"[48.87744916, 21.68310752]","Toplianska 1127/17, 093 01 Vranov nad Topľou, Slovakia",12 mins,739,6.4 km,6368
Čierne nad Topľou,"[48.98509178, 21.56538012]","Unnamed Road, 094 34 Čierne nad Topľou, Slovakia",Vranov nad Topľou,"[48.87744916, 21.68310752]","Toplianska 1127/17, 093 01 Vranov nad Topľou, Slovakia",21 mins,1265,17.8 km,17819
Ďapalovce,"[49.07283572, 21.74504448]","3573, 094 05 Ďapalovce, Slovakia",Vranov nad Topľou,"[48.87744916, 21.68310752]","Toplianska 1127/17, 093 01 Vranov nad Topľou, Slovakia",30 mins,1797,30.7 km,30686
Davidov,"[48.82539152, 21.61583687]","Unnamed Road, 093 03 Davidov, Slovakia",Vranov nad Topľou,"[48.87744916, 21.68310752]","Toplianska 1127/17, 093 01 Vranov nad Topľou, Slovakia",18 mins,1088,11.4 km,11368
Detrík,"[49.04213251, 21.62565736]","094 31 Detrík, Slovakia",Vranov nad Topľou,"[48.87744916, 21.68310752]","Toplianska 1127/17, 093 01 Vranov nad Topľou, Slovakia",30 mins,1787,31.5 km,31474
