Liptovské Sliače,"[49.05237458, 19.39070314]","034 84 Liptovské Sliače, Slovakia",Ružomberok,"[49.03868816, 19.26556857]","Dolina Šepková, 034 03 Ružomberok, Slovakia",25 mins,1499,17.1 km,17087
Stankovany,"[49.14636647, 19.1676544]","Stankovany 53, 034 92 Stankovany, Slovakia",Ružomberok,"[49.03868816, 19.26556857]","Dolina Šepková, 034 03 Ružomberok, Slovakia",34 mins,2015,25.6 km,25638
Štiavnička,"[49.07161591, 19.34477769]","Štiavnička 96, 034 01 Štiavnička, Slovakia",Ružomberok,"[49.03868816, 19.26556857]","Dolina Šepková, 034 03 Ružomberok, Slovakia",18 mins,1087,11.2 km,11175
Švošov,"[49.12842238, 19.20204561]","Dolinky 40, 034 91 Švošov, Slovakia",Ružomberok,"[49.03868816, 19.26556857]","Dolina Šepková, 034 03 Ružomberok, Slovakia",34 mins,2027,25.7 km,25659
Valaská Dubová,"[49.13890815, 19.29908584]","Valaská Dubová 252, 034 96 Valaská Dubová, Slovakia",Ružomberok,"[49.03868816, 19.26556857]","Dolina Šepková, 034 03 Ružomberok, Slovakia",27 mins,1602,17.4 km,17372
