Moštenica,"[48.83377584, 19.27900161]","Unnamed Road, 976 13 Moštenica, Slovakia",Banská Bystrica,"[48.73629814, 19.12777878]","Nad plážou 3023/32, 974 01 Banská Bystrica, Slovakia",28 mins,1656,23.8 km,23790
Motyčky,"[48.86287897, 19.18416914]","E77, 976 02 Motyčky, Slovakia",Banská Bystrica,"[48.73629814, 19.12777878]","Nad plážou 3023/32, 974 01 Banská Bystrica, Slovakia",23 mins,1383,21.2 km,21229
Oravce,"[48.69199611, 19.25996562]","Unnamed Road, 976 33 Oravce, Slovakia",Banská Bystrica,"[48.73629814, 19.12777878]","Nad plážou 3023/32, 974 01 Banská Bystrica, Slovakia",28 mins,1706,21.3 km,21299
Podkonice,"[48.82001793, 19.24788035]","Unnamed Road, 976 13 Podkonice, Slovakia",Banská Bystrica,"[48.73629814, 19.12777878]","Nad plážou 3023/32, 974 01 Banská Bystrica, Slovakia",26 mins,1565,21.2 km,21184
Pohronský Bukovec,"[48.8521957, 19.37983309]","Unnamed Road, 976 62 Pohronský Bukovec, Slovakia",Banská Bystrica,"[48.73629814, 19.12777878]","Nad plážou 3023/32, 974 01 Banská Bystrica, Slovakia",34 mins,2067,31.0 km,31011
Poniky,"[48.70393705, 19.32883385]","Unnamed Road, 976 33 Poniky, Slovakia",Banská Bystrica,"[48.73629814, 19.12777878]","Nad plážou 3023/32, 974 01 Banská Bystrica, Slovakia",40 mins,2373,21.2 km,21247
Povrazník,"[48.7108891, 19.36931617]","Unnamed Road, Povrazník, Slovakia",Banská Bystrica,"[48.73629814, 19.12777878]","Nad plážou 3023/32, 974 01 Banská Bystrica, Slovakia",36 mins,2138,31.6 km,31586
Priechod,"[48.79115221, 19.22039501]","Unnamed Road, 976 11 Priechod, Slovakia",Banská Bystrica,"[48.73629814, 19.12777878]","Nad plážou 3023/32, 974 01 Banská Bystrica, Slovakia",22 mins,1311,15.5 km,15544
Riečka,"[48.76128887, 19.06941676]","Riečka 104, 974 01 Riečka, Slovakia",Banská Bystrica,"[48.73629814, 19.12777878]","Nad plážou 3023/32, 974 01 Banská Bystrica, Slovakia",10 mins,627,5.9 km,5937
Sebedín-Bečov,"[48.6400396, 19.24826803]","Unnamed Road, 974 01 Sebedín - Bečov, Slovakia",Banská Bystrica,"[48.73629814, 19.12777878]","Nad plážou 3023/32, 974 01 Banská Bystrica, Slovakia",26 mins,1571,20.4 km,20427
Selce,"[48.78301096, 19.18947689]","Selce, 976 11 Selce, Slovakia",Banská Bystrica,"[48.73629814, 19.12777878]","Nad plážou 3023/32, 974 01 Banská Bystrica, Slovakia",17 mins,1008,12.3 km,12309
Slovenská Ľupča,"[48.76159378, 19.27867692]","976 13 Slovenská Ľupča, Slovakia",Banská Bystrica,"[48.73629814, 19.12777878]","Nad plážou 3023/32, 974 01 Banská Bystrica, Slovakia",14 mins,856,14.2 km,14202
Staré Hory,"[48.84411847, 19.12277212]","Unnamed Road, 976 02 Staré Hory, Slovakia",Banská Bystrica,"[48.73629814, 19.12777878]","Nad plážou 3023/32, 974 01 Banská Bystrica, Slovakia",21 mins,1275,17.8 km,17797
Strelníky,"[48.70616903, 19.41112883]","Unnamed Road, 976 55 Strelníky, Slovakia",Banská Bystrica,"[48.73629814, 19.12777878]","Nad plážou 3023/32, 974 01 Banská Bystrica, Slovakia",34 mins,2053,30.1 km,30111
Špania Dolina,"[48.80451048, 19.12846966]","Špania Dolina 204, 974 01 Špania Dolina, Slovakia",Banská Bystrica,"[48.73629814, 19.12777878]","Nad plážou 3023/32, 974 01 Banská Bystrica, Slovakia",14 mins,854,10.3 km,10346
Tajov,"[48.74641932, 19.04244102]","976 34 Tajov, Slovakia",Banská Bystrica,"[48.73629814, 19.12777878]","Nad plážou 3023/32, 974 01 Banská Bystrica, Slovakia",12 mins,702,7.4 km,7361
Turecká,"[48.85838199, 19.07919272]","Unnamed Road, 976 02 Turecká, Slovakia",Banská Bystrica,"[48.73629814, 19.12777878]","Nad plážou 3023/32, 974 01 Banská Bystrica, Slovakia",27 mins,1630,19.6 km,19581
Kynceľová,"[48.75182822, 19.18238281]","Kynceľovská cesta, 974 01 Kynceľová, Slovakia",Banská Bystrica,"[48.73629814, 19.12777878]","Nad plážou 3023/32, 974 01 Banská Bystrica, Slovakia",9 mins,523,7.3 km,7345
Nemce,"[48.77621826, 19.16816204]","Unnamed Road, 976 11 Selce, Slovakia",Banská Bystrica,"[48.73629814, 19.12777878]","Nad plážou 3023/32, 974 01 Banská Bystrica, Slovakia",14 mins,844,8.0 km,7978
Vlkanová,"[48.67304319, 19.16476569]","Peťovská, Vlkanová, Slovakia",Banská Bystrica,"[48.73629814, 19.12777878]","Nad plážou 3023/32, 974 01 Banská Bystrica, Slovakia",20 mins,1202,13.0 km,13012
