Šalgočka,"[48.34366185, 17.82171847]","Unnamed Road, Šalgočka, Slovakia",Galanta,"[48.19924538, 17.72654965]","Krásna 1070/5, 924 01 Galanta, Slovakia",24 mins,1467,23.4 km,23382
Šintava,"[48.28424564, 17.7763866]","Unnamed Road, 925 51 Šintava, Slovakia",Galanta,"[48.19924538, 17.72654965]","Krásna 1070/5, 924 01 Galanta, Slovakia",15 mins,924,14.6 km,14622
Šoporňa,"[48.2267536, 17.83694893]","573, 925 52 Šoporňa, Slovakia",Galanta,"[48.19924538, 17.72654965]","Krásna 1070/5, 924 01 Galanta, Slovakia",17 mins,1043,17.7 km,17706
Tomášikovo,"[48.06832878, 17.72172239]","1354, 925 04 Tomášikovo, Slovakia",Galanta,"[48.19924538, 17.72654965]","Krásna 1070/5, 924 01 Galanta, Slovakia",23 mins,1382,18.4 km,18372
Topoľnica,"[48.16992351, 17.78638111]","Topoľnica 146, 925 92 Topoľnica, Slovakia",Galanta,"[48.19924538, 17.72654965]","Krásna 1070/5, 924 01 Galanta, Slovakia",10 mins,614,7.0 km,7017
Trstice,"[48.02022939, 17.82104915]","Trstice 1053, 925 42 Trstice, Slovakia",Galanta,"[48.19924538, 17.72654965]","Krásna 1070/5, 924 01 Galanta, Slovakia",28 mins,1664,23.9 km,23909
Váhovce,"[48.23728066, 17.78395199]","1345, 925 62 Váhovce, Slovakia",Galanta,"[48.19924538, 17.72654965]","Krásna 1070/5, 924 01 Galanta, Slovakia",11 mins,641,9.1 km,9137
Veľká Mača,"[48.24342142, 17.68905563]","1338, 925 32 Veľká Mača, Slovakia",Galanta,"[48.19924538, 17.72654965]","Krásna 1070/5, 924 01 Galanta, Slovakia",10 mins,574,7.2 km,7220
Veľké Úľany,"[48.15479405, 17.57660779]","Školská 762/98, 925 22 Veľké Úľany, Slovakia",Galanta,"[48.19924538, 17.72654965]","Krásna 1070/5, 924 01 Galanta, Slovakia",23 mins,1402,17.9 km,17888
Veľký Grob,"[48.2463332, 17.51795195]","925 27 Veľký Grob, Slovakia",Galanta,"[48.19924538, 17.72654965]","Krásna 1070/5, 924 01 Galanta, Slovakia",30 mins,1810,23.7 km,23730
Vinohrady nad Váhom,"[48.31660842, 17.76879364]","507, 925 55 Vinohrady nad Váhom, Slovakia",Galanta,"[48.19924538, 17.72654965]","Krásna 1070/5, 924 01 Galanta, Slovakia",20 mins,1186,16.7 km,16694
Vozokany,"[48.0973851, 17.70264664]","1340, 925 05 Vozokany, Slovakia",Galanta,"[48.19924538, 17.72654965]","Krásna 1070/5, 924 01 Galanta, Slovakia",19 mins,1133,15.0 km,15047
Zemianske Sady,"[48.32785902, 17.82638885]","Zemianske Sady 173, 925 54 Zemianske Sady, Slovakia",Galanta,"[48.19924538, 17.72654965]","Krásna 1070/5, 924 01 Galanta, Slovakia",21 mins,1273,21.2 km,21247
Matúškovo,"[48.1634185, 17.74890294]","1349, 925 01 Matúškovo, Slovakia",Galanta,"[48.19924538, 17.72654965]","Krásna 1070/5, 924 01 Galanta, Slovakia",12 mins,696,5.9 km,5905
Dolná Streda,"[48.25699046, 17.74895579]","E571, 925 63 Dolná Streda, Slovakia",Galanta,"[48.19924538, 17.72654965]","Krásna 1070/5, 924 01 Galanta, Slovakia",14 mins,826,16.4 km,16357
Malá Mača,"[48.229005, 17.64488594]","Unnamed Road, Malá Mača, Slovakia",Galanta,"[48.19924538, 17.72654965]","Krásna 1070/5, 924 01 Galanta, Slovakia",17 mins,1022,10.9 km,10943
