Nižné Repaše,"[49.0945363, 20.71329421]","3204, 053 71 Nižné Repaše, Slovakia",Levoča,"[49.02674618, 20.58521992]","Potočná 11, 054 01 Levoča, Slovakia",22 mins,1342,18.1 km,18055
Oľšavica,"[49.09009346, 20.7520331]","Unnamed Road, 053 73 Oľšavica, Slovakia",Levoča,"[49.02674618, 20.58521992]","Potočná 11, 054 01 Levoča, Slovakia",28 mins,1659,22.6 km,22639
Ordzovany,"[49.05174903, 20.79101326]","Unnamed Road, 053 06 Ordzovany, Slovakia",Levoča,"[49.02674618, 20.58521992]","Potočná 11, 054 01 Levoča, Slovakia",28 mins,1674,27.0 km,26950
Pavľany,"[49.06354137, 20.72298385]","Unnamed Road, 053 71 Pavľany, Slovakia",Levoča,"[49.02674618, 20.58521992]","Potočná 11, 054 01 Levoča, Slovakia",24 mins,1453,17.5 km,17487
Poľanovce,"[49.03423132, 20.85510351]","Unnamed Road, 053 05 Poľanovce, Slovakia",Levoča,"[49.02674618, 20.58521992]","Potočná 11, 054 01 Levoča, Slovakia",28 mins,1660,29.6 km,29606
Pongrácovce,"[49.02383123, 20.82536819]","053 05 Pongrácovce, Slovakia",Levoča,"[49.02674618, 20.58521992]","Potočná 11, 054 01 Levoča, Slovakia",19 mins,1134,24.5 km,24475
Spišské Podhradie,"[49.0019542, 20.74601939]","Bielidlá 903/17, 053 04 Spišské Podhradie, Slovakia",Levoča,"[49.02674618, 20.58521992]","Potočná 11, 054 01 Levoča, Slovakia",17 mins,1017,17.6 km,17601
Spišský Hrhov,"[48.99817272, 20.63860797]","Pribišova 285/5, 053 02 Spišský Hrhov, Slovakia",Levoča,"[49.02674618, 20.58521992]","Potočná 11, 054 01 Levoča, Slovakia",12 mins,727,8.6 km,8617
Spišský Štvrtok,"[49.00470603, 20.46893881]","18, 053 14 Spišský Štvrtok, Slovakia",Levoča,"[49.02674618, 20.58521992]","Potočná 11, 054 01 Levoča, Slovakia",11 mins,669,11.0 km,11049
Studenec,"[49.03444564, 20.76333771]","Unnamed Road, 053 06 Ordzovany, Slovakia",Levoča,"[49.02674618, 20.58521992]","Potočná 11, 054 01 Levoča, Slovakia",22 mins,1341,22.8 km,22841
Torysky,"[49.09636753, 20.6792498]","Torysky 50, 053 71 Torysky, Slovakia",Levoča,"[49.02674618, 20.58521992]","Potočná 11, 054 01 Levoča, Slovakia",23 mins,1394,18.2 km,18194
Uloža,"[49.0443423, 20.63817207]","Uloža 74, 053 71 Uloža, Slovakia",Levoča,"[49.02674618, 20.58521992]","Potočná 11, 054 01 Levoča, Slovakia",12 mins,736,8.7 km,8744
Korytné,"[49.01315632, 20.8548371]","18, 053 05 Korytné, Slovakia",Levoča,"[49.02674618, 20.58521992]","Potočná 11, 054 01 Levoča, Slovakia",22 mins,1291,27.0 km,26958
