Pavlovce,"[49.0168749, 21.43528635]","094 31 Pavlovce, Slovakia",Vranov nad Topľou,"[48.87744916, 21.68310752]","Toplianska 1127/17, 093 01 Vranov nad Topľou, Slovakia",32 mins,1890,30.4 km,30449
Petkovce,"[49.00645223, 21.60917714]","Unnamed Road, 094 33 Petkovce, Slovakia",Vranov nad Topľou,"[48.87744916, 21.68310752]","Toplianska 1127/17, 093 01 Vranov nad Topľou, Slovakia",23 mins,1370,19.6 km,19596
Petrovce,"[48.9898012, 21.46476698]","094 31 Petrovce, Slovakia",Vranov nad Topľou,"[48.87744916, 21.68310752]","Toplianska 1127/17, 093 01 Vranov nad Topľou, Slovakia",35 mins,2086,30.1 km,30129
Piskorovce,"[49.11162595, 21.73487288]","Unnamed Road, 094 05 Piskorovce, Slovakia",Vranov nad Topľou,"[48.87744916, 21.68310752]","Toplianska 1127/17, 093 01 Vranov nad Topľou, Slovakia",35 mins,2100,35.4 km,35356
Poša,"[48.83549653, 21.7641767]","094 21 Poša, Slovakia",Vranov nad Topľou,"[48.87744916, 21.68310752]","Toplianska 1127/17, 093 01 Vranov nad Topľou, Slovakia",13 mins,761,9.8 km,9846
Prosačov,"[49.05425445, 21.54319556]","Unnamed Road, 094 31 Prosačov, Slovakia",Vranov nad Topľou,"[48.87744916, 21.68310752]","Toplianska 1127/17, 093 01 Vranov nad Topľou, Slovakia",29 mins,1762,27.1 km,27141
Radvanovce,"[49.05207608, 21.46130166]","3601, 094 31 Radvanovce, Slovakia",Vranov nad Topľou,"[48.87744916, 21.68310752]","Toplianska 1127/17, 093 01 Vranov nad Topľou, Slovakia",28 mins,1707,29.1 km,29079
Rafajovce,"[49.04450925, 21.73763351]","Rafajovce 31, 094 05 Rafajovce, Slovakia",Vranov nad Topľou,"[48.87744916, 21.68310752]","Toplianska 1127/17, 093 01 Vranov nad Topľou, Slovakia",28 mins,1663,27.1 km,27119
Remeniny,"[49.04198825, 21.56256758]","3630, 094 31 Remeniny, Slovakia",Vranov nad Topľou,"[48.87744916, 21.68310752]","Toplianska 1127/17, 093 01 Vranov nad Topľou, Slovakia",27 mins,1590,26.7 km,26652
Rudlov,"[48.92825845, 21.54208883]","Unnamed Road, 094 35 Rudlov, Slovakia",Vranov nad Topľou,"[48.87744916, 21.68310752]","Toplianska 1127/17, 093 01 Vranov nad Topľou, Slovakia",18 mins,1099,13.2 km,13166
Ruská Voľa,"[49.10128734, 21.58334887]","Ruská Voľa 34, 094 31 Ruská Voľa, Slovakia",Vranov nad Topľou,"[48.87744916, 21.68310752]","Toplianska 1127/17, 093 01 Vranov nad Topľou, Slovakia",36 mins,2179,35.0 km,35009
Vyšný Kazimír,"[48.94217418, 21.68247683]","3637, 094 09 Vyšný Kazimír, Slovakia",Vranov nad Topľou,"[48.87744916, 21.68310752]","Toplianska 1127/17, 093 01 Vranov nad Topľou, Slovakia",15 mins,887,14.0 km,14050
Sačurov,"[48.82280136, 21.68866902]","Jarková 89-91, 094 13 Sačurov, Slovakia",Vranov nad Topľou,"[48.87744916, 21.68310752]","Toplianska 1127/17, 093 01 Vranov nad Topľou, Slovakia",10 mins,594,8.2 km,8204
Sečovská Polianka,"[48.78525053, 21.689931]","Školská 4, 094 14 Sečovská Polianka, Slovakia",Vranov nad Topľou,"[48.87744916, 21.68310752]","Toplianska 1127/17, 093 01 Vranov nad Topľou, Slovakia",15 mins,884,13.2 km,13181
Sedliská,"[48.9119375, 21.72119934]","Sedliská 509, 094 09 Sedliská, Slovakia",Vranov nad Topľou,"[48.87744916, 21.68310752]","Toplianska 1127/17, 093 01 Vranov nad Topľou, Slovakia",10 mins,619,9.0 km,9037
Skrabské,"[49.01767443, 21.58837618]","Unnamed Road, 094 33 Skrabské, Slovakia",Vranov nad Topľou,"[48.87744916, 21.68310752]","Toplianska 1127/17, 093 01 Vranov nad Topľou, Slovakia",23 mins,1398,20.5 km,20460
Slovenská Kajňa,"[48.96881401, 21.69129749]","3633, 094 02 Slovenská Kajňa, Slovakia",Vranov nad Topľou,"[48.87744916, 21.68310752]","Toplianska 1127/17, 093 01 Vranov nad Topľou, Slovakia",18 mins,1101,18.1 km,18073
Soľ,"[48.92018102, 21.59908156]","Soľ 1094, 094 35 Soľ, Slovakia",Vranov nad Topľou,"[48.87744916, 21.68310752]","Toplianska 1127/17, 093 01 Vranov nad Topľou, Slovakia",24 mins,1422,15.1 km,15143
Štefanovce,"[48.96142617, 21.78125312]","Štefanovce 30, 094 01 Štefanovce, Slovakia",Vranov nad Topľou,"[48.87744916, 21.68310752]","Toplianska 1127/17, 093 01 Vranov nad Topľou, Slovakia",19 mins,1134,17.1 km,17089
Tovarné,"[48.91820133, 21.76429137]","Tovarné 199, 094 01 Tovarné, Slovakia",Vranov nad Topľou,"[48.87744916, 21.68310752]","Toplianska 1127/17, 093 01 Vranov nad Topľou, Slovakia",14 mins,849,11.9 km,11941
