Víťaz,"[48.97263343, 20.93237751]","Unnamed Road, 082 38 Víťaz, Slovakia",Prešov,"[48.99359254, 21.24213177]","Jarková, 080 01 Prešov, Slovakia",28 mins,1675,31.2 km,31171
Vyšná Šebastová,"[49.01945331, 21.32833078]","080 06 Vyšná Šebastová, Slovakia",Prešov,"[48.99359254, 21.24213177]","Jarková, 080 01 Prešov, Slovakia",16 mins,963,9.6 km,9618
Záborské,"[48.9470963, 21.28583286]","Záborské 4, 082 53 Záborské, Slovakia",Prešov,"[48.99359254, 21.24213177]","Jarková, 080 01 Prešov, Slovakia",18 mins,1058,10.2 km,10198
Záhradné,"[49.08525948, 21.27127371]","Zadná 7/8, 082 16 Záhradné, Slovakia",Prešov,"[48.99359254, 21.24213177]","Jarková, 080 01 Prešov, Slovakia",19 mins,1141,13.2 km,13223
Zlatá Baňa,"[48.95107057, 21.42237006]","Zlatá Baňa 152, 082 52 Zlatá Baňa, Slovakia",Prešov,"[48.99359254, 21.24213177]","Jarková, 080 01 Prešov, Slovakia",28 mins,1655,17.9 km,17932
Žehňa,"[48.91242671, 21.34496569]","Žehňa 139, 082 06 Žehňa, Slovakia",Prešov,"[48.99359254, 21.24213177]","Jarková, 080 01 Prešov, Slovakia",21 mins,1242,14.9 km,14864
Žipov,"[48.96334282, 21.0764947]","Žipov 41, 082 41 Žipov, Slovakia",Prešov,"[48.99359254, 21.24213177]","Jarková, 080 01 Prešov, Slovakia",23 mins,1406,18.0 km,18021
Župčany,"[49.00999663, 21.1527553]","Župčany 290, 080 01 Župčany, Slovakia",Prešov,"[48.99359254, 21.24213177]","Jarková, 080 01 Prešov, Slovakia",14 mins,844,8.1 km,8125
Medzany,"[49.04335689, 21.14739125]","Medzany 42, 082 21 Medzany, Slovakia",Prešov,"[48.99359254, 21.24213177]","Jarková, 080 01 Prešov, Slovakia",21 mins,1242,13.4 km,13420
Lipníky,"[49.0486742, 21.41317559]","Lipníky 197, 082 12 Lipníky, Slovakia",Prešov,"[48.99359254, 21.24213177]","Jarková, 080 01 Prešov, Slovakia",19 mins,1159,15.9 km,15892
Suchá Dolina,"[48.9183267, 21.14283741]","Suchá Dolina 48, 082 43 Suchá Dolina, Slovakia",Prešov,"[48.99359254, 21.24213177]","Jarková, 080 01 Prešov, Slovakia",29 mins,1763,22.9 km,22858
