Dolný Vadičov,"[49.27457795, 18.85403604]","023 45 Dolný Vadičov, Slovakia",Kysucké Nové Mesto,"[49.30555456, 18.79286768]","Sládkovičova 991/17, 024 04 Kysucké Nové Mesto, Slovakia",12 mins,725,8.0 km,8025
Horný Vadičov,"[49.27194788, 18.89452157]","Horný Vadičov 383, 023 45 Horný Vadičov, Slovakia",Kysucké Nové Mesto,"[49.30555456, 18.79286768]","Sládkovičova 991/17, 024 04 Kysucké Nové Mesto, Slovakia",16 mins,971,11.7 km,11743
Kysucké Nové Mesto,"[49.30555456, 18.79286768]","Sládkovičova 991/17, 024 04 Kysucké Nové Mesto, Slovakia",Kysucké Nové Mesto,"[49.30555456, 18.79286768]","Sládkovičova 991/17, 024 04 Kysucké Nové Mesto, Slovakia",1 min,0,1 m,0
Kysucký Lieskovec,"[49.34192876, 18.83000528]","Unnamed Road, 023 34 Kysucký Lieskovec, Slovakia",Kysucké Nové Mesto,"[49.30555456, 18.79286768]","Sládkovičova 991/17, 024 04 Kysucké Nové Mesto, Slovakia",10 mins,572,5.6 km,5622
Lodno,"[49.33284196, 18.8691962]","2051, 023 34 Lodno, Slovakia",Kysucké Nové Mesto,"[49.30555456, 18.79286768]","Sládkovičova 991/17, 024 04 Kysucké Nové Mesto, Slovakia",12 mins,728,8.6 km,8625
Lopušné Pažite,"[49.27937394, 18.83057242]","Lopušné Pažite 77, 023 36 Lopušné Pažite, Slovakia",Kysucké Nové Mesto,"[49.30555456, 18.79286768]","Sládkovičova 991/17, 024 04 Kysucké Nové Mesto, Slovakia",8 mins,465,5.4 km,5437
Nesluša,"[49.33752701, 18.731212]","Ostré 506, 023 41 Nesluša, Slovakia",Kysucké Nové Mesto,"[49.30555456, 18.79286768]","Sládkovičova 991/17, 024 04 Kysucké Nové Mesto, Slovakia",16 mins,966,8.9 km,8913
Ochodnica,"[49.36099855, 18.76949868]","Ochodnica 680, 023 35 Ochodnica, Slovakia",Kysucké Nové Mesto,"[49.30555456, 18.79286768]","Sládkovičova 991/17, 024 04 Kysucké Nové Mesto, Slovakia",13 mins,769,8.5 km,8513
Povina,"[49.31048925, 18.85420367]","2056, 023 33 Povina, Slovakia",Kysucké Nové Mesto,"[49.30555456, 18.79286768]","Sládkovičova 991/17, 024 04 Kysucké Nové Mesto, Slovakia",8 mins,507,5.4 km,5400
Rudina,"[49.28863275, 18.73374099]","Rudina 236, 023 31 Rudina, Slovakia",Kysucké Nové Mesto,"[49.30555456, 18.79286768]","Sládkovičova 991/17, 024 04 Kysucké Nové Mesto, Slovakia",10 mins,611,6.4 km,6431
Rudinka,"[49.27374642, 18.74394696]","Rudinka 138, 023 31 Rudinka, Slovakia",Kysucké Nové Mesto,"[49.30555456, 18.79286768]","Sládkovičova 991/17, 024 04 Kysucké Nové Mesto, Slovakia",10 mins,581,6.0 km,6047
Rudinská,"[49.32763648, 18.70315379]","2058, 023 31 Rudinská, Slovakia",Kysucké Nové Mesto,"[49.30555456, 18.79286768]","Sládkovičova 991/17, 024 04 Kysucké Nové Mesto, Slovakia",17 mins,1022,11.3 km,11293
Snežnica,"[49.26323729, 18.79394098]","Snežnica 254, 023 32 Snežnica, Slovakia",Kysucké Nové Mesto,"[49.30555456, 18.79286768]","Sládkovičova 991/17, 024 04 Kysucké Nové Mesto, Slovakia",11 mins,661,6.9 km,6890
Radoľa,"[49.28414541, 18.80075828]","2054, 023 36 Radoľa, Slovakia",Kysucké Nové Mesto,"[49.30555456, 18.79286768]","Sládkovičova 991/17, 024 04 Kysucké Nové Mesto, Slovakia",5 mins,289,2.9 km,2928
