Malé Kršteňany,"[48.6456545, 18.43657797]","Malé Kršteňany 75, 958 03 Malé Kršteňany, Slovakia",Partizánske,"[48.63566737, 18.36050345]","Topoľová 894/81, 958 04 Partizánske, Slovakia",14 mins,856,7.8 km,7829
Nadlice,"[48.6258755, 18.24604264]","Nadlice 241, 956 32 Nadlice, Slovakia",Partizánske,"[48.63566737, 18.36050345]","Topoľová 894/81, 958 04 Partizánske, Slovakia",13 mins,769,10.8 km,10768
Nedanovce,"[48.58709313, 18.29455258]","Nedanovce 3, 958 43 Nedanovce, Slovakia",Partizánske,"[48.63566737, 18.36050345]","Topoľová 894/81, 958 04 Partizánske, Slovakia",13 mins,783,8.4 km,8357
Ostratice,"[48.64922927, 18.29081107]","956 34 Ostratice, Slovakia",Partizánske,"[48.63566737, 18.36050345]","Topoľová 894/81, 958 04 Partizánske, Slovakia",12 mins,711,8.3 km,8262
Partizánske,"[48.63566737, 18.36050345]","Topoľová 894/81, 958 04 Partizánske, Slovakia",Partizánske,"[48.63566737, 18.36050345]","Topoľová 894/81, 958 04 Partizánske, Slovakia",1 min,0,1 m,0
Pažiť,"[48.62435751, 18.45010161]","64, 958 03 Pažiť, Slovakia",Partizánske,"[48.63566737, 18.36050345]","Topoľová 894/81, 958 04 Partizánske, Slovakia",11 mins,666,8.5 km,8537
Skačany,"[48.67053015, 18.38293153]","958 53 Skačany, Slovakia",Partizánske,"[48.63566737, 18.36050345]","Topoľová 894/81, 958 04 Partizánske, Slovakia",10 mins,579,6.4 km,6432
Veľké Kršteňany,"[48.66173463, 18.42643423]","Unnamed Road, 958 03 Veľké Kršteňany, Slovakia",Partizánske,"[48.63566737, 18.36050345]","Topoľová 894/81, 958 04 Partizánske, Slovakia",18 mins,1052,9.0 km,9003
Veľké Uherce,"[48.58756975, 18.45552473]","958 41 Veľké Uherce, Slovakia",Partizánske,"[48.63566737, 18.36050345]","Topoľová 894/81, 958 04 Partizánske, Slovakia",18 mins,1100,11.7 km,11717
Veľký Klíž,"[48.54067306, 18.39126453]","Unnamed Road, 958 45 Veľký Klíž, Slovakia",Partizánske,"[48.63566737, 18.36050345]","Topoľová 894/81, 958 04 Partizánske, Slovakia",35 mins,2070,21.7 km,21728
Žabokreky nad Nitrou,"[48.62551633, 18.30573109]","Žabokreky nad Nitrou 69, 958 52 Žabokreky nad Nitrou, Slovakia",Partizánske,"[48.63566737, 18.36050345]","Topoľová 894/81, 958 04 Partizánske, Slovakia",7 mins,437,5.2 km,5161
Bošany,"[48.57603689, 18.24857386]","Fándlyho 6-8, 956 18 Bošany, Slovakia",Partizánske,"[48.63566737, 18.36050345]","Topoľová 894/81, 958 04 Partizánske, Slovakia",16 mins,961,11.6 km,11637
Hradište,"[48.68797793, 18.36562089]","958 54 Hradište, Slovakia",Partizánske,"[48.63566737, 18.36050345]","Topoľová 894/81, 958 04 Partizánske, Slovakia",10 mins,610,8.7 km,8688
Chynorany,"[48.61172031, 18.27646587]","Cintorínska 34-36, 956 33 Chynorany, Slovakia",Partizánske,"[48.63566737, 18.36050345]","Topoľová 894/81, 958 04 Partizánske, Slovakia",11 mins,630,7.7 km,7735
Klátova Nová Ves,"[48.53931913, 18.31058018]","Klátova Nová Ves 570, 958 44 Klátova Nová Ves, Slovakia",Partizánske,"[48.63566737, 18.36050345]","Topoľová 894/81, 958 04 Partizánske, Slovakia",24 mins,1455,13.9 km,13871
Kolačno,"[48.57858761, 18.41487849]","Unnamed Road, 958 41 Kolačno, Slovakia",Partizánske,"[48.63566737, 18.36050345]","Topoľová 894/81, 958 04 Partizánske, Slovakia",21 mins,1282,13.1 km,13052
Livina,"[48.63983089, 18.25402801]","592, 956 32 Livina, Slovakia",Partizánske,"[48.63566737, 18.36050345]","Topoľová 894/81, 958 04 Partizánske, Slovakia",13 mins,761,11.0 km,11017
Livinské Opatovce,"[48.64444034, 18.22590244]","Unnamed Road, 956 32 Livinské Opatovce, Slovakia",Partizánske,"[48.63566737, 18.36050345]","Topoľová 894/81, 958 04 Partizánske, Slovakia",18 mins,1087,13.0 km,13036
Krásno,"[48.59737002, 18.3145114]","Krásno 142, 958 43 Krásno, Slovakia",Partizánske,"[48.63566737, 18.36050345]","Topoľová 894/81, 958 04 Partizánske, Slovakia",10 mins,595,6.3 km,6349
Turčianky,"[48.58178589, 18.32753967]","Turčianky 13, 958 44 Turčianky, Slovakia",Partizánske,"[48.63566737, 18.36050345]","Topoľová 894/81, 958 04 Partizánske, Slovakia",13 mins,766,9.1 km,9117
