Galanta,"[48.19924538, 17.72654965]","Krásna 1070/5, 924 01 Galanta, Slovakia",Galanta,"[48.19924538, 17.72654965]","Krásna 1070/5, 924 01 Galanta, Slovakia",1 min,0,1 m,0
Abrahám,"[48.24744591, 17.62066356]","1337, 925 45 Abrahám, Slovakia",Galanta,"[48.19924538, 17.72654965]","Krásna 1070/5, 924 01 Galanta, Slovakia",17 mins,1028,13.9 km,13898
Čierna Voda,"[48.12364511, 17.6400913]","1356, Čierna Voda, Slovakia",Galanta,"[48.19924538, 17.72654965]","Krásna 1070/5, 924 01 Galanta, Slovakia",18 mins,1056,12.5 km,12459
Čierny Brod,"[48.14477674, 17.65348763]","Čierny Brod 450, 925 08 Čierny Brod, Slovakia",Galanta,"[48.19924538, 17.72654965]","Krásna 1070/5, 924 01 Galanta, Slovakia",15 mins,908,9.4 km,9401
Dolné Saliby,"[48.09294697, 17.79244613]","561, 925 02 Dolné Saliby, Slovakia",Galanta,"[48.19924538, 17.72654965]","Krásna 1070/5, 924 01 Galanta, Slovakia",18 mins,1063,14.0 km,13984
Dolný Chotár,"[47.99484791, 17.85942011]","Unnamed Road, 925 41 Dolný Chotár, Slovakia",Galanta,"[48.19924538, 17.72654965]","Krásna 1070/5, 924 01 Galanta, Slovakia",32 mins,1948,27.6 km,27559
Gáň,"[48.23260044, 17.7203878]","Gáň 185, 924 01 Gáň, Slovakia",Galanta,"[48.19924538, 17.72654965]","Krásna 1070/5, 924 01 Galanta, Slovakia",7 mins,398,4.7 km,4738
Horné Saliby,"[48.1137208, 17.74691012]","925 03 Horné Saliby, Slovakia",Galanta,"[48.19924538, 17.72654965]","Krásna 1070/5, 924 01 Galanta, Slovakia",18 mins,1100,11.9 km,11905
Hoste,"[48.26117125, 17.64197427]","Hoste 43, 925 45 Hoste, Slovakia",Galanta,"[48.19924538, 17.72654965]","Krásna 1070/5, 924 01 Galanta, Slovakia",21 mins,1242,16.4 km,16350
Jánovce,"[48.18239354, 17.52818174]","925 22 Jánovce, Slovakia",Galanta,"[48.19924538, 17.72654965]","Krásna 1070/5, 924 01 Galanta, Slovakia",25 mins,1485,19.9 km,19852
Jelka,"[48.14398302, 17.51794398]","Jahodná 1288/27, 925 23 Jelka, Slovakia",Galanta,"[48.19924538, 17.72654965]","Krásna 1070/5, 924 01 Galanta, Slovakia",26 mins,1553,22.1 km,22094
Kajal,"[48.1965263, 17.79264609]","1345, 925 92 Kajal, Slovakia",Galanta,"[48.19924538, 17.72654965]","Krásna 1070/5, 924 01 Galanta, Slovakia",9 mins,558,6.7 km,6739
Košúty,"[48.173692, 17.65493368]","1336, 925 09 Košúty, Slovakia",Galanta,"[48.19924538, 17.72654965]","Krásna 1070/5, 924 01 Galanta, Slovakia",12 mins,698,7.5 km,7523
Kráľov Brod,"[48.04872443, 17.82820598]","561, Kráľov Brod, Slovakia",Galanta,"[48.19924538, 17.72654965]","Krásna 1070/5, 924 01 Galanta, Slovakia",23 mins,1385,20.1 km,20109
Mostová,"[48.13601995, 17.68787216]","Unnamed Road, 925 07 Horné Saliby, Slovakia",Galanta,"[48.19924538, 17.72654965]","Krásna 1070/5, 924 01 Galanta, Slovakia",17 mins,1031,10.2 km,10168
Pata,"[48.27942617, 17.82813957]","Mládežnicka 22-24, 925 53 Pata, Slovakia",Galanta,"[48.19924538, 17.72654965]","Krásna 1070/5, 924 01 Galanta, Slovakia",15 mins,929,15.6 km,15569
Pusté Sady,"[48.309535, 17.82325698]","Pusté Sady 36, 925 54 Pusté Sady, Slovakia",Galanta,"[48.19924538, 17.72654965]","Krásna 1070/5, 924 01 Galanta, Slovakia",18 mins,1095,19.0 km,18979
Pusté Úľany,"[48.21864271, 17.55844107]","1335, 925 28 Pusté Úľany, Slovakia",Galanta,"[48.19924538, 17.72654965]","Krásna 1070/5, 924 01 Galanta, Slovakia",19 mins,1165,16.9 km,16870
Sereď,"[48.28749919, 17.71313618]","Kasárenská 4505, 926 01 Sereď, Slovakia",Galanta,"[48.19924538, 17.72654965]","Krásna 1070/5, 924 01 Galanta, Slovakia",16 mins,933,13.1 km,13075
Sládkovičovo,"[48.2028408, 17.63042915]","Richterova 18-20, 925 21 Sládkovičovo, Slovakia",Galanta,"[48.19924538, 17.72654965]","Krásna 1070/5, 924 01 Galanta, Slovakia",14 mins,864,9.8 km,9792
