Haniska,"[48.95491916, 21.2439445]","Lemešianska 7, 080 01 Haniska, Slovakia",Prešov,"[48.99359254, 21.24213177]","Jarková, 080 01 Prešov, Slovakia",12 mins,705,5.6 km,5637
Ľubotice,"[49.00832995, 21.28292337]","Gagarinova 2123/16, 080 06 Ľubotice, Slovakia",Prešov,"[48.99359254, 21.24213177]","Jarková, 080 01 Prešov, Slovakia",11 mins,680,6.1 km,6136
Prešov,"[48.99359254, 21.24213177]","Jarková, 080 01 Prešov, Slovakia",Prešov,"[48.99359254, 21.24213177]","Jarková, 080 01 Prešov, Slovakia",1 min,0,1 m,0
Abranovce,"[48.93767178, 21.35881065]","Abranovce 125, 082 52 Abranovce, Slovakia",Prešov,"[48.99359254, 21.24213177]","Jarková, 080 01 Prešov, Slovakia",23 mins,1375,13.2 km,13193
Bajerov,"[48.9526331, 21.11274647]","3464, 082 41 Bajerov, Slovakia",Prešov,"[48.99359254, 21.24213177]","Jarková, 080 01 Prešov, Slovakia",20 mins,1192,15.6 km,15593
Bertotovce,"[49.02455863, 21.02122412]","18, 082 35 Bertotovce, Slovakia",Prešov,"[48.99359254, 21.24213177]","Jarková, 080 01 Prešov, Slovakia",17 mins,1030,18.2 km,18240
Brestov,"[48.8740828, 21.34908675]","Brestov 138, 082 05 Brestov, Slovakia",Prešov,"[48.99359254, 21.24213177]","Jarková, 080 01 Prešov, Slovakia",26 mins,1567,19.6 km,19560
Bretejovce,"[48.82692178, 21.28224314]","Bretejovce 151, 082 03 Bretejovce, Slovakia",Prešov,"[48.99359254, 21.24213177]","Jarková, 080 01 Prešov, Slovakia",22 mins,1330,21.2 km,21237
Brežany,"[48.97830733, 21.10886086]","Brežany 17, 082 41 Brežany, Slovakia",Prešov,"[48.99359254, 21.24213177]","Jarková, 080 01 Prešov, Slovakia",22 mins,1300,16.0 km,15987
Bzenov,"[48.95907582, 21.16069897]","546, 082 42 Bzenov, Slovakia",Prešov,"[48.99359254, 21.24213177]","Jarková, 080 01 Prešov, Slovakia",14 mins,866,10.4 km,10439
Čelovce,"[49.07190306, 21.40155534]","3466, Čelovce, Slovakia",Prešov,"[48.99359254, 21.24213177]","Jarková, 080 01 Prešov, Slovakia",22 mins,1317,19.3 km,19278
Červenica,"[48.89726899, 21.45565544]","3440, 082 07 Červenica, Slovakia",Prešov,"[48.99359254, 21.24213177]","Jarková, 080 01 Prešov, Slovakia",36 mins,2166,25.0 km,25047
Demjata,"[49.11212, 21.31939404]","545, 082 13 Demjata, Slovakia",Prešov,"[48.99359254, 21.24213177]","Jarková, 080 01 Prešov, Slovakia",23 mins,1370,18.8 km,18832
Drienov,"[48.8810476, 21.28461765]","Pod dvorom 23, 082 04 Drienov, Slovakia",Prešov,"[48.99359254, 21.24213177]","Jarková, 080 01 Prešov, Slovakia",21 mins,1287,15.0 km,15027
Drienovská Nová Ves,"[48.9027376, 21.23474446]","Drienovská Nová Ves 105, 082 01 Drienovská Nová Ves, Slovakia",Prešov,"[48.99359254, 21.24213177]","Jarková, 080 01 Prešov, Slovakia",19 mins,1146,12.6 km,12596
Dulova Ves,"[48.95117136, 21.30792042]","Dulova Ves 40, 082 52 Dulova Ves, Slovakia",Prešov,"[48.99359254, 21.24213177]","Jarková, 080 01 Prešov, Slovakia",15 mins,905,8.5 km,8505
Fintice,"[49.05711818, 21.27341239]","Unnamed Road, 082 16 Fintice, Slovakia",Prešov,"[48.99359254, 21.24213177]","Jarková, 080 01 Prešov, Slovakia",17 mins,1037,9.9 km,9928
Fričovce,"[49.01494367, 20.9661096]","Fričovce 159, 082 37 Fričovce, Slovakia",Prešov,"[48.99359254, 21.24213177]","Jarková, 080 01 Prešov, Slovakia",22 mins,1308,27.9 km,27931
Fulianka,"[49.06658882, 21.3283062]","Fulianka 94, 082 12 Fulianka, Slovakia",Prešov,"[48.99359254, 21.24213177]","Jarková, 080 01 Prešov, Slovakia",18 mins,1103,14.1 km,14086
Geraltov,"[49.14285383, 21.26306517]","082 67 Geraltov, Slovakia",Prešov,"[48.99359254, 21.24213177]","Jarková, 080 01 Prešov, Slovakia",29 mins,1713,22.2 km,22159
