Dlhé Klčovo,"[48.81365293, 21.73674253]","Dlhá 101-103, 094 13 Dlhé Klčovo, Slovakia",Vranov nad Topľou,"[48.87744916, 21.68310752]","Toplianska 1127/17, 093 01 Vranov nad Topľou, Slovakia",12 mins,697,11.0 km,10982
Ďurďoš,"[49.05200208, 21.52639682]","556, 094 31 Ďurďoš, Slovakia",Vranov nad Topľou,"[48.87744916, 21.68310752]","Toplianska 1127/17, 093 01 Vranov nad Topľou, Slovakia",25 mins,1490,25.7 km,25741
Giglovce,"[49.00201776, 21.7331389]","3629, 094 05 Giglovce, Slovakia",Vranov nad Topľou,"[48.87744916, 21.68310752]","Toplianska 1127/17, 093 01 Vranov nad Topľou, Slovakia",23 mins,1378,22.8 km,22763
Girovce,"[49.01791938, 21.75767169]","Girovce 33, 094 06 Girovce, Slovakia",Vranov nad Topľou,"[48.87744916, 21.68310752]","Toplianska 1127/17, 093 01 Vranov nad Topľou, Slovakia",25 mins,1483,24.0 km,24019
Hanušovce nad Topľou,"[49.01883624, 21.48912193]","Sadová 621/7, 094 31 Hanušovce nad Topľou, Slovakia",Vranov nad Topľou,"[48.87744916, 21.68310752]","Toplianska 1127/17, 093 01 Vranov nad Topľou, Slovakia",26 mins,1556,25.1 km,25080
Hermanovce nad Topľou,"[48.9699314, 21.49235542]","Hermanovce nad Topľou 204, 094 34 Hermanovce nad Topľou, Slovakia",Vranov nad Topľou,"[48.87744916, 21.68310752]","Toplianska 1127/17, 093 01 Vranov nad Topľou, Slovakia",31 mins,1874,25.2 km,25188
Hlinné,"[48.95090202, 21.55941012]","Unnamed Road, 094 35 Hlinné, Slovakia",Vranov nad Topľou,"[48.87744916, 21.68310752]","Toplianska 1127/17, 093 01 Vranov nad Topľou, Slovakia",17 mins,993,13.9 km,13892
Hencovce,"[48.87061112, 21.72936762]","Mládežnícka 2142/24, 093 02 Hencovce, Slovakia",Vranov nad Topľou,"[48.87744916, 21.68310752]","Toplianska 1127/17, 093 01 Vranov nad Topľou, Slovakia",7 mins,419,5.7 km,5728
