Ivachnová,"[49.08719063, 19.40771592]","034 83 Ivachnová, Slovakia",Ružomberok,"[49.03868816, 19.26556857]","Dolina Šepková, 034 03 Ružomberok, Slovakia",21 mins,1273,15.4 km,15359
Turík,"[49.11806556, 19.37223111]","Unnamed Road, 034 83 Turík, Slovakia",Ružomberok,"[49.03868816, 19.26556857]","Dolina Šepková, 034 03 Ružomberok, Slovakia",30 mins,1804,18.3 km,18305
Bešeňová,"[49.11295742, 19.44256828]","2213, 034 83 Bešeňová, Slovakia",Ružomberok,"[49.03868816, 19.26556857]","Dolina Šepková, 034 03 Ružomberok, Slovakia",25 mins,1490,20.5 km,20506
Hubová,"[49.09993433, 19.19478005]","Unnamed Road, 034 91 Hubová, Slovakia",Ružomberok,"[49.03868816, 19.26556857]","Dolina Šepková, 034 03 Ružomberok, Slovakia",29 mins,1763,22.7 km,22739
Kalameny,"[49.14739691, 19.41595602]","Unnamed Road, 034 82 Kalameny, Slovakia",Ružomberok,"[49.03868816, 19.26556857]","Dolina Šepková, 034 03 Ružomberok, Slovakia",37 mins,2236,22.9 km,22913
Komjatná,"[49.14198311, 19.24696772]","Komjatná 450, 034 96 Komjatná, Slovakia",Ružomberok,"[49.03868816, 19.26556857]","Dolina Šepková, 034 03 Ružomberok, Slovakia",29 mins,1741,21.9 km,21855
Likavka,"[49.10914555, 19.30787374]","034 95 Likavka, Slovakia",Ružomberok,"[49.03868816, 19.26556857]","Dolina Šepková, 034 03 Ružomberok, Slovakia",22 mins,1294,13.1 km,13116
Liptovská Lúžna,"[48.92765215, 19.32562687]","Liptovská Lúžna 781, 034 72 Liptovská Lúžna, Slovakia",Ružomberok,"[49.03868816, 19.26556857]","Dolina Šepková, 034 03 Ružomberok, Slovakia",24 mins,1419,18.0 km,17972
Liptovská Osada,"[48.92476392, 19.25897866]","E77, 034 73 Liptovská Osada, Slovakia",Ružomberok,"[49.03868816, 19.26556857]","Dolina Šepková, 034 03 Ružomberok, Slovakia",17 mins,999,14.9 km,14870
Liptovská Štiavnica,"[49.01643982, 19.3487549]","Unnamed Road, 034 01 Liptovská Štiavnica, Slovakia",Ružomberok,"[49.03868816, 19.26556857]","Dolina Šepková, 034 03 Ružomberok, Slovakia",26 mins,1560,16.0 km,16048
Liptovská Teplá,"[49.1152604, 19.41859263]","034 82 Lúčky, Slovakia",Ružomberok,"[49.03868816, 19.26556857]","Dolina Šepková, 034 03 Ružomberok, Slovakia",27 mins,1624,20.0 km,19971
Liptovské Revúce,"[48.91637352, 19.16570231]","Vyšná Revúca 750, 034 74 Liptovské Revúce, Slovakia",Ružomberok,"[49.03868816, 19.26556857]","Dolina Šepková, 034 03 Ružomberok, Slovakia",25 mins,1482,20.7 km,20721
Liptovský Michal,"[49.09079446, 19.43427115]","18, 034 83 Liptovský Michal, Slovakia",Ružomberok,"[49.03868816, 19.26556857]","Dolina Šepková, 034 03 Ružomberok, Slovakia",23 mins,1350,18.5 km,18509
Lisková,"[49.09960629, 19.35479848]","Unnamed Road, 034 81 Lisková, Slovakia",Ružomberok,"[49.03868816, 19.26556857]","Dolina Šepková, 034 03 Ružomberok, Slovakia",23 mins,1368,14.3 km,14314
Ľubochňa,"[49.02970394, 19.15629297]","Unnamed Road, 034 91 Ľubochňa, Slovakia",Ružomberok,"[49.03868816, 19.26556857]","Dolina Šepková, 034 03 Ružomberok, Slovakia",48 mins,2869,35.0 km,34960
Lúčky,"[49.14808154, 19.38149402]","Unnamed Road, 034 82 Lúčky, Slovakia",Ružomberok,"[49.03868816, 19.26556857]","Dolina Šepková, 034 03 Ružomberok, Slovakia",43 mins,2597,27.6 km,27618
Ludrová,"[49.05168065, 19.32791202]","Ludrová, Slovakia",Ružomberok,"[49.03868816, 19.26556857]","Dolina Šepková, 034 03 Ružomberok, Slovakia",19 mins,1164,12.3 km,12343
Martinček,"[49.10332766, 19.33113217]","Unnamed Road, 034 95 Likavka, Slovakia",Ružomberok,"[49.03868816, 19.26556857]","Dolina Šepková, 034 03 Ružomberok, Slovakia",24 mins,1413,13.9 km,13901
Potok,"[49.11376984, 19.45288235]","2218, 034 83 Potok, Slovakia",Ružomberok,"[49.03868816, 19.26556857]","Dolina Šepková, 034 03 Ružomberok, Slovakia",26 mins,1561,20.6 km,20620
Ružomberok,"[49.03868816, 19.26556857]","Dolina Šepková, 034 03 Ružomberok, Slovakia",Ružomberok,"[49.03868816, 19.26556857]","Dolina Šepková, 034 03 Ružomberok, Slovakia",1 min,0,1 m,0
