Banská Bystrica,"[48.73629814, 19.12777878]","Nad plážou 3023/32, 974 01 Banská Bystrica, Slovakia",Banská Bystrica,"[48.73629814, 19.12777878]","Nad plážou 3023/32, 974 01 Banská Bystrica, Slovakia",1 min,0,1 m,0
Badín,"[48.67542354, 19.08811602]","Badín, Slovakia",Banská Bystrica,"[48.73629814, 19.12777878]","Nad plážou 3023/32, 974 01 Banská Bystrica, Slovakia",19 mins,1123,14.5 km,14535
Baláže,"[48.82843395, 19.19214284]","Baláže 49, 976 11 Baláže, Slovakia",Banská Bystrica,"[48.73629814, 19.12777878]","Nad plážou 3023/32, 974 01 Banská Bystrica, Slovakia",28 mins,1678,18.6 km,18619
Čerín,"[48.66584618, 19.2524403]","Čačín 10, 974 01 Čerín, Slovakia",Banská Bystrica,"[48.73629814, 19.12777878]","Nad plážou 3023/32, 974 01 Banská Bystrica, Slovakia",22 mins,1326,18.0 km,18018
Dolná Mičiná,"[48.6724525, 19.21307435]","Dolná Mičiná 106, 974 01 Dolná Mičiná, Slovakia",Banská Bystrica,"[48.73629814, 19.12777878]","Nad plážou 3023/32, 974 01 Banská Bystrica, Slovakia",19 mins,1125,14.0 km,14012
Dolný Harmanec,"[48.83069632, 19.03644153]","976 03 Dolný Harmanec, Slovakia",Banská Bystrica,"[48.73629814, 19.12777878]","Nad plážou 3023/32, 974 01 Banská Bystrica, Slovakia",18 mins,1066,15.7 km,15669
Donovaly,"[48.87375651, 19.23205339]","Donovaly, Slovakia",Banská Bystrica,"[48.73629814, 19.12777878]","Nad plážou 3023/32, 974 01 Banská Bystrica, Slovakia",30 mins,1797,26.9 km,26935
Dúbravica,"[48.67782794, 19.29407303]","Unnamed Road, 976 33 Dúbravica, Slovakia",Banská Bystrica,"[48.73629814, 19.12777878]","Nad plážou 3023/32, 974 01 Banská Bystrica, Slovakia",30 mins,1783,22.2 km,22187
Harmanec,"[48.78605754, 19.06657149]","Unnamed Road, 976 03 Harmanec, Slovakia",Banská Bystrica,"[48.73629814, 19.12777878]","Nad plážou 3023/32, 974 01 Banská Bystrica, Slovakia",14 mins,865,11.7 km,11701
Hiadeľ,"[48.8302833, 19.31157531]","Unnamed Road, 976 61 Hiadeľ, Slovakia",Banská Bystrica,"[48.73629814, 19.12777878]","Nad plážou 3023/32, 974 01 Banská Bystrica, Slovakia",27 mins,1591,25.2 km,25156
Horná Mičiná,"[48.70049864, 19.19713232]","974 01 Horná Mičiná, Slovakia",Banská Bystrica,"[48.73629814, 19.12777878]","Nad plážou 3023/32, 974 01 Banská Bystrica, Slovakia",22 mins,1327,12.4 km,12379
Horné Pršany,"[48.69937512, 19.07092658]","Unnamed Road, 974 05 Horné Pršany, Slovakia",Banská Bystrica,"[48.73629814, 19.12777878]","Nad plážou 3023/32, 974 01 Banská Bystrica, Slovakia",23 mins,1363,11.4 km,11353
Hrochoť,"[48.66263456, 19.37199049]","Unnamed Road, 976 37 Hrochoť, Slovakia",Banská Bystrica,"[48.73629814, 19.12777878]","Nad plážou 3023/32, 974 01 Banská Bystrica, Slovakia",37 mins,2230,28.8 km,28784
Brusno,"[48.78022855, 19.3890535]","976 62 Brusno, Slovakia",Banská Bystrica,"[48.73629814, 19.12777878]","Nad plážou 3023/32, 974 01 Banská Bystrica, Slovakia",25 mins,1493,24.6 km,24640
Kordíky,"[48.77300131, 19.02864904]","578, 976 34 Kordíky, Slovakia",Banská Bystrica,"[48.73629814, 19.12777878]","Nad plážou 3023/32, 974 01 Banská Bystrica, Slovakia",14 mins,826,9.7 km,9699
Králiky,"[48.73424856, 19.02920665]","2434, 976 34 Králiky, Slovakia",Banská Bystrica,"[48.73629814, 19.12777878]","Nad plážou 3023/32, 974 01 Banská Bystrica, Slovakia",14 mins,839,9.3 km,9254
Ľubietová,"[48.73429408, 19.42232131]","Unnamed Road, 976 55 Ľubietová, Slovakia",Banská Bystrica,"[48.73629814, 19.12777878]","Nad plážou 3023/32, 974 01 Banská Bystrica, Slovakia",33 mins,1978,28.8 km,28843
Lučatín,"[48.77902275, 19.32404166]","66, 976 61 Lučatín, Slovakia",Banská Bystrica,"[48.73629814, 19.12777878]","Nad plážou 3023/32, 974 01 Banská Bystrica, Slovakia",15 mins,907,17.7 km,17686
Medzibrod,"[48.80200523, 19.34642294]","Unnamed Road, 976 96 Medzibrod, Slovakia",Banská Bystrica,"[48.73629814, 19.12777878]","Nad plážou 3023/32, 974 01 Banská Bystrica, Slovakia",22 mins,1331,21.8 km,21797
Môlča,"[48.7132894, 19.23053562]","2421, 974 01 Môlča, Slovakia",Banská Bystrica,"[48.73629814, 19.12777878]","Nad plážou 3023/32, 974 01 Banská Bystrica, Slovakia",18 mins,1073,12.6 km,12609
