Lemešany,"[48.84519, 21.26687799]","Lemešany 333, 082 03 Lemešany, Slovakia",Prešov,"[48.99359254, 21.24213177]","Jarková, 080 01 Prešov, Slovakia",20 mins,1204,19.1 km,19100
Lesíček,"[48.92620244, 21.39273108]","Lesíček 35, 082 07 Lesíček, Slovakia",Prešov,"[48.99359254, 21.24213177]","Jarková, 080 01 Prešov, Slovakia",27 mins,1633,19.5 km,19478
Ličartovce,"[48.8836643, 21.22779439]","Ličartovce 583, 082 03 Ličartovce, Slovakia",Prešov,"[48.99359254, 21.24213177]","Jarková, 080 01 Prešov, Slovakia",32 mins,1895,17.3 km,17286
Lipovce,"[49.06132089, 20.93425207]","3421, 082 36 Lipovce, Slovakia",Prešov,"[48.99359254, 21.24213177]","Jarková, 080 01 Prešov, Slovakia",30 mins,1816,29.5 km,29488
Ľubovec,"[48.89946572, 21.17792296]","Ruské Pekľany 53, 082 42 Ľubovec, Slovakia",Prešov,"[48.99359254, 21.24213177]","Jarková, 080 01 Prešov, Slovakia",26 mins,1566,19.7 km,19670
Lúčina,"[48.89449908, 21.4277956]","3448, Tuhrina, Slovakia",Prešov,"[48.99359254, 21.24213177]","Jarková, 080 01 Prešov, Slovakia",33 mins,1961,24.3 km,24271
Malý Slivník,"[49.12021711, 21.26364745]","3452, 082 67 Malý Slivník, Slovakia",Prešov,"[48.99359254, 21.24213177]","Jarková, 080 01 Prešov, Slovakia",25 mins,1474,20.3 km,20323
Malý Šariš,"[49.01582468, 21.17865585]","Malý Šariš 524, 080 01 Malý Šariš, Slovakia",Prešov,"[48.99359254, 21.24213177]","Jarková, 080 01 Prešov, Slovakia",13 mins,777,6.9 km,6896
Miklušovce,"[48.91435041, 21.07249901]","Miklušovce 87, 082 44 Miklušovce, Slovakia",Prešov,"[48.99359254, 21.24213177]","Jarková, 080 01 Prešov, Slovakia",34 mins,2067,27.9 km,27914
Mirkovce,"[48.89418976, 21.32929194]","3438, 082 06 Mirkovce, Slovakia",Prešov,"[48.99359254, 21.24213177]","Jarková, 080 01 Prešov, Slovakia",21 mins,1230,15.6 km,15555
Mošurov,"[49.12348054, 21.24859757]","082 67 Mošurov, Slovakia",Prešov,"[48.99359254, 21.24213177]","Jarková, 080 01 Prešov, Slovakia",25 mins,1488,19.7 km,19691
Nemcovce,"[49.05639645, 21.38118424]","Nemcovce 134, 082 12 Nemcovce, Slovakia",Prešov,"[48.99359254, 21.24213177]","Jarková, 080 01 Prešov, Slovakia",20 mins,1176,15.0 km,14956
Okružná,"[49.01401758, 21.38578507]","Okružná 40, 082 12 Okružná, Slovakia",Prešov,"[48.99359254, 21.24213177]","Jarková, 080 01 Prešov, Slovakia",22 mins,1327,15.2 km,15225
Ondrašovce,"[48.98318072, 21.08417939]","Ondrašovce 10, 082 33 Ondrašovce, Slovakia",Prešov,"[48.99359254, 21.24213177]","Jarková, 080 01 Prešov, Slovakia",18 mins,1079,16.0 km,16013
Ovčie,"[48.96674576, 20.9819468]","Ovčie 148, 082 38 Ovčie, Slovakia",Prešov,"[48.99359254, 21.24213177]","Jarková, 080 01 Prešov, Slovakia",29 mins,1718,32.6 km,32632
Petrovany,"[48.92334089, 21.27381507]","Petrovany 350, 082 53 Petrovany, Slovakia",Prešov,"[48.99359254, 21.24213177]","Jarková, 080 01 Prešov, Slovakia",15 mins,924,9.5 km,9515
Podhorany,"[49.08607817, 21.35116054]","Podhorany 51, 082 12 Podhorany, Slovakia",Prešov,"[48.99359254, 21.24213177]","Jarková, 080 01 Prešov, Slovakia",20 mins,1215,15.7 km,15689
Podhradík,"[48.99717034, 21.37093387]","080 06 Podhradík, Slovakia",Prešov,"[48.99359254, 21.24213177]","Jarková, 080 01 Prešov, Slovakia",25 mins,1506,13.2 km,13230
Proč,"[49.10198229, 21.39276622]","082 14 Proč, Slovakia",Prešov,"[48.99359254, 21.24213177]","Jarková, 080 01 Prešov, Slovakia",28 mins,1676,19.7 km,19666
Pušovce,"[49.09124271, 21.42097407]","3456, 082 14 Pušovce, Slovakia",Prešov,"[48.99359254, 21.24213177]","Jarková, 080 01 Prešov, Slovakia",25 mins,1470,22.0 km,21960
