Baldovce,"[48.99043626, 20.71440353]","Baldovce 25, 053 04 Baldovce, Slovakia",Levoča,"[49.02674618, 20.58521992]","Potočná 11, 054 01 Levoča, Slovakia",19 mins,1112,18.3 km,18254
Beharovce,"[49.00654544, 20.81875716]","3261, 053 05 Beharovce, Slovakia",Levoča,"[49.02674618, 20.58521992]","Potočná 11, 054 01 Levoča, Slovakia",18 mins,1060,22.9 km,22876
Bijacovce,"[49.04053424, 20.81231569]","3216, 053 06 Bijacovce, Slovakia",Levoča,"[49.02674618, 20.58521992]","Potočná 11, 054 01 Levoča, Slovakia",23 mins,1387,24.7 km,24708
Brutovce,"[49.08981509, 20.79074414]","3214, 053 73 Brutovce, Slovakia",Levoča,"[49.02674618, 20.58521992]","Potočná 11, 054 01 Levoča, Slovakia",30 mins,1786,26.0 km,26049
Buglovce,"[48.9842839, 20.69341749]","Buglovce 50, 053 04 Buglovce, Slovakia",Levoča,"[49.02674618, 20.58521992]","Potočná 11, 054 01 Levoča, Slovakia",19 mins,1131,17.9 km,17859
Dlhé Stráže,"[49.0278668, 20.52103038]","Dlhé Stráže 48, 054 01 Dlhé Stráže, Slovakia",Levoča,"[49.02674618, 20.58521992]","Potočná 11, 054 01 Levoča, Slovakia",10 mins,616,7.5 km,7501
Doľany,"[49.02251702, 20.6479484]","Roškovce 53, 053 02 Doľany, Slovakia",Levoča,"[49.02674618, 20.58521992]","Potočná 11, 054 01 Levoča, Slovakia",13 mins,797,8.7 km,8730
Domaňovce,"[48.96945914, 20.65171358]","Unnamed Road, 053 02 Domaňovce, Slovakia",Levoča,"[49.02674618, 20.58521992]","Potočná 11, 054 01 Levoča, Slovakia",19 mins,1120,15.2 km,15245
Dravce,"[49.02531551, 20.49250974]","3221, 053 14 Dravce, Slovakia",Levoča,"[49.02674618, 20.58521992]","Potočná 11, 054 01 Levoča, Slovakia",13 mins,809,10.5 km,10492
Dúbrava,"[48.98419674, 20.85613549]","Dúbrava 45, 053 05 Dúbrava, Slovakia",Levoča,"[49.02674618, 20.58521992]","Potočná 11, 054 01 Levoča, Slovakia",24 mins,1440,28.5 km,28457
Granč-Petrovce,"[48.99667588, 20.8062315]","Zadná ulica 97/14, 053 05 Granč - Petrovce, Slovakia",Levoča,"[49.02674618, 20.58521992]","Potočná 11, 054 01 Levoča, Slovakia",20 mins,1203,21.7 km,21737
Harakovce,"[48.99876098, 20.84582262]","3219, 053 05 Harakovce, Slovakia",Levoča,"[49.02674618, 20.58521992]","Potočná 11, 054 01 Levoča, Slovakia",22 mins,1303,26.6 km,26625
Vyšné Repaše,"[49.06755491, 20.68649652]","Vyšné Repaše 9, 053 71 Vyšné Repaše, Slovakia",Levoča,"[49.02674618, 20.58521992]","Potočná 11, 054 01 Levoča, Slovakia",18 mins,1059,13.7 km,13732
Vyšný Slavkov,"[49.06573895, 20.87025393]","Unnamed Road, 053 73 Vyšný Slavkov, Slovakia",Levoča,"[49.02674618, 20.58521992]","Potočná 11, 054 01 Levoča, Slovakia",36 mins,2189,32.4 km,32404
Jablonov,"[49.0311681, 20.69875516]","Unnamed Road, 053 03 Jablonov, Slovakia",Levoča,"[49.02674618, 20.58521992]","Potočná 11, 054 01 Levoča, Slovakia",24 mins,1467,20.2 km,20161
Klčov,"[49.01013033, 20.66791223]","E50, 053 02, Slovakia",Levoča,"[49.02674618, 20.58521992]","Potočná 11, 054 01 Levoča, Slovakia",10 mins,576,10.4 km,10442
Kurimany,"[49.00078845, 20.53809723]","Kurimany 72, 054 01 Kurimany, Slovakia",Levoča,"[49.02674618, 20.58521992]","Potočná 11, 054 01 Levoča, Slovakia",10 mins,610,6.5 km,6480
Levoča,"[49.02674618, 20.58521992]","Potočná 11, 054 01 Levoča, Slovakia",Levoča,"[49.02674618, 20.58521992]","Potočná 11, 054 01 Levoča, Slovakia",1 min,0,1 m,0
Lúčka,"[49.04168757, 20.73276245]","053 03 Lúčka, Slovakia",Levoča,"[49.02674618, 20.58521992]","Potočná 11, 054 01 Levoča, Slovakia",23 mins,1391,20.3 km,20315
Nemešany,"[49.0092138, 20.68360714]","E50, Slovakia",Levoča,"[49.02674618, 20.58521992]","Potočná 11, 054 01 Levoča, Slovakia",10 mins,610,11.6 km,11587
