Radatice,"[48.93454052, 21.19409887]","Radatice 28, 082 42 Radatice, Slovakia",Prešov,"[48.99359254, 21.24213177]","Jarková, 080 01 Prešov, Slovakia",21 mins,1267,15.0 km,15003
Rokycany,"[48.96003842, 21.13749429]","Rokycany 117, 082 41 Rokycany, Slovakia",Prešov,"[48.99359254, 21.24213177]","Jarková, 080 01 Prešov, Slovakia",18 mins,1061,13.0 km,12964
Ruská Nová Ves,"[48.97951279, 21.34297834]","080 05 Ruská Nová Ves, Slovakia",Prešov,"[48.99359254, 21.24213177]","Jarková, 080 01 Prešov, Slovakia",19 mins,1126,9.7 km,9742
Sedlice,"[48.91704506, 21.11005343]","3462, 082 43 Sedlice, Slovakia",Prešov,"[48.99359254, 21.24213177]","Jarková, 080 01 Prešov, Slovakia",32 mins,1923,25.3 km,25325
Seniakovce,"[48.81836636, 21.2932055]","20, 082 03 Seniakovce, Slovakia",Prešov,"[48.99359254, 21.24213177]","Jarková, 080 01 Prešov, Slovakia",22 mins,1338,22.5 km,22468
Svinia,"[49.02342873, 21.11036694]","3428, 082 32 Svinia, Slovakia",Prešov,"[48.99359254, 21.24213177]","Jarková, 080 01 Prešov, Slovakia",15 mins,908,11.5 km,11511
Šarišská Poruba,"[49.03521738, 21.3963872]","Šarišská Poruba 155, 082 12 Šarišská Poruba, Slovakia",Prešov,"[48.99359254, 21.24213177]","Jarková, 080 01 Prešov, Slovakia",20 mins,1195,14.8 km,14812
Šarišská Trstená,"[49.08339473, 21.38618201]","Šarišská Trstená 1, 082 14 Šarišská Trstená, Slovakia",Prešov,"[48.99359254, 21.24213177]","Jarková, 080 01 Prešov, Slovakia",24 mins,1423,17.8 km,17800
Šarišské Bohdanovce,"[48.84983917, 21.31899904]","Šarišské Bohdanovce 38, 082 05 Šarišské Bohdanovce, Slovakia",Prešov,"[48.99359254, 21.24213177]","Jarková, 080 01 Prešov, Slovakia",24 mins,1440,23.2 km,23230
Šindliar,"[49.03454291, 20.92457922]","Unnamed Road, 082 36 Šindliar, Slovakia",Prešov,"[48.99359254, 21.24213177]","Jarková, 080 01 Prešov, Slovakia",31 mins,1859,27.7 km,27709
Široké,"[49.00313627, 20.9193479]","Unnamed Road, 082 37 Široké, Slovakia",Prešov,"[48.99359254, 21.24213177]","Jarková, 080 01 Prešov, Slovakia",25 mins,1503,28.5 km,28506
Štefanovce,"[49.03930639, 20.97265701]","Štefanovce 75, 082 35 Štefanovce, Slovakia",Prešov,"[48.99359254, 21.24213177]","Jarková, 080 01 Prešov, Slovakia",25 mins,1486,23.1 km,23101
Teriakovce,"[48.9914376, 21.31603476]","Teriakovce 109, 080 05 Teriakovce, Slovakia",Prešov,"[48.99359254, 21.24213177]","Jarková, 080 01 Prešov, Slovakia",14 mins,857,7.4 km,7417
Terňa,"[49.13259474, 21.21381879]","Hradisko 49, 082 67 Terňa, Slovakia",Prešov,"[48.99359254, 21.24213177]","Jarková, 080 01 Prešov, Slovakia",30 mins,1792,20.7 km,20740
Trnkov,"[49.03228301, 21.361084]","3434, 082 12 Trnkov, Slovakia",Prešov,"[48.99359254, 21.24213177]","Jarková, 080 01 Prešov, Slovakia",18 mins,1075,13.3 km,13268
Tuhrina,"[48.90292391, 21.40555077]","Tuhrina 40, 082 07 Tuhrina, Slovakia",Prešov,"[48.99359254, 21.24213177]","Jarková, 080 01 Prešov, Slovakia",28 mins,1692,20.8 km,20826
Tulčík,"[49.08401666, 21.31390011]","545, 082 13 Tulčík, Slovakia",Prešov,"[48.99359254, 21.24213177]","Jarková, 080 01 Prešov, Slovakia",18 mins,1084,15.6 km,15626
Varhaňovce,"[48.85387326, 21.36218669]","Varhaňovce 72, 082 05 Varhaňovce, Slovakia",Prešov,"[48.99359254, 21.24213177]","Jarková, 080 01 Prešov, Slovakia",28 mins,1685,27.0 km,26953
Veľký Slivník,"[49.11169689, 21.28194725]","3452, 082 67 Veľký Slivník, Slovakia",Prešov,"[48.99359254, 21.24213177]","Jarková, 080 01 Prešov, Slovakia",24 mins,1416,20.9 km,20873
Veľký Šariš,"[49.04532788, 21.20362973]","Staničná 3-4, 082 21 Veľký Šariš, Slovakia",Prešov,"[48.99359254, 21.24213177]","Jarková, 080 01 Prešov, Slovakia",13 mins,770,8.1 km,8069
