Stará Halič,"[48.37508403, 19.5630904]","2665, Stará Halič, Slovakia",Lučenec,"[48.33158133, 19.67191408]","Alojza Jiráska, 984 01 Lučenec, Slovakia",15 mins,909,11.1 km,11128
Šávoľ,"[48.31230794, 19.84000443]","Unnamed Road, 985 41 Šávoľ, Slovakia",Lučenec,"[48.33158133, 19.67191408]","Alojza Jiráska, 984 01 Lučenec, Slovakia",23 mins,1356,19.0 km,19038
Šiatorská Bukovinka,"[48.17997016, 19.83058184]","Bukovinka 151, 985 58 Šiatorská Bukovinka, Slovakia",Lučenec,"[48.33158133, 19.67191408]","Alojza Jiráska, 984 01 Lučenec, Slovakia",26 mins,1587,27.4 km,27392
Šíd,"[48.27164158, 19.88018268]","2676, 986 01 Šíd, Slovakia",Lučenec,"[48.33158133, 19.67191408]","Alojza Jiráska, 984 01 Lučenec, Slovakia",22 mins,1312,20.8 km,20796
Šurice,"[48.22393985, 19.91345021]","Šurice 71, 980 33 Šurice, Slovakia",Lučenec,"[48.33158133, 19.67191408]","Alojza Jiráska, 984 01 Lučenec, Slovakia",30 mins,1822,27.3 km,27326
Točnica,"[48.41045369, 19.64512164]","Točnica 105, 985 22 Točnica, Slovakia",Lučenec,"[48.33158133, 19.67191408]","Alojza Jiráska, 984 01 Lučenec, Slovakia",11 mins,656,11.3 km,11341
Tomášovce,"[48.36937842, 19.62054638]","Školská 19, 985 56 Tomášovce, Slovakia",Lučenec,"[48.33158133, 19.67191408]","Alojza Jiráska, 984 01 Lučenec, Slovakia",9 mins,534,8.4 km,8403
Trebeľovce,"[48.27661796, 19.72669594]","2656, 985 31 Trebeľovce, Slovakia",Lučenec,"[48.33158133, 19.67191408]","Alojza Jiráska, 984 01 Lučenec, Slovakia",13 mins,789,11.2 km,11189
Tuhár,"[48.42744156, 19.49078304]","2632, 985 12 Tuhár, Slovakia",Lučenec,"[48.33158133, 19.67191408]","Alojza Jiráska, 984 01 Lučenec, Slovakia",26 mins,1564,26.1 km,26076
Veľká nad Ipľom,"[48.26545316, 19.59538555]","Unnamed Road, 985 32 Veľká nad Ipľom, Slovakia",Lučenec,"[48.33158133, 19.67191408]","Alojza Jiráska, 984 01 Lučenec, Slovakia",18 mins,1094,11.3 km,11280
Veľké Dravce,"[48.32950512, 19.83223576]","Unnamed Road, 985 41 Buzitka, Slovakia",Lučenec,"[48.33158133, 19.67191408]","Alojza Jiráska, 984 01 Lučenec, Slovakia",19 mins,1148,18.5 km,18460
Vidiná,"[48.36364805, 19.65721378]","Zelená 26, 985 59 Vidiná, Slovakia",Lučenec,"[48.33158133, 19.67191408]","Alojza Jiráska, 984 01 Lučenec, Slovakia",7 mins,394,4.8 km,4795
Biskupice,"[48.24388985, 19.82778713]","Unnamed Road, 986 01 Biskupice, Slovakia",Lučenec,"[48.33158133, 19.67191408]","Alojza Jiráska, 984 01 Lučenec, Slovakia",19 mins,1120,19.1 km,19122
Gregorova Vieska,"[48.38697352, 19.57727558]","Gregorova Vieska 7, 985 56 Gregorova Vieska, Slovakia",Lučenec,"[48.33158133, 19.67191408]","Alojza Jiráska, 984 01 Lučenec, Slovakia",17 mins,1047,12.8 km,12819
Trenč,"[48.23722716, 19.56504157]","Šára 120, 985 32 Trenč, Slovakia",Lučenec,"[48.33158133, 19.67191408]","Alojza Jiráska, 984 01 Lučenec, Slovakia",21 mins,1283,14.6 km,14569
Bulhary,"[48.29526798, 19.85658668]","986 01 Bulhary, Slovakia",Lučenec,"[48.33158133, 19.67191408]","Alojza Jiráska, 984 01 Lučenec, Slovakia",22 mins,1339,20.6 km,20641
Mikušovce,"[48.29789816, 19.68438191]","Mikušovce 115, 984 01 Mikušovce, Slovakia",Lučenec,"[48.33158133, 19.67191408]","Alojza Jiráska, 984 01 Lučenec, Slovakia",8 mins,479,4.6 km,4576
