Lovinobaňa,"[48.43571622, 19.59666884]","Školská 79/9, 985 54 Lovinobaňa, Slovakia",Lučenec,"[48.33158133, 19.67191408]","Alojza Jiráska, 984 01 Lučenec, Slovakia",14 mins,835,14.6 km,14572
Ľuboreč,"[48.32228663, 19.5023027]","Unnamed Road, 985 11 Ľuboreč, Slovakia",Lučenec,"[48.33158133, 19.67191408]","Alojza Jiráska, 984 01 Lučenec, Slovakia",19 mins,1156,17.5 km,17522
Lupoč,"[48.36551281, 19.53173032]","Lupoč 39, 985 11 Lupoč, Slovakia",Lučenec,"[48.33158133, 19.67191408]","Alojza Jiráska, 984 01 Lučenec, Slovakia",17 mins,1043,12.5 km,12515
Mašková,"[48.32401094, 19.55575898]","985 11 Mašková, Slovakia",Lučenec,"[48.33158133, 19.67191408]","Alojza Jiráska, 984 01 Lučenec, Slovakia",14 mins,812,11.3 km,11294
Mučín,"[48.24166723, 19.70381264]","Malátnová 13-15, 985 31 Mučín, Slovakia",Lučenec,"[48.33158133, 19.67191408]","Alojza Jiráska, 984 01 Lučenec, Slovakia",13 mins,786,11.1 km,11131
Mýtna,"[48.49343467, 19.52621056]","Unnamed Road, 985 53 Mýtna, Slovakia",Lučenec,"[48.33158133, 19.67191408]","Alojza Jiráska, 984 01 Lučenec, Slovakia",50 mins,3009,38.8 km,38840
Nitra nad Ipľom,"[48.32463404, 19.7784428]","Unnamed Road, 985 57 Nitra nad Ipľom, Slovakia",Lučenec,"[48.33158133, 19.67191408]","Alojza Jiráska, 984 01 Lučenec, Slovakia",14 mins,816,11.4 km,11369
Nové Hony,"[48.37120923, 19.82033182]","2669, 985 42 Nové Hony, Slovakia",Lučenec,"[48.33158133, 19.67191408]","Alojza Jiráska, 984 01 Lučenec, Slovakia",14 mins,824,14.3 km,14260
Panické Dravce,"[48.28865029, 19.6467888]","985 32 Panické Dravce, Slovakia",Lučenec,"[48.33158133, 19.67191408]","Alojza Jiráska, 984 01 Lučenec, Slovakia",10 mins,599,6.4 km,6396
Píla,"[48.48974491, 19.49136338]","Píla 116, 985 53 Píla, Slovakia",Lučenec,"[48.33158133, 19.67191408]","Alojza Jiráska, 984 01 Lučenec, Slovakia",22 mins,1322,25.0 km,24980
Pinciná,"[48.36436626, 19.76446088]","Pinciná 135, 984 01 Pinciná, Slovakia",Lučenec,"[48.33158133, 19.67191408]","Alojza Jiráska, 984 01 Lučenec, Slovakia",9 mins,532,8.3 km,8346
Pleš,"[48.232348, 19.74793678]","2653, 985 31 Pleš, Slovakia",Lučenec,"[48.33158133, 19.67191408]","Alojza Jiráska, 984 01 Lučenec, Slovakia",16 mins,972,14.8 km,14769
Podrečany,"[48.40084199, 19.59315836]","2664, 985 54 Gregorova Vieska, Slovakia",Lučenec,"[48.33158133, 19.67191408]","Alojza Jiráska, 984 01 Lučenec, Slovakia",12 mins,727,12.5 km,12460
Polichno,"[48.40288727, 19.48974599]","2661, 985 13 Polichno, Slovakia",Lučenec,"[48.33158133, 19.67191408]","Alojza Jiráska, 984 01 Lučenec, Slovakia",21 mins,1254,17.2 km,17227
Praha,"[48.37419468, 19.49783766]","Unnamed Road, 985 11 Praha, Slovakia",Lučenec,"[48.33158133, 19.67191408]","Alojza Jiráska, 984 01 Lučenec, Slovakia",27 mins,1616,17.2 km,17220
Prša,"[48.30031472, 19.79051165]","Prša 19, 985 41 Prša, Slovakia",Lučenec,"[48.33158133, 19.67191408]","Alojza Jiráska, 984 01 Lučenec, Slovakia",13 mins,791,13.6 km,13571
Radzovce,"[48.20673956, 19.8530831]","Cerovo 217, 985 58 Radzovce, Slovakia",Lučenec,"[48.33158133, 19.67191408]","Alojza Jiráska, 984 01 Lučenec, Slovakia",28 mins,1673,25.0 km,24999
Rapovce,"[48.26824807, 19.68561365]","Zelená 49/17, 985 31 Rapovce, Slovakia",Lučenec,"[48.33158133, 19.67191408]","Alojza Jiráska, 984 01 Lučenec, Slovakia",10 mins,576,7.7 km,7712
Ratka,"[48.25031571, 19.7761452]","Ratka 127, 986 01 Ratka, Slovakia",Lučenec,"[48.33158133, 19.67191408]","Alojza Jiráska, 984 01 Lučenec, Slovakia",22 mins,1306,19.8 km,19844
Ružiná,"[48.42731934, 19.54888372]","Ružiná 71, 985 52 Ružiná, Slovakia",Lučenec,"[48.33158133, 19.67191408]","Alojza Jiráska, 984 01 Lučenec, Slovakia",19 mins,1114,17.1 km,17064
