Lučenec,"[48.33158133, 19.67191408]","Alojza Jiráska, 984 01 Lučenec, Slovakia",Lučenec,"[48.33158133, 19.67191408]","Alojza Jiráska, 984 01 Lučenec, Slovakia",1 min,0,1 m,0
Ábelová,"[48.42604456, 19.41691169]","Ábelová 36, 985 13 Ábelová, Slovakia",Lučenec,"[48.33158133, 19.67191408]","Alojza Jiráska, 984 01 Lučenec, Slovakia",41 mins,2470,31.7 km,31669
Belina,"[48.23552884, 19.8526596]","Unnamed Road, 986 01 Belina, Slovakia",Lučenec,"[48.33158133, 19.67191408]","Alojza Jiráska, 984 01 Lučenec, Slovakia",25 mins,1495,21.5 km,21542
Boľkovce,"[48.33905687, 19.74245831]","984 01 Boľkovce, Slovakia",Lučenec,"[48.33158133, 19.67191408]","Alojza Jiráska, 984 01 Lučenec, Slovakia",10 mins,579,7.9 km,7883
Budiná,"[48.46784425, 19.45085588]","Budiná 114, 985 12 Budiná, Slovakia",Lučenec,"[48.33158133, 19.67191408]","Alojza Jiráska, 984 01 Lučenec, Slovakia",33 mins,1968,31.6 km,31649
Buzitka,"[48.32864249, 19.80890012]","Unnamed Road, 985 41 Buzitka, Slovakia",Lučenec,"[48.33158133, 19.67191408]","Alojza Jiráska, 984 01 Lučenec, Slovakia",18 mins,1101,17.6 km,17563
Čakanovce,"[48.21218671, 19.78885283]","Galamba 356, 985 58 Čakanovce, Slovakia",Lučenec,"[48.33158133, 19.67191408]","Alojza Jiráska, 984 01 Lučenec, Slovakia",30 mins,1796,25.9 km,25889
Čamovce,"[48.23610968, 19.88593512]","Unnamed Road, 986 01 Čamovce, Slovakia",Lučenec,"[48.33158133, 19.67191408]","Alojza Jiráska, 984 01 Lučenec, Slovakia",31 mins,1839,24.9 km,24905
Divín,"[48.45737402, 19.51489397]","Unnamed Road, 985 52 Divín, Slovakia",Lučenec,"[48.33158133, 19.67191408]","Alojza Jiráska, 984 01 Lučenec, Slovakia",25 mins,1478,23.2 km,23151
Dobroč,"[48.50358103, 19.55650369]","Unnamed Road, 985 53 Dobroč, Slovakia",Lučenec,"[48.33158133, 19.67191408]","Alojza Jiráska, 984 01 Lučenec, Slovakia",56 mins,3382,40.3 km,40344
Kotmanová,"[48.49911568, 19.58676471]","Unnamed Road, 985 53 Kotmanová, Slovakia",Lučenec,"[48.33158133, 19.67191408]","Alojza Jiráska, 984 01 Lučenec, Slovakia",23 mins,1388,22.1 km,22121
Fiľakovo,"[48.26756185, 19.81916191]","29. augusta 6-8, 986 01 Fiľakovo, Slovakia",Lučenec,"[48.33158133, 19.67191408]","Alojza Jiráska, 984 01 Lučenec, Slovakia",17 mins,995,16.5 km,16472
Fiľakovské Kováče,"[48.28506443, 19.77650141]","Unnamed Road, 986 01 Fiľakovské Kováče, Slovakia",Lučenec,"[48.33158133, 19.67191408]","Alojza Jiráska, 984 01 Lučenec, Slovakia",12 mins,749,12.0 km,11973
Halič,"[48.31994809, 19.58755666]","Unnamed Road, 985 11 Mašková, Slovakia",Lučenec,"[48.33158133, 19.67191408]","Alojza Jiráska, 984 01 Lučenec, Slovakia",16 mins,952,12.4 km,12406
Holiša,"[48.31487759, 19.74436118]","Unnamed Road, 985 57 Holiša, Slovakia",Lučenec,"[48.33158133, 19.67191408]","Alojza Jiráska, 984 01 Lučenec, Slovakia",12 mins,698,10.1 km,10124
Jelšovec,"[48.28814456, 19.59319792]","Unnamed Road, 985 32 Jelšovec, Slovakia",Lučenec,"[48.33158133, 19.67191408]","Alojza Jiráska, 984 01 Lučenec, Slovakia",18 mins,1066,12.6 km,12637
Kalonda,"[48.25392193, 19.65598487]","Unnamed Road, 985 31 Kalonda, Slovakia",Lučenec,"[48.33158133, 19.67191408]","Alojza Jiráska, 984 01 Lučenec, Slovakia",14 mins,847,10.8 km,10765
Lehôtka,"[48.33973217, 19.5386983]","Lehôtka 62, 985 11 Lehôtka, Slovakia",Lučenec,"[48.33158133, 19.67191408]","Alojza Jiráska, 984 01 Lučenec, Slovakia",14 mins,817,11.3 km,11306
Lentvora,"[48.36965765, 19.4563451]","Lentvora 11, 985 13 Lentvora, Slovakia",Lučenec,"[48.33158133, 19.67191408]","Alojza Jiráska, 984 01 Lučenec, Slovakia",37 mins,2196,28.3 km,28332
Lipovany,"[48.21682042, 19.70288569]","Lipovany 124, 985 31 Lipovany, Slovakia",Lučenec,"[48.33158133, 19.67191408]","Alojza Jiráska, 984 01 Lučenec, Slovakia",17 mins,1019,14.3 km,14344
