<?xml version="1.0" encoding="UTF-8"?>
<project-private xmlns="http://www.netbeans.org/ns/project-private/1">
    <editor-bookmarks xmlns="http://www.netbeans.org/ns/editor-bookmarks/1"/>
    <open-files xmlns="http://www.netbeans.org/ns/projectui-open-files/1">
        <file>file:/home/vbmacher/dev/specific/Matej%20Garaj/TraceAnalyzer/src/flowanalyzer/Flow.java</file>
        <file>file:/home/vbmacher/dev/specific/Matej%20Garaj/TraceAnalyzer/src/flowanalyzer/FlowLexer.java</file>
        <file>file:/home/vbmacher/dev/specific/Matej%20Garaj/TraceAnalyzer/src/flowanalyzer/FlowToken.java</file>
        <file>file:/home/vbmacher/dev/specific/Matej%20Garaj/TraceAnalyzer/src/flowanalyzer/gui/MainFrame.java</file>
    </open-files>
</project-private>
